{"First Times":{"Medium":{"raw":3629.0,"perc":56.289747169226004,"total":6447.0},"Strong":{"raw":1734.0,"perc":26.896230805025596,"total":6447.0},"Extreme":{"raw":231.0,"perc":3.5830618892508146,"total":6447.0},"No Effect":{"raw":62.0,"perc":0.96168760663874664,"total":6447.0}},"General":{"Medium":{"raw":5195.0,"perc":56.204695445201772,"total":9243.0},"Strong":{"raw":2280.0,"perc":24.667315806556314,"total":9243.0},"No Effect":{"raw":202.0,"perc":2.1854376284756034,"total":9243.0},"Extreme":{"raw":223.0,"perc":2.41263658985178,"total":9243.0}},"Difficult Experiences":{"Strong":{"raw":1839.0,"perc":50.438837081733411,"total":3646.0},"Medium":{"raw":1206.0,"perc":33.077345035655512,"total":3646.0},"Extreme":{"raw":485.0,"perc":13.302249040043884,"total":3646.0},"No Effect":{"raw":4.0,"perc":0.10970927043335163,"total":3646.0}},"Nature / Outdoors":{"Strong":{"raw":230.0,"perc":30.183727034120732,"total":762.0},"Medium":{"raw":481.0,"perc":63.123359580052494,"total":762.0},"Extreme":{"raw":19.0,"perc":2.4934383202099739,"total":762.0},"No Effect":{"raw":2.0,"perc":0.26246719160104987,"total":762.0}},"Music Discussion":{"Medium":{"raw":598.0,"perc":60.649087221095336,"total":986.0},"Strong":{"raw":310.0,"perc":31.440162271805271,"total":986.0},"Extreme":{"raw":37.0,"perc":3.7525354969574036,"total":986.0}},"Glowing Experiences":{"Medium":{"raw":2089.0,"perc":61.171303074670568,"total":3415.0},"Strong":{"raw":1063.0,"perc":31.127379209370424,"total":3415.0},"Extreme":{"raw":75.0,"perc":2.1961932650073206,"total":3415.0},"No Effect":{"raw":1.0,"perc":0.029282576866764276,"total":3415.0}},"Post Trip Problems":{"Strong":{"raw":297.0,"perc":31.329113924050635,"total":948.0},"Medium":{"raw":393.0,"perc":41.455696202531641,"total":948.0},"Extreme":{"raw":206.0,"perc":21.729957805907173,"total":948.0},"No Effect":{"raw":5.0,"perc":0.52742616033755274,"total":948.0}},"Mystical Experiences":{"Strong":{"raw":740.0,"perc":52.631578947368418,"total":1406.0},"Medium":{"raw":494.0,"perc":35.135135135135137,"total":1406.0},"Extreme":{"raw":157.0,"perc":11.16642958748222,"total":1406.0}},"Train Wrecks & Trip Disasters":{"Strong":{"raw":258.0,"perc":29.054054054054053,"total":888.0},"Medium":{"raw":209.0,"perc":23.536036036036037,"total":888.0},"Extreme":{"raw":395.0,"perc":44.481981981981981,"total":888.0},"No Effect":{"raw":7.0,"perc":0.78828828828828823,"total":888.0}},"Retrospective / Summary":{"Medium":{"raw":2258.0,"perc":62.067069818581629,"total":3638.0},"Strong":{"raw":566.0,"perc":15.557998900494777,"total":3638.0},"No Effect":{"raw":37.0,"perc":1.0170423309510721,"total":3638.0},"Extreme":{"raw":87.0,"perc":2.3914238592633317,"total":3638.0}},"Addiction & Habituation":{"Medium":{"raw":956.0,"perc":60.930528999362657,"total":1569.0},"Strong":{"raw":325.0,"perc":20.7138304652645,"total":1569.0},"Extreme":{"raw":89.0,"perc":5.6724028043339709,"total":1569.0},"No Effect":{"raw":6.0,"perc":0.38240917782026768,"total":1569.0}},"Health Problems":{"Medium":{"raw":972.0,"perc":44.322845417236664,"total":2193.0},"Strong":{"raw":619.0,"perc":28.226174190606475,"total":2193.0},"Extreme":{"raw":411.0,"perc":18.741450068399455,"total":2193.0},"No Effect":{"raw":12.0,"perc":0.54719562243502051,"total":2193.0}},"Multi-Day Experience":{"Medium":{"raw":265.0,"perc":42.332268370607032,"total":626.0},"Strong":{"raw":224.0,"perc":35.782747603833862,"total":626.0},"Extreme":{"raw":89.0,"perc":14.217252396166133,"total":626.0},"No Effect":{"raw":5.0,"perc":0.79872204472843444,"total":626.0}},"Sex Discussion":{"Medium":{"raw":418.0,"perc":62.388059701492537,"total":670.0},"Strong":{"raw":145.0,"perc":21.641791044776117,"total":670.0},"Extreme":{"raw":17.0,"perc":2.5373134328358207,"total":670.0}},"Preparation / Recipes":{"No Effect":{"raw":31.0,"perc":3.0815109343936382,"total":1006.0},"Medium":{"raw":579.0,"perc":57.554671968190853,"total":1006.0},"Extreme":{"raw":20.0,"perc":1.9880715705765408,"total":1006.0},"Strong":{"raw":135.0,"perc":13.419483101391649,"total":1006.0}},"Overdose":{"Medium":{"raw":175.0,"perc":19.273127753303964,"total":908.0},"Strong":{"raw":348.0,"perc":38.325991189427313,"total":908.0},"Extreme":{"raw":377.0,"perc":41.519823788546255,"total":908.0},"No Effect":{"raw":1.0,"perc":0.11013215859030838,"total":908.0}},"Bad Trips":{"Strong":{"raw":638.0,"perc":49.572649572649574,"total":1287.0},"Medium":{"raw":296.0,"perc":22.999222999222997,"total":1287.0},"Extreme":{"raw":341.0,"perc":26.495726495726498,"total":1287.0}},"Depression":{"Medium":{"raw":353.0,"perc":52.2189349112426,"total":676.0},"Strong":{"raw":179.0,"perc":26.479289940828405,"total":676.0},"Extreme":{"raw":43.0,"perc":6.3609467455621305,"total":676.0},"No Effect":{"raw":1.0,"perc":0.14792899408284024,"total":676.0}},"Entities / Beings":{"Medium":{"raw":435.0,"perc":31.844802342606148,"total":1366.0},"Strong":{"raw":718.0,"perc":52.562225475841871,"total":1366.0},"Extreme":{"raw":187.0,"perc":13.689604685212299,"total":1366.0}},"What Was in That?":{"Medium":{"raw":110.0,"perc":42.1455938697318,"total":261.0},"Strong":{"raw":103.0,"perc":39.463601532567047,"total":261.0},"No Effect":{"raw":7.0,"perc":2.6819923371647509,"total":261.0},"Extreme":{"raw":20.0,"perc":7.6628352490421454,"total":261.0}},"Second Hand Report":{"Medium":{"raw":103.0,"perc":36.654804270462634,"total":281.0},"No Effect":{"raw":10.0,"perc":3.5587188612099649,"total":281.0},"Extreme":{"raw":85.0,"perc":30.2491103202847,"total":281.0},"Strong":{"raw":65.0,"perc":23.131672597864767,"total":281.0}},"Guides / Sitters":{"Extreme":{"raw":71.0,"perc":16.136363636363637,"total":440.0},"Medium":{"raw":153.0,"perc":34.772727272727273,"total":440.0},"Strong":{"raw":210.0,"perc":47.727272727272727,"total":440.0},"No Effect":{"raw":1.0,"perc":0.22727272727272727,"total":440.0}},"Cultivation / Synthesis":{"Medium":{"raw":27.0,"perc":64.285714285714292,"total":42.0},"No Effect":{"raw":4.0,"perc":9.5238095238095237,"total":42.0},"Strong":{"raw":3.0,"perc":7.1428571428571423,"total":42.0},"Extreme":{"raw":1.0,"perc":2.3809523809523809,"total":42.0}},"Hangover / Days After":{"Medium":{"raw":700.0,"perc":47.522063815342833,"total":1473.0},"Strong":{"raw":539.0,"perc":36.591989137813982,"total":1473.0},"Extreme":{"raw":134.0,"perc":9.0970807875084869,"total":1473.0},"No Effect":{"raw":1.0,"perc":0.0678886625933469,"total":1473.0}},"Health Benefits":{"Medium":{"raw":438.0,"perc":59.269282814614343,"total":739.0},"Strong":{"raw":84.0,"perc":11.366711772665765,"total":739.0},"Extreme":{"raw":7.0,"perc":0.94722598105548039,"total":739.0},"No Effect":{"raw":3.0,"perc":0.40595399188092013,"total":739.0}},"Poetry":{"Medium":{"raw":60.0,"perc":68.181818181818173,"total":88.0},"Extreme":{"raw":4.0,"perc":4.5454545454545459,"total":88.0},"Strong":{"raw":19.0,"perc":21.59090909090909,"total":88.0}},"Loss of Magic":{"Medium":{"raw":75.0,"perc":75.757575757575751,"total":99.0},"Strong":{"raw":13.0,"perc":13.131313131313133,"total":99.0},"Extreme":{"raw":2.0,"perc":2.0202020202020203,"total":99.0}},"Families":{"Medium":{"raw":106.0,"perc":44.725738396624472,"total":237.0},"Strong":{"raw":82.0,"perc":34.599156118143462,"total":237.0},"Extreme":{"raw":37.0,"perc":15.611814345991562,"total":237.0},"No Effect":{"raw":3.0,"perc":1.2658227848101267,"total":237.0}},"HPPD / Lasting Visuals":{"Medium":{"raw":93.0,"perc":47.448979591836739,"total":196.0},"Strong":{"raw":61.0,"perc":31.122448979591837,"total":196.0},"Extreme":{"raw":30.0,"perc":15.306122448979592,"total":196.0}},"Relationships":{"Medium":{"raw":358.0,"perc":53.115727002967361,"total":674.0},"Strong":{"raw":234.0,"perc":34.718100890207715,"total":674.0},"Extreme":{"raw":53.0,"perc":7.8635014836795243,"total":674.0},"No Effect":{"raw":1.0,"perc":0.14836795252225521,"total":674.0}},"Pregnancy / Baby":{"Medium":{"raw":5.0,"perc":38.461538461538467,"total":13.0},"Strong":{"raw":3.0,"perc":23.076923076923077,"total":13.0},"Extreme":{"raw":4.0,"perc":30.76923076923077,"total":13.0}},