{"First Times":{"raw":6447.0,"perc":25.372899366366248,"total":25409.0},"General":{"raw":9243.0,"perc":36.376874335865246,"total":25409.0},"Difficult Experiences":{"raw":3646.0,"perc":14.349246330040538,"total":25409.0},"Nature / Outdoors":{"raw":762.0,"perc":2.9989373843913576,"total":25409.0},"Music Discussion":{"raw":986.0,"perc":3.880514778228187,"total":25409.0},"Glowing Experiences":{"raw":3415.0,"perc":13.440119642646305,"total":25409.0},"Post Trip Problems":{"raw":948.0,"perc":3.7309614703451532,"total":25409.0},"Retrospective / Summary":{"raw":3638.0,"perc":14.317761423117792,"total":25409.0},"Mystical Experiences":{"raw":1406.0,"perc":5.5334723916722419,"total":25409.0},"Train Wrecks & Trip Disasters":{"raw":888.0,"perc":3.4948246684245738,"total":25409.0},"Addiction & Habituation":{"raw":1569.0,"perc":6.1749773702231492,"total":25409.0},"Health Problems":{"raw":2193.0,"perc":8.6308001101971747,"total":25409.0},"Multi-Day Experience":{"raw":626.0,"perc":2.4636939667047111,"total":25409.0},"Sex Discussion":{"raw":670.0,"perc":2.6368609547798023,"total":25409.0},"Preparation / Recipes":{"raw":1006.0,"perc":3.9592270455350462,"total":25409.0},"Overdose":{"raw":908.0,"perc":3.5735369357314339,"total":25409.0},"Bad Trips":{"raw":1287.0,"perc":5.0651344011964268,"total":25409.0},"Depression":{"raw":676.0,"perc":2.66047463497186,"total":25409.0},"Entities / Beings":{"raw":1366.0,"perc":5.3760478570585226,"total":25409.0},"What Was in That?":{"raw":261.0,"perc":1.02719508835452,"total":25409.0},"Health Benefits":{"raw":739.0,"perc":2.9084182769884688,"total":25409.0},"Second Hand Report":{"raw":281.0,"perc":1.1059073556613797,"total":25409.0},"Guides / Sitters":{"raw":440.0,"perc":1.7316698807509152,"total":25409.0},"Cultivation / Synthesis":{"raw":42.0,"perc":0.16529576134440555,"total":25409.0},"Hangover / Days After":{"raw":1473.0,"perc":5.797158487150222,"total":25409.0},"Poetry":{"raw":88.0,"perc":0.346333976150183,"total":25409.0},"Loss of Magic":{"raw":99.0,"perc":0.38962572316895588,"total":25409.0},"Families":{"raw":237.0,"perc":0.93274036758628831,"total":25409.0},"HPPD / Lasting Visuals":{"raw":196.0,"perc":0.7713802196072258,"total":25409.0},"Relationships":{"raw":674.0,"perc":2.6526034082411742,"total":25409.0},"Pregnancy / Baby":{"raw":13.0,"perc":0.05116297374945885,"total":25409.0},"Personal Preparation":{"raw":202.0,"perc":0.79499389979928381,"total":25409.0},"Medical Use":{"raw":708.0,"perc":2.7864142626628357,"total":25409.0},"Therapeutic Intent or Outcome":{"raw":481.0,"perc":1.8930300287299775,"total":25409.0},"Performance Enhancement":{"raw":120.0,"perc":0.47227360384115863,"total":25409.0},"Video":{"raw":2.0,"perc":0.0078712267306859773,"total":25409.0}}