{"Not-Specified":{"First Times":{"raw":304.0,"perc":17.736289381563594,"total":1714.0},"General":{"raw":748.0,"perc":43.64060676779463,"total":1714.0},"Difficult Experiences":{"raw":189.0,"perc":11.02683780630105,"total":1714.0},"Nature / Outdoors":{"raw":30.0,"perc":1.7502917152858808,"total":1714.0},"Glowing Experiences":{"raw":134.0,"perc":7.8179696616102685,"total":1714.0},"Post Trip Problems":{"raw":46.0,"perc":2.6837806301050176,"total":1714.0},"Retrospective / Summary":{"raw":267.0,"perc":15.577596266044342,"total":1714.0},"Train Wrecks & Trip Disasters":{"raw":49.0,"perc":2.8588098016336057,"total":1714.0},"Multi-Day Experience":{"raw":29.0,"perc":1.691948658109685,"total":1714.0},"Health Problems":{"raw":154.0,"perc":8.98483080513419,"total":1714.0},"Addiction & Habituation":{"raw":105.0,"perc":6.1260210035005835,"total":1714.0},"Mystical Experiences":{"raw":77.0,"perc":4.4924154025670946,"total":1714.0},"Preparation / Recipes":{"raw":106.0,"perc":6.18436406067678,"total":1714.0},"Overdose":{"raw":58.0,"perc":3.38389731621937,"total":1714.0},"Bad Trips":{"raw":79.0,"perc":4.6091015169194867,"total":1714.0},"Depression":{"raw":22.0,"perc":1.2835472578763127,"total":1714.0},"Sex Discussion":{"raw":27.0,"perc":1.5752625437572929,"total":1714.0},"Entities / Beings":{"raw":73.0,"perc":4.2590431738623105,"total":1714.0},"What Was in That?":{"raw":25.0,"perc":1.4585764294049008,"total":1714.0},"Music Discussion":{"raw":27.0,"perc":1.5752625437572929,"total":1714.0},"Cultivation / Synthesis":{"raw":11.0,"perc":0.64177362893815637,"total":1714.0},"Guides / Sitters":{"raw":21.0,"perc":1.2252042007001167,"total":1714.0},"Second Hand Report":{"raw":23.0,"perc":1.3418903150525088,"total":1714.0},"HPPD / Lasting Visuals":{"raw":4.0,"perc":0.23337222870478411,"total":1714.0},"Health Benefits":{"raw":35.0,"perc":2.0420070011668612,"total":1714.0},"Poetry":{"raw":9.0,"perc":0.5250875145857643,"total":1714.0},"Hangover / Days After":{"raw":52.0,"perc":3.0338389731621938,"total":1714.0},"Families":{"raw":15.0,"perc":0.87514585764294039,"total":1714.0},"Loss of Magic":{"raw":6.0,"perc":0.3500583430571762,"total":1714.0},"Medical Use":{"raw":25.0,"perc":1.4585764294049008,"total":1714.0},"Relationships":{"raw":20.0,"perc":1.1668611435239207,"total":1714.0},"Therapeutic Intent or Outcome":{"raw":19.0,"perc":1.1085180863477246,"total":1714.0},"Pregnancy / Baby":{"raw":1.0,"perc":0.058343057176196027,"total":1714.0},"Personal Preparation":{"raw":4.0,"perc":0.23337222870478411,"total":1714.0},"Performance Enhancement":{"raw":2.0,"perc":0.11668611435239205,"total":1714.0}},"Male":{"General":{"raw":7531.0,"perc":37.193796918214147,"total":20248.0},"Music Discussion":{"raw":848.0,"perc":4.1880679573291193,"total":20248.0},"Nature / Outdoors":{"raw":649.0,"perc":3.205254839984196,"total":20248.0},"First Times":{"raw":5258.0,"perc":25.967996839193997,"total":20248.0},"Glowing Experiences":{"raw":2816.0,"perc":13.907546424338207,"total":20248.0},"Mystical Experiences":{"raw":1189.0,"perc":5.8721849071513237,"total":20248.0},"Retrospective / Summary":{"raw":2830.0,"perc":13.976689055709207,"total":20248.0},"Addiction & Habituation":{"raw":1069.0,"perc":5.2795337811141838,"total":20248.0},"Health Problems":{"raw":1564.0,"perc":7.724219676017384,"total":20248.0},"Train Wrecks & Trip Disasters":{"raw":660.0,"perc":3.2595811932042666,"total":20248.0},"Overdose":{"raw":647.0,"perc":3.1953773212169105,"total":20248.0},"Preparation / Recipes":{"raw":840.0,"perc":4.1485578822599765,"total":20248.0},"Difficult Experiences":{"raw":2847.0,"perc":14.060647965231135,"total":20248.0},"Sex Discussion":{"raw":499.0,"perc":2.4644409324377716,"total":20248.0},"Bad Trips":{"raw":937.0,"perc":4.627617542473331,"total":20248.0},"Guides / Sitters":{"raw":337.0,"perc":1.6643619122876332,"total":20248.0},"Multi-Day Experience":{"raw":512.0,"perc":2.5286448044251282,"total":20248.0},"What Was in That?":{"raw":180.0,"perc":0.88897668905570915,"total":20248.0},"Post Trip Problems":{"raw":698.0,"perc":3.4472540497826949,"total":20248.0},"Entities / Beings":{"raw":1174.0,"perc":5.7981035163966812,"total":20248.0},"Hangover / Days After":{"raw":1151.0,"perc":5.6845120505728959,"total":20248.0},"Cultivation / Synthesis":{"raw":29.0,"perc":0.14322402212564203,"total":20248.0},"Second Hand Report":{"raw":183.0,"perc":0.90379296720663771,"total":20248.0},"Health Benefits":{"raw":584.0,"perc":2.8842354800474124,"total":20248.0},"Depression":{"raw":485.0,"perc":2.3952983010667719,"total":20248.0},"Families":{"raw":179.0,"perc":0.8840379296720664,"total":20248.0},"HPPD / Lasting Visuals":{"raw":171.0,"perc":0.84452785460292379,"total":20248.0},"Relationships":{"raw":497.0,"perc":2.4545634136704861,"total":20248.0},"Poetry":{"raw":63.0,"perc":0.31114184116949822,"total":20248.0},"Pregnancy / Baby":{"raw":3.0,"perc":0.014816278150928487,"total":20248.0},"Loss of Magic":{"raw":67.0,"perc":0.33089687870406953,"total":20248.0},"Personal Preparation":{"raw":171.0,"perc":0.84452785460292379,"total":20248.0},"Medical Use":{"raw":509.0,"perc":2.5138285262742,"total":20248.0},"Performance Enhancement":{"raw":102.0,"perc":0.50375345713156849,"total":20248.0},"Therapeutic Intent or Outcome":{"raw":384.0,"perc":1.8964836033188464,"total":20248.0},"Video":{"raw":2.0,"perc":0.0098775187672856569,"total":20248.0}},"Female":{"First Times":{"raw":872.0,"perc":25.967837998808811,"total":3358.0},"Health Problems":{"raw":464.0,"perc":13.817748659916617,"total":3358.0},"Post Trip Problems":{"raw":198.0,"perc":5.8963668850506252,"total":3358.0},"Sex Discussion":{"raw":143.0,"perc":4.2584871947587848,"total":3358.0},"General":{"raw":947.0,"perc":28.201310303752237,"total":3358.0},"Addiction & Habituation":{"raw":390.0,"perc":11.614055985705777,"total":3358.0},"Retrospective / Summary":{"raw":540.0,"perc":16.081000595592617,"total":3358.0},"Nature / Outdoors":{"raw":82.0,"perc":2.4419297200714714,"total":3358.0},"Bad Trips":{"raw":251.0,"perc":7.4746873138773084,"total":3358.0},"Mystical Experiences":{"raw":135.0,"perc":4.0202501488981541,"total":3358.0},"Train Wrecks & Trip Disasters":{"raw":154.0,"perc":4.5860631328171531,"total":3358.0},"Difficult Experiences":{"raw":585.0,"perc":17.421083978558666,"total":3358.0},"Health Benefits":{"raw":120.0,"perc":3.57355568790947,"total":3358.0},"Depression":{"raw":169.0,"perc":5.0327575938058366,"total":3358.0},"Second Hand Report":{"raw":73.0,"perc":2.1739130434782608,"total":3358.0},"Overdose":{"raw":167.0,"perc":4.9731983323406785,"total":3358.0},"Glowing Experiences":{"raw":457.0,"perc":13.609291244788565,"total":3358.0},"What Was in That?":{"raw":53.0,"perc":1.5783204288266826,"total":3358.0},"Entities / Beings":{"raw":110.0,"perc":3.2757593805836809,"total":3358.0},"Multi-Day Experience":{"raw":83.0,"perc":2.47170935080405,"total":3358.0},"Poetry":{"raw":16.0,"perc":0.4764740917212627,"total":3358.0},"Loss of Magic":{"raw":26.0,"perc":0.77427039904705186,"total":3358.0},"Music Discussion":{"raw":105.0,"perc":3.1268612269207861,"total":3358.0},"Preparation / Recipes":{"raw":58.0,"perc":1.7272185824895772,"total":3358.0},"Families":{"raw":43.0,"perc":1.2805241215008933,"total":3358.0},"Guides / Sitters":{"raw":82.0,"perc":2.4419297200714714,"total":3358.0},"Pregnancy / Baby":{"raw":9.0,"perc":0.26801667659321021,"total":3358.0},"HPPD / Lasting Visuals":{"raw":18.0,"perc":0.53603335318642042,"total":3358.0},"Hangover / Days After":{"raw":261.0,"perc":7.7724836212030972,"total":3358.0},"Relationships":{"raw":157.0,"perc":4.67540202501489,"total":3358.0},"Cultivation / Synthesis":{"raw":2.0,"perc":0.059559261465157838,"total":3358.0},"Medical Use":{"raw":173.0,"perc":5.151876116736152,"total":3358.0},"Personal Preparation":{"raw":27.0,"perc":0.80405002977963069,"total":3358.0},"Therapeutic Intent or Outcome":{"raw":76.0,"perc":2.2632519356759975,"total":3358.0},"Performance Enhancement":{"raw":16.0,"perc":0.4764740917212627,"total":3358.0}}}