{"Strong":{"Drug Testing":{"raw":7.0,"perc":0.10292604028819291,"total":6801.0},"Sleep Deprivation":{"raw":27.0,"perc":0.39700044111160121,"total":6801.0},"Dreams":{"raw":31.0,"perc":0.45581532127628288,"total":6801.0},"Police / Customs":{"raw":30.0,"perc":0.4411116012351125,"total":6801.0},"Ritual":{"raw":12.0,"perc":0.17644464049404499,"total":6801.0},"Yoga / Bodywork":{"raw":13.0,"perc":0.19114836053521542,"total":6801.0},"Breathing":{"raw":10.0,"perc":0.14703720041170415,"total":6801.0},"Hyperventilation":{"raw":3.0,"perc":0.044111160123511246,"total":6801.0},"OBE":{"raw":25.0,"perc":0.3675930010292604,"total":6801.0},"Meditation":{"raw":26.0,"perc":0.38229672107043083,"total":6801.0},"Devices":{"raw":7.0,"perc":0.10292604028819291,"total":6801.0},"Devices - Mind Machine":{"raw":5.0,"perc":0.073518600205852075,"total":6801.0},"Fasting":{"raw":5.0,"perc":0.073518600205852075,"total":6801.0},"Sweating":{"raw":3.0,"perc":0.044111160123511246,"total":6801.0},"Endogenous":{"raw":6.0,"perc":0.088222320247022493,"total":6801.0},"Chanting":{"raw":1.0,"perc":0.014703720041170416,"total":6801.0},"Floatation Tank":{"raw":1.0,"perc":0.014703720041170416,"total":6801.0},"Migraines":{"raw":6.0,"perc":0.088222320247022493,"total":6801.0},"Conferences":{"raw":4.0,"perc":0.058814880164681664,"total":6801.0},"Humor":{"raw":2.0,"perc":0.029407440082340832,"total":6801.0},"Nitrogen Narcosis":{"raw":1.0,"perc":0.014703720041170416,"total":6801.0},"Music":{"raw":1.0,"perc":0.014703720041170416,"total":6801.0},"Mindfulness":{"raw":2.0,"perc":0.029407440082340832,"total":6801.0}},"Medium":{"Sleep Deprivation":{"raw":28.0,"perc":0.20909566126502874,"total":13391.0},"Endogenous":{"raw":13.0,"perc":0.097080128444477637,"total":13391.0},"Drug Testing":{"raw":82.0,"perc":0.61235157941901286,"total":13391.0},"Police / Customs":{"raw":59.0,"perc":0.44059442909416774,"total":13391.0},"Meditation":{"raw":51.0,"perc":0.38085281158987377,"total":13391.0},"OBE":{"raw":19.0,"perc":0.14188634157269808,"total":13391.0},"Ritual":{"raw":16.0,"perc":0.11948323500858785,"total":13391.0},"Breathing":{"raw":14.0,"perc":0.10454783063251437,"total":13391.0},"Hyperventilation":{"raw":7.0,"perc":0.052273915316257184,"total":13391.0},"Migraines":{"raw":14.0,"perc":0.10454783063251437,"total":13391.0},"Dreams":{"raw":94.0,"perc":0.70196400567545369,"total":13391.0},"Fasting":{"raw":12.0,"perc":0.089612426256440891,"total":13391.0},"Guiding":{"raw":3.0,"perc":0.022403106564110223,"total":13391.0},"Nitrogen Narcosis":{"raw":2.0,"perc":0.014935404376073481,"total":13391.0},"Yoga / Bodywork":{"raw":20.0,"perc":0.14935404376073483,"total":13391.0},"Floatation Tank":{"raw":4.0,"perc":0.029870808752146961,"total":13391.0},"Devices":{"raw":16.0,"perc":0.11948323500858785,"total":13391.0},"Devices - Mind Machine":{"raw":11.0,"perc":0.082144724068404146,"total":13391.0},"Mindfulness":{"raw":5.0,"perc":0.037338510940183707,"total":13391.0},"Sweating":{"raw":4.0,"perc":0.029870808752146961,"total":13391.0},"Conferences":{"raw":9.0,"perc":0.067209319692330668,"total":13391.0},"Humor":{"raw":1.0,"perc":0.00746770218803674,"total":13391.0},"Music":{"raw":3.0,"perc":0.022403106564110223,"total":13391.0},"Chanting":{"raw":1.0,"perc":0.00746770218803674,"total":13391.0}},"Extreme":{"OBE":{"raw":11.0,"perc":0.712896953985742,"total":1543.0},"Endogenous":{"raw":3.0,"perc":0.19442644199611148,"total":1543.0},"Police / Customs":{"raw":30.0,"perc":1.9442644199611145,"total":1543.0},"Dreams":{"raw":3.0,"perc":0.19442644199611148,"total":1543.0},"Drug Testing":{"raw":4.0,"perc":0.25923525599481528,"total":1543.0},"Devices":{"raw":1.0,"perc":0.064808813998703821,"total":1543.0},"Sleep Deprivation":{"raw":7.0,"perc":0.45366169799092676,"total":1543.0},"Conferences":{"raw":1.0,"perc":0.064808813998703821,"total":1543.0},"Meditation":{"raw":3.0,"perc":0.19442644199611148,"total":1543.0},"Music":{"raw":1.0,"perc":0.064808813998703821,"total":1543.0},"Humor":{"raw":1.0,"perc":0.064808813998703821,"total":1543.0},"Mindfulness":{"raw":2.0,"perc":0.12961762799740764,"total":1543.0},"Fasting":{"raw":1.0,"perc":0.064808813998703821,"total":1543.0},"Breathing":{"raw":1.0,"perc":0.064808813998703821,"total":1543.0},"Sound (non-music)":{"raw":1.0,"perc":0.064808813998703821,"total":1543.0}},"No Effect":{"Drug Testing":{"raw":34.0,"perc":9.8837209302325579,"total":344.0},"Yoga / Bodywork":{"raw":1.0,"perc":0.29069767441860467,"total":344.0},"Police / Customs":{"raw":7.0,"perc":2.0348837209302326,"total":344.0},"Dreams":{"raw":6.0,"perc":1.7441860465116279,"total":344.0},"Devices":{"raw":1.0,"perc":0.29069767441860467,"total":344.0},"Devices - Magnetic":{"raw":1.0,"perc":0.29069767441860467,"total":344.0},"Conferences":{"raw":2.0,"perc":0.58139534883720934,"total":344.0}}}