{"Medium":{"Small Group (2-9)":{"raw":4217.0,"perc":31.491300126950939,"total":13391.0},"Rave / Dance Event":{"raw":204.0,"perc":1.5234112463594951,"total":13391.0},"Unknown Context":{"raw":1296.0,"perc":9.6781420356956165,"total":13391.0},"Alone":{"raw":3603.0,"perc":26.906130983496379,"total":13391.0},"Large Group (10+)":{"raw":251.0,"perc":1.8743932491972222,"total":13391.0},"Various":{"raw":2005.0,"perc":14.972742887013665,"total":13391.0},"Not Applicable":{"raw":1187.0,"perc":8.8641624971996116,"total":13391.0},"Club / Bar":{"raw":162.0,"perc":1.2097677544619521,"total":13391.0},"Festival / Lg. Crowd":{"raw":193.0,"perc":1.441266522291091,"total":13391.0},"Group Ceremony":{"raw":38.0,"perc":0.28377268314539617,"total":13391.0},"Hospital":{"raw":81.0,"perc":0.604883877230976,"total":13391.0},"School":{"raw":132.0,"perc":0.98573668882084975,"total":13391.0},"Public Space (Museum, Park, etc)":{"raw":17.0,"perc":0.12695093719662459,"total":13391.0},"Military":{"raw":9.0,"perc":0.067209319692330668,"total":13391.0},"Workplace":{"raw":13.0,"perc":0.097080128444477637,"total":13391.0},"Large Party":{"raw":1.0,"perc":0.00746770218803674,"total":13391.0}},"Strong":{"Small Group (2-9)":{"raw":2865.0,"perc":42.126157917953243,"total":6801.0},"Festival / Lg. Crowd":{"raw":122.0,"perc":1.7938538450227908,"total":6801.0},"Alone":{"raw":1952.0,"perc":28.701661520364652,"total":6801.0},"Various":{"raw":775.0,"perc":11.395383031907072,"total":6801.0},"Large Group (10+)":{"raw":150.0,"perc":2.2055580061755622,"total":6801.0},"Club / Bar":{"raw":75.0,"perc":1.1027790030877811,"total":6801.0},"Rave / Dance Event":{"raw":105.0,"perc":1.5438906043228937,"total":6801.0},"Unknown Context":{"raw":323.0,"perc":4.7493015732980446,"total":6801.0},"Group Ceremony":{"raw":41.0,"perc":0.60285252168798709,"total":6801.0},"School":{"raw":62.0,"perc":0.91163064255256576,"total":6801.0},"Hospital":{"raw":87.0,"perc":1.2792236435818263,"total":6801.0},"Not Applicable":{"raw":229.0,"perc":3.3671518894280252,"total":6801.0},"Large Party":{"raw":4.0,"perc":0.058814880164681664,"total":6801.0},"Military":{"raw":3.0,"perc":0.044111160123511246,"total":6801.0},"Workplace":{"raw":6.0,"perc":0.088222320247022493,"total":6801.0},"Public Space (Museum, Park, etc)":{"raw":8.0,"perc":0.11762976032936333,"total":6801.0}},"No Effect":{"Unknown Context":{"raw":86.0,"perc":25.0,"total":344.0},"Alone":{"raw":108.0,"perc":31.3953488372093,"total":344.0},"Small Group (2-9)":{"raw":44.0,"perc":12.790697674418606,"total":344.0},"Various":{"raw":13.0,"perc":3.77906976744186,"total":344.0},"Club / Bar":{"raw":2.0,"perc":0.58139534883720934,"total":344.0},"Large Group (10+)":{"raw":3.0,"perc":0.872093023255814,"total":344.0},"Group Ceremony":{"raw":1.0,"perc":0.29069767441860467,"total":344.0},"Not Applicable":{"raw":75.0,"perc":21.802325581395348,"total":344.0},"Hospital":{"raw":6.0,"perc":1.7441860465116279,"total":344.0},"Rave / Dance Event":{"raw":1.0,"perc":0.29069767441860467,"total":344.0},"School":{"raw":3.0,"perc":0.872093023255814,"total":344.0},"Festival / Lg. Crowd":{"raw":2.0,"perc":0.58139534883720934,"total":344.0},"Public Space (Museum, Park, etc)":{"raw":1.0,"perc":0.29069767441860467,"total":344.0}},"Extreme":{"Rave / Dance Event":{"raw":17.0,"perc":1.1017498379779649,"total":1543.0},"Alone":{"raw":380.0,"perc":24.627349319507452,"total":1543.0},"Small Group (2-9)":{"raw":608.0,"perc":39.403758911211924,"total":1543.0},"Various":{"raw":192.0,"perc":12.443292287751135,"total":1543.0},"Club / Bar":{"raw":14.0,"perc":0.90732339598185352,"total":1543.0},"Unknown Context":{"raw":66.0,"perc":4.277381723914452,"total":1543.0},"Festival / Lg. Crowd":{"raw":18.0,"perc":1.1665586519766689,"total":1543.0},"Large Group (10+)":{"raw":31.0,"perc":2.0090732339598185,"total":1543.0},"Hospital":{"raw":139.0,"perc":9.0084251458198317,"total":1543.0},"School":{"raw":19.0,"perc":1.2313674659753726,"total":1543.0},"Not Applicable":{"raw":53.0,"perc":3.4348671419313028,"total":1543.0},"Group Ceremony":{"raw":6.0,"perc":0.38885288399222295,"total":1543.0},"Workplace":{"raw":1.0,"perc":0.064808813998703821,"total":1543.0}}}