{"First Times":{"raw":6447.0,"perc":13.505530417295123,"total":47736.0},"General":{"raw":9243.0,"perc":19.362745098039216,"total":47736.0},"Difficult Experiences":{"raw":3646.0,"perc":7.6378414613708729,"total":47736.0},"Nature / Outdoors":{"raw":762.0,"perc":1.5962795374560079,"total":47736.0},"Music Discussion":{"raw":986.0,"perc":2.0655270655270654,"total":47736.0},"Glowing Experiences":{"raw":3415.0,"perc":7.1539299480475949,"total":47736.0},"Post Trip Problems":{"raw":948.0,"perc":1.9859225741578681,"total":47736.0},"Retrospective / Summary":{"raw":3638.0,"perc":7.6210826210826212,"total":47736.0},"Mystical Experiences":{"raw":1406.0,"perc":2.9453661806602982,"total":47736.0},"Train Wrecks & Trip Disasters":{"raw":888.0,"perc":1.8602312719959779,"total":47736.0},"Addiction & Habituation":{"raw":1569.0,"perc":3.2868275515334342,"total":47736.0},"Health Problems":{"raw":2193.0,"perc":4.5940170940170946,"total":47736.0},"Multi-Day Experience":{"raw":626.0,"perc":1.3113792525557233,"total":47736.0},"Sex Discussion":{"raw":670.0,"perc":1.4035528741411094,"total":47736.0},"Preparation / Recipes":{"raw":1006.0,"perc":2.1074241662476956,"total":47736.0},"Overdose":{"raw":908.0,"perc":1.9021283727166081,"total":47736.0},"Bad Trips":{"raw":1287.0,"perc":2.6960784313725492,"total":47736.0},"Depression":{"raw":676.0,"perc":1.4161220043572984,"total":47736.0},"Entities / Beings":{"raw":1366.0,"perc":2.8615719792190379,"total":47736.0},"What Was in That?":{"raw":261.0,"perc":0.54675716440422317,"total":47736.0},"Health Benefits":{"raw":739.0,"perc":1.5480978716272833,"total":47736.0},"Second Hand Report":{"raw":281.0,"perc":0.5886542651248533,"total":47736.0},"Guides / Sitters":{"raw":440.0,"perc":0.921736215853863,"total":47736.0},"Cultivation / Synthesis":{"raw":42.0,"perc":0.087983911513323285,"total":47736.0},"Hangover / Days After":{"raw":1473.0,"perc":3.0857214680744094,"total":47736.0},"Poetry":{"raw":88.0,"perc":0.18434724317077258,"total":47736.0},"Loss of Magic":{"raw":99.0,"perc":0.20739064856711917,"total":47736.0},"Families":{"raw":237.0,"perc":0.496480643539467,"total":47736.0},"HPPD / Lasting Visuals":{"raw":196.0,"perc":0.41059158706217525,"total":47736.0},"Relationships":{"raw":674.0,"perc":1.4119322942852355,"total":47736.0},"Pregnancy / Baby":{"raw":13.0,"perc":0.027233115468409588,"total":47736.0},"Personal Preparation":{"raw":202.0,"perc":0.42316071727836435,"total":47736.0},"Medical Use":{"raw":708.0,"perc":1.4831573655103065,"total":47736.0},"Therapeutic Intent or Outcome":{"raw":481.0,"perc":1.0076252723311547,"total":47736.0},"Performance Enhancement":{"raw":120.0,"perc":0.25138260432378079,"total":47736.0},"Video":{"raw":2.0,"perc":0.0041897100720630137,"total":47736.0}}