{"First Times":{"Not-Specified":{"raw":304.0,"perc":4.7153714906157909,"total":6447.0},"Male":{"raw":5258.0,"perc":81.557313479137576,"total":6447.0},"Female":{"raw":872.0,"perc":13.525670854661081,"total":6447.0}},"General":{"Male":{"raw":7531.0,"perc":81.477875148761228,"total":9243.0},"Not-Specified":{"raw":748.0,"perc":8.0926106242561939,"total":9243.0},"Female":{"raw":947.0,"perc":10.245591258249485,"total":9243.0}},"Difficult Experiences":{"Not-Specified":{"raw":189.0,"perc":5.1837630279758642,"total":3646.0},"Male":{"raw":2847.0,"perc":78.08557323093801,"total":3646.0},"Female":{"raw":585.0,"perc":16.044980800877674,"total":3646.0}},"Nature / Outdoors":{"Not-Specified":{"raw":30.0,"perc":3.9370078740157481,"total":762.0},"Male":{"raw":649.0,"perc":85.170603674540672,"total":762.0},"Female":{"raw":82.0,"perc":10.761154855643044,"total":762.0}},"Music Discussion":{"Male":{"raw":848.0,"perc":86.004056795131845,"total":986.0},"Not-Specified":{"raw":27.0,"perc":2.7383367139959431,"total":986.0},"Female":{"raw":105.0,"perc":10.649087221095336,"total":986.0}},"Glowing Experiences":{"Not-Specified":{"raw":134.0,"perc":3.9238653001464128,"total":3415.0},"Male":{"raw":2816.0,"perc":82.4597364568082,"total":3415.0},"Female":{"raw":457.0,"perc":13.382137628111273,"total":3415.0}},"Post Trip Problems":{"Not-Specified":{"raw":46.0,"perc":4.852320675105485,"total":948.0},"Female":{"raw":198.0,"perc":20.88607594936709,"total":948.0},"Male":{"raw":698.0,"perc":73.628691983122366,"total":948.0}},"Retrospective / Summary":{"Not-Specified":{"raw":267.0,"perc":7.3391973611874661,"total":3638.0},"Male":{"raw":2830.0,"perc":77.789994502473888,"total":3638.0},"Female":{"raw":540.0,"perc":14.843320505772404,"total":3638.0}},"Mystical Experiences":{"Male":{"raw":1189.0,"perc":84.566145092460886,"total":1406.0},"Not-Specified":{"raw":77.0,"perc":5.4765291607396867,"total":1406.0},"Female":{"raw":135.0,"perc":9.6017069701280224,"total":1406.0}},"Train Wrecks & Trip Disasters":{"Not-Specified":{"raw":49.0,"perc":5.5180180180180178,"total":888.0},"Male":{"raw":660.0,"perc":74.324324324324323,"total":888.0},"Female":{"raw":154.0,"perc":17.342342342342342,"total":888.0}},"Addiction & Habituation":{"Male":{"raw":1069.0,"perc":68.132568514977692,"total":1569.0},"Not-Specified":{"raw":105.0,"perc":6.6921606118546846,"total":1569.0},"Female":{"raw":390.0,"perc":24.8565965583174,"total":1569.0}},"Health Problems":{"Male":{"raw":1564.0,"perc":71.31782945736434,"total":2193.0},"Not-Specified":{"raw":154.0,"perc":7.02234382124943,"total":2193.0},"Female":{"raw":464.0,"perc":21.158230734154127,"total":2193.0}},"Multi-Day Experience":{"Not-Specified":{"raw":29.0,"perc":4.63258785942492,"total":626.0},"Male":{"raw":512.0,"perc":81.78913738019169,"total":626.0},"Female":{"raw":83.0,"perc":13.258785942492013,"total":626.0}},"Sex Discussion":{"Female":{"raw":143.0,"perc":21.343283582089555,"total":670.0},"Not-Specified":{"raw":27.0,"perc":4.0298507462686564,"total":670.0},"Male":{"raw":499.0,"perc":74.4776119402985,"total":670.0}},"Preparation / Recipes":{"Not-Specified":{"raw":106.0,"perc":10.536779324055665,"total":1006.0},"Male":{"raw":840.0,"perc":83.499005964214717,"total":1006.0},"Female":{"raw":58.0,"perc":5.7654075546719685,"total":1006.0}},"Overdose":{"Not-Specified":{"raw":58.0,"perc":6.3876651982378849,"total":908.0},"Male":{"raw":647.0,"perc":71.255506607929519,"total":908.0},"Female":{"raw":167.0,"perc":18.3920704845815,"total":908.0}},"Bad Trips":{"Not-Specified":{"raw":79.0,"perc":6.1383061383061381,"total":1287.0},"Female":{"raw":251.0,"perc":19.502719502719504,"total":1287.0},"Male":{"raw":937.0,"perc":72.8049728049728,"total":1287.0}},"Depression":{"Not-Specified":{"raw":22.0,"perc":3.2544378698224854,"total":676.0},"Female":{"raw":169.0,"perc":25.0,"total":676.0},"Male":{"raw":485.0,"perc":71.7455621301775,"total":676.0}},"Entities / Beings":{"Not-Specified":{"raw":73.0,"perc":5.34407027818448,"total":1366.0},"Male":{"raw":1174.0,"perc":85.944363103953151,"total":1366.0},"Female":{"raw":110.0,"perc":8.0527086383601763,"total":1366.0}},"What Was in That?":{"Not-Specified":{"raw":25.0,"perc":9.5785440613026829,"total":261.0},"Male":{"raw":180.0,"perc":68.965517241379317,"total":261.0},"Female":{"raw":53.0,"perc":20.306513409961685,"total":261.0}},"Health Benefits":{"Female":{"raw":120.0,"perc":16.238159675236808,"total":739.0},"Male":{"raw":584.0,"perc":79.02571041948579,"total":739.0},"Not-Specified":{"raw":35.0,"perc":4.7361299052774015,"total":739.0}},"Second Hand Report":{"Female":{"raw":73.0,"perc":25.978647686832741,"total":281.0},"Male":{"raw":183.0,"perc":65.12455516014235,"total":281.0},"Not-Specified":{"raw":23.0,"perc":8.185053380782918,"total":281.0}},"Guides / Sitters":{"Male":{"raw":337.0,"perc":76.5909090909091,"total":440.0},"Not-Specified":{"raw":21.0,"perc":4.7727272727272734,"total":440.0},"Female":{"raw":82.0,"perc":18.636363636363637,"total":440.0}},"Cultivation / Synthesis":{"Not-Specified":{"raw":11.0,"perc":26.190476190476193,"total":42.0},"Male":{"raw":29.0,"perc":69.047619047619051,"total":42.0},"Female":{"raw":2.0,"perc":4.7619047619047619,"total":42.0}},"Hangover / Days After":{"Male":{"raw":1151.0,"perc":78.1398506449423,"total":1473.0},"Not-Specified":{"raw":52.0,"perc":3.5302104548540396,"total":1473.0},"Female":{"raw":261.0,"perc":17.718940936863543,"total":1473.0}},"Poetry":{"Female":{"raw":16.0,"perc":18.181818181818183,"total":88.0},"Male":{"raw":63.0,"perc":71.5909090909091,"total":88.0},"Not-Specified":{"raw":9.0,"perc":10.227272727272728,"total":88.0}},"Loss of Magic":{"Female":{"raw":26.0,"perc":26.262626262626267,"total":99.0},"Male":{"raw":67.0,"perc":67.676767676767682,"total":99.0},"Not-Specified":{"raw":6.0,"perc":6.0606060606060606,"total":99.0}},"Families":{"Male":{"raw":179.0,"perc":75.527426160337555,"total":237.0},"Female":{"raw":43.0,"perc":18.143459915611814,"total":237.0},"Not-Specified":{"raw":15.0,"perc":6.3291139240506329,"total":237.0}},"HPPD / Lasting Visuals":{"Not-Specified":{"raw":4.0,"perc":2.0408163265306123,"total":196.0},"Male":{"raw":171.0,"perc":87.244897959183675,"total":196.0},"Female":{"raw":18.0,"perc":9.183673469387756,"total":196.0}},"Relationships":{"Male":{"raw":497.0,"perc":73.738872403560833,"total":674.0},"Female":{"raw":157.0,"perc":23.293768545994066,"total":674.0},"Not-Specified":{"raw":20.0,"perc":2.9673590504451042,"total":674.0}},"Pregnancy / Baby":{"Male":{"raw":3.0,"perc":23.076923076923077,"total":13.0},"Female":{"raw":9.0,"perc":69.230769230769226,"total":13.0},"Not-Specified":{"raw":1.0,"perc":7.6923076923076925,"total":13.0}},"Personal Preparation":{"Male":{"raw":171.0,"perc":84.653465346534645,"total":202.0},"Female":{"raw":27.0,"perc":13.366336633663368,"total":202.0},"Not-Specified":{"raw":4.0,"perc":1.9801980198019802,"total":202.0}},"Medical Use":{"Male":{"raw":509.0,"perc":71.89265536723164,"total":708.0},"Female":{"raw":173.0,"perc":24.435028248587571,"total":708.0},"Not-Specified":{"raw":25.0,"perc":3.5310734463276838,"total":708.0}},"Therapeutic Intent or Outcome":{"Not-Specified":{"raw":19.0,"perc":3.9501039501039505,"total":481.0},"Male":{"raw":384.0,"perc":79.833679833679838,"total":481.0},"Female":{"raw":76.0,"perc":15.800415800415802,"total":481.0}},"Performance Enhancement":{"Male":{"raw":102.0,"perc":85.0,"total":120.0},"Female":{"raw":16.0,"perc":13.333333333333334,"total":120.0},"Not-Specified":{"raw":2.0,"perc":1.6666666666666667,"total":120.0}},"Video":{"Male":{"raw":2.0,"perc":100.0,"total":2.0}}}