{"Small Group (2-9)":{"Not-Specified":{"raw":492.0,"perc":5.8753283974205868,"total":8374.0},"Male":{"raw":6635.0,"perc":79.233341294482926,"total":8374.0},"Female":{"raw":1215.0,"perc":14.509195127776451,"total":8374.0}},"Rave / Dance Event":{"Male":{"raw":217.0,"perc":64.0117994100295,"total":339.0},"Not-Specified":{"raw":33.0,"perc":9.7345132743362832,"total":339.0},"Female":{"raw":88.0,"perc":25.958702064896755,"total":339.0}},"Unknown Context":{"Not-Specified":{"raw":277.0,"perc":12.654179990863407,"total":2189.0},"Male":{"raw":1679.0,"perc":76.701690269529465,"total":2189.0},"Female":{"raw":228.0,"perc":10.415714938328003,"total":2189.0}},"Festival / Lg. Crowd":{"Not-Specified":{"raw":34.0,"perc":9.6866096866096854,"total":351.0},"Male":{"raw":257.0,"perc":73.219373219373225,"total":351.0},"Female":{"raw":58.0,"perc":16.524216524216524,"total":351.0}},"Alone":{"Male":{"raw":6334.0,"perc":86.0247181855222,"total":7363.0},"Not-Specified":{"raw":388.0,"perc":5.2695911992394411,"total":7363.0},"Female":{"raw":607.0,"perc":8.243922314274073,"total":7363.0}},"Club / Bar":{"Not-Specified":{"raw":24.0,"perc":8.88888888888889,"total":270.0},"Male":{"raw":193.0,"perc":71.481481481481481,"total":270.0},"Female":{"raw":52.0,"perc":19.25925925925926,"total":270.0}},"Large Group (10+)":{"Not-Specified":{"raw":57.0,"perc":12.076271186440678,"total":472.0},"Female":{"raw":76.0,"perc":16.101694915254235,"total":472.0},"Male":{"raw":339.0,"perc":71.822033898305079,"total":472.0}},"Various":{"Not-Specified":{"raw":253.0,"perc":7.4697372305875405,"total":3387.0},"Male":{"raw":2593.0,"perc":76.55742545025096,"total":3387.0},"Female":{"raw":535.0,"perc":15.795689400649543,"total":3387.0}},"Not Applicable":{"Female":{"raw":367.0,"perc":18.724489795918366,"total":1960.0},"Male":{"raw":1459.0,"perc":74.438775510204081,"total":1960.0},"Not-Specified":{"raw":133.0,"perc":6.7857142857142856,"total":1960.0}},"Group Ceremony":{"Not-Specified":{"raw":6.0,"perc":6.8181818181818175,"total":88.0},"Male":{"raw":60.0,"perc":68.181818181818173,"total":88.0},"Female":{"raw":21.0,"perc":23.863636363636363,"total":88.0}},"Hospital":{"Male":{"raw":245.0,"perc":75.153374233128829,"total":326.0},"Female":{"raw":67.0,"perc":20.552147239263803,"total":326.0},"Not-Specified":{"raw":9.0,"perc":2.7607361963190185,"total":326.0}},"School":{"Female":{"raw":39.0,"perc":14.716981132075471,"total":265.0},"Male":{"raw":216.0,"perc":81.509433962264154,"total":265.0},"Not-Specified":{"raw":9.0,"perc":3.3962264150943398,"total":265.0}},"Public Space (Museum, Park, etc)":{"Male":{"raw":24.0,"perc":85.714285714285708,"total":28.0},"Female":{"raw":3.0,"perc":10.714285714285714,"total":28.0},"Not-Specified":{"raw":1.0,"perc":3.5714285714285712,"total":28.0}},"Large Party":{"Female":{"raw":1.0,"perc":20.0,"total":5.0},"Male":{"raw":4.0,"perc":80.0,"total":5.0}},"Military":{"Male":{"raw":13.0,"perc":100.0,"total":13.0}},"Workplace":{"Female":{"raw":3.0,"perc":13.043478260869565,"total":23.0},"Male":{"raw":19.0,"perc":82.6086956521739,"total":23.0},"Not-Specified":{"raw":1.0,"perc":4.3478260869565215,"total":23.0}}}