{"Small Group (2-9)":{"raw":8374.0,"perc":32.956826321382188,"total":25409.0},"Rave / Dance Event":{"raw":339.0,"perc":1.3341729308512731,"total":25409.0},"Unknown Context":{"raw":2189.0,"perc":8.6150576567358037,"total":25409.0},"Festival / Lg. Crowd":{"raw":351.0,"perc":1.3814002912353891,"total":25409.0},"Alone":{"raw":7363.0,"perc":28.977921209020423,"total":25409.0},"Club / Bar":{"raw":270.0,"perc":1.0626156086426069,"total":25409.0},"Large Group (10+)":{"raw":472.0,"perc":1.8576095084418907,"total":25409.0},"Various":{"raw":3387.0,"perc":13.329922468416703,"total":25409.0},"Not Applicable":{"raw":1960.0,"perc":7.7138021960722574,"total":25409.0},"Group Ceremony":{"raw":88.0,"perc":0.346333976150183,"total":25409.0},"Hospital":{"raw":326.0,"perc":1.2830099571018143,"total":25409.0},"School":{"raw":265.0,"perc":1.0429375418158919,"total":25409.0},"Public Space (Museum, Park, etc)":{"raw":28.0,"perc":0.11019717422960369,"total":25409.0},"Large Party":{"raw":5.0,"perc":0.019678066826714944,"total":25409.0},"Military":{"raw":13.0,"perc":0.05116297374945885,"total":25409.0},"Workplace":{"raw":23.0,"perc":0.090519107402888738,"total":25409.0}}