{"Festival / Lg. Crowd":{"Drug Testing":{"raw":2.0,"perc":0.56980056980056981,"total":351.0},"Ritual":{"raw":2.0,"perc":0.56980056980056981,"total":351.0},"Police / Customs":{"raw":3.0,"perc":0.85470085470085477,"total":351.0},"Conferences":{"raw":12.0,"perc":3.4188034188034191,"total":351.0},"Sleep Deprivation":{"raw":1.0,"perc":0.28490028490028491,"total":351.0},"Yoga / Bodywork":{"raw":1.0,"perc":0.28490028490028491,"total":351.0}},"Various":{"Sleep Deprivation":{"raw":23.0,"perc":0.67906702096250371,"total":3387.0},"Police / Customs":{"raw":27.0,"perc":0.79716563330380874,"total":3387.0},"Endogenous":{"raw":2.0,"perc":0.059049306170652495,"total":3387.0},"Yoga / Bodywork":{"raw":3.0,"perc":0.088573959255978746,"total":3387.0},"Ritual":{"raw":4.0,"perc":0.11809861234130499,"total":3387.0},"Meditation":{"raw":15.0,"perc":0.44286979627989376,"total":3387.0},"Fasting":{"raw":7.0,"perc":0.20667257159728372,"total":3387.0},"Migraines":{"raw":2.0,"perc":0.059049306170652495,"total":3387.0},"OBE":{"raw":3.0,"perc":0.088573959255978746,"total":3387.0},"Mindfulness":{"raw":3.0,"perc":0.088573959255978746,"total":3387.0},"Dreams":{"raw":7.0,"perc":0.20667257159728372,"total":3387.0},"Devices":{"raw":1.0,"perc":0.029524653085326247,"total":3387.0},"Devices - Mind Machine":{"raw":1.0,"perc":0.029524653085326247,"total":3387.0},"Conferences":{"raw":1.0,"perc":0.029524653085326247,"total":3387.0},"Drug Testing":{"raw":5.0,"perc":0.14762326542663123,"total":3387.0},"Music":{"raw":1.0,"perc":0.029524653085326247,"total":3387.0},"Nitrogen Narcosis":{"raw":1.0,"perc":0.029524653085326247,"total":3387.0},"Humor":{"raw":2.0,"perc":0.059049306170652495,"total":3387.0}},"Alone":{"OBE":{"raw":23.0,"perc":0.31237267418171938,"total":7363.0},"Dreams":{"raw":203.0,"perc":2.7570283851690887,"total":7363.0},"Endogenous":{"raw":9.0,"perc":0.12223278554936846,"total":7363.0},"Meditation":{"raw":53.0,"perc":0.7198152926796143,"total":7363.0},"Drug Testing":{"raw":12.0,"perc":0.16297704739915794,"total":7363.0},"Police / Customs":{"raw":15.0,"perc":0.20372130924894744,"total":7363.0},"Sleep Deprivation":{"raw":22.0,"perc":0.29879125356512293,"total":7363.0},"Floatation Tank":{"raw":7.0,"perc":0.095069944316175478,"total":7363.0},"Ritual":{"raw":5.0,"perc":0.067907103082982478,"total":7363.0},"Yoga / Bodywork":{"raw":16.0,"perc":0.21730272986554394,"total":7363.0},"Nitrogen Narcosis":{"raw":2.0,"perc":0.027162841233192993,"total":7363.0},"Breathing":{"raw":13.0,"perc":0.17655846801575445,"total":7363.0},"Hyperventilation":{"raw":5.0,"perc":0.067907103082982478,"total":7363.0},"Devices":{"raw":20.0,"perc":0.27162841233192991,"total":7363.0},"Devices - Mind Machine":{"raw":12.0,"perc":0.16297704739915794,"total":7363.0},"Devices - Magnetic":{"raw":1.0,"perc":0.013581420616596496,"total":7363.0},"Fasting":{"raw":11.0,"perc":0.14939562678256146,"total":7363.0},"Sweating":{"raw":3.0,"perc":0.040744261849789486,"total":7363.0},"Chanting":{"raw":2.0,"perc":0.027162841233192993,"total":7363.0},"Conferences":{"raw":3.0,"perc":0.040744261849789486,"total":7363.0},"Migraines":{"raw":3.0,"perc":0.040744261849789486,"total":7363.0},"Mindfulness":{"raw":3.0,"perc":0.040744261849789486,"total":7363.0},"Music":{"raw":3.0,"perc":0.040744261849789486,"total":7363.0},"Humor":{"raw":1.0,"perc":0.013581420616596496,"total":7363.0},"Sound (non-music)":{"raw":1.0,"perc":0.013581420616596496,"total":7363.0}},"Unknown Context":{"Drug Testing":{"raw":16.0,"perc":0.73092736409319325,"total":2189.0},"Migraines":{"raw":8.0,"perc":0.36546368204659663,"total":2189.0},"Fasting":{"raw":1.0,"perc":0.045682960255824578,"total":2189.0},"Dreams":{"raw":5.0,"perc":0.22841480127912286,"total":2189.0},"Police / Customs":{"raw":2.0,"perc":0.091365920511649157,"total":2189.0},"Breathing":{"raw":1.0,"perc":0.045682960255824578,"total":2189.0},"Hyperventilation":{"raw":1.0,"perc":0.045682960255824578,"total":2189.0},"Meditation":{"raw":3.0,"perc":0.13704888076747374,"total":2189.0},"Devices":{"raw":2.0,"perc":0.091365920511649157,"total":2189.0},"Devices - Magnetic":{"raw":1.0,"perc":0.045682960255824578,"total":2189.0},"Devices - Mind Machine":{"raw":1.0,"perc":0.045682960255824578,"total":2189.0},"Endogenous":{"raw":3.0,"perc":0.13704888076747374,"total":2189.0},"Sleep Deprivation":{"raw":3.0,"perc":0.13704888076747374,"total":2189.0},"Yoga / Bodywork":{"raw":1.0,"perc":0.045682960255824578,"total":2189.0}},"Large Group (10+)":{"Police / Customs":{"raw":3.0,"perc":0.63559322033898313,"total":472.0},"OBE":{"raw":2.0,"perc":0.423728813559322,"total":472.0},"Ritual":{"raw":1.0,"perc":0.211864406779661,"total":472.0},"Sleep Deprivation":{"raw":2.0,"perc":0.423728813559322,"total":472.0},"Breathing":{"raw":2.0,"perc":0.423728813559322,"total":472.0},"Meditation":{"raw":3.0,"perc":0.63559322033898313,"total":472.0}},"Small Group (2-9)":{"Ritual":{"raw":7.0,"perc":0.083592070695008361,"total":8374.0},"Endogenous":{"raw":4.0,"perc":0.04776689754000478,"total":8374.0},"Breathing":{"raw":9.0,"perc":0.10747551946501074,"total":8374.0},"Hyperventilation":{"raw":4.0,"perc":0.04776689754000478,"total":8374.0},"Police / Customs":{"raw":64.0,"perc":0.76427036064007647,"total":8374.0},"Guiding":{"raw":3.0,"perc":0.035825173155003588,"total":8374.0},"Sleep Deprivation":{"raw":16.0,"perc":0.19106759016001912,"total":8374.0},"Nitrogen Narcosis":{"raw":2.0,"perc":0.02388344877000239,"total":8374.0},"Dreams":{"raw":18.0,"perc":0.21495103893002149,"total":8374.0},"OBE":{"raw":29.0,"perc":0.34631000716503463,"total":8374.0},"Yoga / Bodywork":{"raw":16.0,"perc":0.19106759016001912,"total":8374.0},"Meditation":{"raw":20.0,"perc":0.23883448770002386,"total":8374.0},"Drug Testing":{"raw":5.0,"perc":0.059708621925005964,"total":8374.0},"Migraines":{"raw":4.0,"perc":0.04776689754000478,"total":8374.0},"Sweating":{"raw":2.0,"perc":0.02388344877000239,"total":8374.0},"Devices":{"raw":5.0,"perc":0.059708621925005964,"total":8374.0},"Devices - Mind Machine":{"raw":3.0,"perc":0.035825173155003588,"total":8374.0},"Humor":{"raw":2.0,"perc":0.02388344877000239,"total":8374.0},"Mindfulness":{"raw":2.0,"perc":0.02388344877000239,"total":8374.0},"Fasting":{"raw":1.0,"perc":0.011941724385001195,"total":8374.0},"Music":{"raw":1.0,"perc":0.011941724385001195,"total":8374.0},"Conferences":{"raw":1.0,"perc":0.011941724385001195,"total":8374.0}},"Rave / Dance Event":{"Ritual":{"raw":1.0,"perc":0.29498525073746312,"total":339.0},"Police / Customs":{"raw":4.0,"perc":1.1799410029498525,"total":339.0},"Guiding":{"raw":1.0,"perc":0.29498525073746312,"total":339.0},"OBE":{"raw":1.0,"perc":0.29498525073746312,"total":339.0},"Meditation":{"raw":2.0,"perc":0.58997050147492625,"total":339.0},"Dreams":{"raw":1.0,"perc":0.29498525073746312,"total":339.0}},"School":{"Police / Customs":{"raw":4.0,"perc":1.5094339622641511,"total":265.0},"Drug Testing":{"raw":4.0,"perc":1.5094339622641511,"total":265.0},"OBE":{"raw":1.0,"perc":0.37735849056603776,"total":265.0}},"Hospital":{"Endogenous":{"raw":1.0,"perc":0.30674846625766872,"total":326.0},"Dreams":{"raw":2.0,"perc":0.61349693251533743,"total":326.0},"Drug Testing":{"raw":12.0,"perc":3.6809815950920246,"total":326.0},"Police / Customs":{"raw":9.0,"perc":2.7607361963190185,"total":326.0},"Sleep Deprivation":{"raw":1.0,"perc":0.30674846625766872,"total":326.0},"Meditation":{"raw":1.0,"perc":0.30674846625766872,"total":326.0},"Fasting":{"raw":1.0,"perc":0.30674846625766872,"total":326.0},"Breathing":{"raw":1.0,"perc":0.30674846625766872,"total":326.0}},"Not Applicable":{"Drug Testing":{"raw":93.0,"perc":4.7448979591836737,"total":1960.0},"Police / Customs":{"raw":8.0,"perc":0.40816326530612246,"total":1960.0},"Endogenous":{"raw":5.0,"perc":0.25510204081632654,"total":1960.0},"Migraines":{"raw":7.0,"perc":0.35714285714285715,"total":1960.0},"Meditation":{"raw":2.0,"perc":0.10204081632653062,"total":1960.0},"Dreams":{"raw":12.0,"perc":0.61224489795918369,"total":1960.0},"Breathing":{"raw":2.0,"perc":0.10204081632653062,"total":1960.0},