{"Not-Specified":{"First Times":{"raw":304.0,"perc":10.872675250357654,"total":2796.0},"General":{"raw":748.0,"perc":26.752503576537912,"total":2796.0},"Difficult Experiences":{"raw":189.0,"perc":6.7596566523605155,"total":2796.0},"Nature / Outdoors":{"raw":30.0,"perc":1.0729613733905579,"total":2796.0},"Glowing Experiences":{"raw":134.0,"perc":4.792560801144492,"total":2796.0},"Post Trip Problems":{"raw":46.0,"perc":1.6452074391988556,"total":2796.0},"Retrospective / Summary":{"raw":267.0,"perc":9.5493562231759661,"total":2796.0},"Train Wrecks & Trip Disasters":{"raw":49.0,"perc":1.7525035765379111,"total":2796.0},"Multi-Day Experience":{"raw":29.0,"perc":1.0371959942775395,"total":2796.0},"Health Problems":{"raw":154.0,"perc":5.5078683834048636,"total":2796.0},"Addiction & Habituation":{"raw":105.0,"perc":3.755364806866953,"total":2796.0},"Mystical Experiences":{"raw":77.0,"perc":2.7539341917024318,"total":2796.0},"Preparation / Recipes":{"raw":106.0,"perc":3.7911301859799713,"total":2796.0},"Overdose":{"raw":58.0,"perc":2.074391988555079,"total":2796.0},"Bad Trips":{"raw":79.0,"perc":2.8254649499284694,"total":2796.0},"Depression":{"raw":22.0,"perc":0.7868383404864091,"total":2796.0},"Sex Discussion":{"raw":27.0,"perc":0.96566523605150223,"total":2796.0},"Entities / Beings":{"raw":73.0,"perc":2.6108726752503575,"total":2796.0},"What Was in That?":{"raw":25.0,"perc":0.89413447782546507,"total":2796.0},"Music Discussion":{"raw":27.0,"perc":0.96566523605150223,"total":2796.0},"Cultivation / Synthesis":{"raw":11.0,"perc":0.39341917024320455,"total":2796.0},"Guides / Sitters":{"raw":21.0,"perc":0.75107296137339052,"total":2796.0},"Second Hand Report":{"raw":23.0,"perc":0.8226037195994278,"total":2796.0},"HPPD / Lasting Visuals":{"raw":4.0,"perc":0.14306151645207438,"total":2796.0},"Health Benefits":{"raw":35.0,"perc":1.251788268955651,"total":2796.0},"Poetry":{"raw":9.0,"perc":0.32188841201716739,"total":2796.0},"Hangover / Days After":{"raw":52.0,"perc":1.8597997138769671,"total":2796.0},"Families":{"raw":15.0,"perc":0.53648068669527893,"total":2796.0},"Loss of Magic":{"raw":6.0,"perc":0.21459227467811159,"total":2796.0},"Medical Use":{"raw":25.0,"perc":0.89413447782546507,"total":2796.0},"Relationships":{"raw":20.0,"perc":0.71530758226037194,"total":2796.0},"Therapeutic Intent or Outcome":{"raw":19.0,"perc":0.67954220314735336,"total":2796.0},"Pregnancy / Baby":{"raw":1.0,"perc":0.035765379113018594,"total":2796.0},"Personal Preparation":{"raw":4.0,"perc":0.14306151645207438,"total":2796.0},"Performance Enhancement":{"raw":2.0,"perc":0.071530758226037189,"total":2796.0}},"Male":{"General":{"raw":7531.0,"perc":19.994690030532325,"total":37665.0},"Music Discussion":{"raw":848.0,"perc":2.2514270542944375,"total":37665.0},"Nature / Outdoors":{"raw":649.0,"perc":1.7230850922607195,"total":37665.0},"First Times":{"raw":5258.0,"perc":13.959909730519049,"total":37665.0},"Glowing Experiences":{"raw":2816.0,"perc":7.47643701048719,"total":37665.0},"Mystical Experiences":{"raw":1189.0,"perc":3.1567768485331209,"total":37665.0},"Retrospective / Summary":{"raw":2830.0,"perc":7.5136067967609188,"total":37665.0},"Addiction & Habituation":{"raw":1069.0,"perc":2.8381786804725873,"total":37665.0},"Health Problems":{"raw":1564.0,"perc":4.1523961237222888,"total":37665.0},"Train Wrecks & Trip Disasters":{"raw":660.0,"perc":1.7522899243329351,"total":37665.0},"Overdose":{"raw":647.0,"perc":1.717775122793044,"total":37665.0},"Preparation / Recipes":{"raw":840.0,"perc":2.2301871764237355,"total":37665.0},"Difficult Experiences":{"raw":2847.0,"perc":7.5587415372361608,"total":37665.0},"Sex Discussion":{"raw":499.0,"perc":1.3248373821850523,"total":37665.0},"Bad Trips":{"raw":937.0,"perc":2.4877206956060003,"total":37665.0},"Guides / Sitters":{"raw":337.0,"perc":0.894729855303332,"total":37665.0},"Multi-Day Experience":{"raw":512.0,"perc":1.3593521837249436,"total":37665.0},"What Was in That?":{"raw":180.0,"perc":0.47789725209080047,"total":37665.0},"Post Trip Problems":{"raw":698.0,"perc":1.8531793442187707,"total":37665.0},"Entities / Beings":{"raw":1174.0,"perc":3.1169520775255544,"total":37665.0},"Hangover / Days After":{"raw":1151.0,"perc":3.055887428647285,"total":37665.0},"Cultivation / Synthesis":{"raw":29.0,"perc":0.076994557281295631,"total":37665.0},"Second Hand Report":{"raw":183.0,"perc":0.4858622062923138,"total":37665.0},"Health Benefits":{"raw":584.0,"perc":1.5505110845612637,"total":37665.0},"Depression":{"raw":485.0,"perc":1.2876675959113235,"total":37665.0},"Families":{"raw":179.0,"perc":0.47524226735696273,"total":37665.0},"HPPD / Lasting Visuals":{"raw":171.0,"perc":0.45400238948626048,"total":37665.0},"Relationships":{"raw":497.0,"perc":1.3195274127173768,"total":37665.0},"Poetry":{"raw":63.0,"perc":0.16726403823178018,"total":37665.0},"Pregnancy / Baby":{"raw":3.0,"perc":0.0079649542015133423,"total":37665.0},"Loss of Magic":{"raw":67.0,"perc":0.17788397716713131,"total":37665.0},"Personal Preparation":{"raw":171.0,"perc":0.45400238948626048,"total":37665.0},"Medical Use":{"raw":509.0,"perc":1.3513872295234302,"total":37665.0},"Performance Enhancement":{"raw":102.0,"perc":0.27080844285145356,"total":37665.0},"Therapeutic Intent or Outcome":{"raw":384.0,"perc":1.0195141377937078,"total":37665.0},"Video":{"raw":2.0,"perc":0.0053099694676755609,"total":37665.0}},"Female":{"First Times":{"raw":872.0,"perc":12.347776833758143,"total":7062.0},"Health Problems":{"raw":464.0,"perc":6.5703766638346082,"total":7062.0},"Post Trip Problems":{"raw":198.0,"perc":2.8037383177570092,"total":7062.0},"Sex Discussion":{"raw":143.0,"perc":2.0249221183800623,"total":7062.0},"General":{"raw":947.0,"perc":13.409798923817615,"total":7062.0},"Addiction & Habituation":{"raw":390.0,"perc":5.52251486830926,"total":7062.0},"Retrospective / Summary":{"raw":540.0,"perc":7.6465590484282071,"total":7062.0},"Nature / Outdoors":{"raw":82.0,"perc":1.1611441517983574,"total":7062.0},"Bad Trips":{"raw":251.0,"perc":3.5542339280657038,"total":7062.0},"Mystical Experiences":{"raw":135.0,"perc":1.9116397621070518,"total":7062.0},"Train Wrecks & Trip Disasters":{"raw":154.0,"perc":2.1806853582554515,"total":7062.0},"Difficult Experiences":{"raw":585.0,"perc":8.2837723024638912,"total":7062.0},"Health Benefits":{"raw":120.0,"perc":1.6992353440951573,"total":7062.0},"Depression":{"raw":169.0,"perc":2.3930897762673462,"total":7062.0},"Second Hand Report":{"raw":73.0,"perc":1.0337015009912207,"total":7062.0},"Overdose":{"raw":167.0,"perc":2.3647691871990935,"total":7062.0},"Glowing Experiences":{"raw":457.0,"perc":6.4712546020957236,"total":7062.0},"What Was in That?":{"raw":53.0,"perc":0.75049561030869449,"total":7062.0},"Entities / Beings":{"raw":110.0,"perc":1.557632398753894,"total":7062.0},"Multi-Day Experience":{"raw":83.0,"perc":1.1753044463324838,"total":7062.0},"Poetry":{"raw":16.0,"perc":0.22656471254602095,"total":7062.0},"Loss of Magic":{"raw":26.0,"perc":0.36816765788728406,"total":7062.0},"Music Discussion":{"raw":105.0,"perc":1.4868309260832626,"total":7062.0},"Preparation / Recipes":{"raw":58.0,"perc":0.821297082979326,"total":7062.0},"Families":{"raw":43.0,"perc":0.60889266496743133,"total":7062.0},"Guides / Sitters":{"raw":82.0,"perc":1.1611441517983574,"total":7062.0},"Pregnancy / Baby":{"raw":9.0,"perc":0.12744265080713679,"total":7062.0},"HPPD / Lasting Visuals":{"raw":18.0,"perc":0.25488530161427359,"total":7062.0},"Hangover / Days After":{"raw":261.0,"perc":3.6958368734069671,"total":7062.0},"Relationships":{"raw":157.0,"perc":2.2231662418578306,"total":7062.0},"Cultivation / Synthesis":{"raw":2.0,"perc":0.028320589068252619,"total":7062.0},"Medical Use":{"raw":173.0,"perc":2.4497309544038517,"total":7062.0},"Personal Preparation":{"raw":27.0,"perc":0.38232795242141038,"total":7062.0},"Therapeutic Intent or Outcome":{"raw":76.0,"perc":1.0761823845935996,"total":7062.0},"Performance Enhancement":{"raw":16.0,"perc":0.22656471254602095,"total":7062.0}}}