{"Medium":{"Not-Specified":{"raw":1002.0,"perc":7.4826375924128152,"total":13391.0},"Male":{"raw":10643.0,"perc":79.478754387275032,"total":13391.0},"Female":{"raw":1746.0,"perc":13.03860802031215,"total":13391.0}},"Strong":{"Male":{"raw":5525.0,"perc":81.238053227466551,"total":6801.0},"Not-Specified":{"raw":351.0,"perc":5.161005734450816,"total":6801.0},"Female":{"raw":925.0,"perc":13.600941038082635,"total":6801.0}},"No Effect":{"Not-Specified":{"raw":35.0,"perc":10.174418604651162,"total":344.0},"Male":{"raw":272.0,"perc":79.069767441860463,"total":344.0},"Female":{"raw":37.0,"perc":10.755813953488373,"total":344.0}},"Extreme":{"Female":{"raw":266.0,"perc":18.294360385144429,"total":1454.0},"Not-Specified":{"raw":59.0,"perc":4.05777166437414,"total":1454.0},"Male":{"raw":1129.0,"perc":77.647867950481427,"total":1454.0}}}