{"Drug Testing":{"Strong":{"Festival / Lg. Crowd":{"raw":1.0,"perc":14.285714285714285,"total":7.0},"Alone":{"raw":2.0,"perc":28.571428571428569,"total":7.0},"Hospital":{"raw":2.0,"perc":28.571428571428569,"total":7.0},"Various":{"raw":2.0,"perc":28.571428571428569,"total":7.0}},"Medium":{"Unknown Context":{"raw":10.0,"perc":11.904761904761903,"total":84.0},"Alone":{"raw":5.0,"perc":5.9523809523809517,"total":84.0},"Not Applicable":{"raw":56.0,"perc":66.666666666666657,"total":84.0},"Hospital":{"raw":4.0,"perc":4.7619047619047619,"total":84.0},"Various":{"raw":2.0,"perc":2.3809523809523809,"total":84.0},"School":{"raw":2.0,"perc":2.3809523809523809,"total":84.0},"Small Group (2-9)":{"raw":3.0,"perc":3.5714285714285712,"total":84.0},"Festival / Lg. Crowd":{"raw":1.0,"perc":1.1904761904761905,"total":84.0},"Military":{"raw":1.0,"perc":1.1904761904761905,"total":84.0}},"No Effect":{"Alone":{"raw":4.0,"perc":11.76470588235294,"total":34.0},"Unknown Context":{"raw":2.0,"perc":5.88235294117647,"total":34.0},"Not Applicable":{"raw":24.0,"perc":70.588235294117652,"total":34.0},"Hospital":{"raw":3.0,"perc":8.8235294117647065,"total":34.0},"School":{"raw":1.0,"perc":2.9411764705882351,"total":34.0}},"Extreme":{"Small Group (2-9)":{"raw":2.0,"perc":50.0,"total":4.0},"School":{"raw":1.0,"perc":25.0,"total":4.0},"Hospital":{"raw":1.0,"perc":25.0,"total":4.0}}},"Sleep Deprivation":{"Strong":{"Various":{"raw":10.0,"perc":37.037037037037038,"total":27.0},"Alone":{"raw":7.0,"perc":25.925925925925924,"total":27.0},"Small Group (2-9)":{"raw":6.0,"perc":22.222222222222221,"total":27.0},"Hospital":{"raw":1.0,"perc":3.7037037037037033,"total":27.0},"Unknown Context":{"raw":1.0,"perc":3.7037037037037033,"total":27.0},"Not Applicable":{"raw":2.0,"perc":7.4074074074074066,"total":27.0}},"Medium":{"Various":{"raw":7.0,"perc":25.0,"total":28.0},"Alone":{"raw":10.0,"perc":35.714285714285715,"total":28.0},"Small Group (2-9)":{"raw":6.0,"perc":21.428571428571427,"total":28.0},"Large Group (10+)":{"raw":2.0,"perc":7.1428571428571423,"total":28.0},"Not Applicable":{"raw":1.0,"perc":3.5714285714285712,"total":28.0},"Unknown Context":{"raw":2.0,"perc":7.1428571428571423,"total":28.0}},"Extreme":{"Various":{"raw":2.0,"perc":28.571428571428569,"total":7.0},"Small Group (2-9)":{"raw":3.0,"perc":42.857142857142854,"total":7.0},"Festival / Lg. Crowd":{"raw":1.0,"perc":14.285714285714285,"total":7.0},"Alone":{"raw":1.0,"perc":14.285714285714285,"total":7.0}}},"Dreams":{"Strong":{"Alone":{"raw":26.0,"perc":83.870967741935488,"total":31.0},"Unknown Context":{"raw":1.0,"perc":3.225806451612903,"total":31.0},"Small Group (2-9)":{"raw":3.0,"perc":9.67741935483871,"total":31.0},"Various":{"raw":1.0,"perc":3.225806451612903,"total":31.0}},"Medium":{"Alone":{"raw":72.0,"perc":76.59574468085107,"total":94.0},"Unknown Context":{"raw":3.0,"perc":3.1914893617021276,"total":94.0},"Small Group (2-9)":{"raw":5.0,"perc":5.3191489361702127,"total":94.0},"Not Applicable":{"raw":8.0,"perc":8.51063829787234,"total":94.0},"Hospital":{"raw":1.0,"perc":1.0638297872340425,"total":94.0},"Various":{"raw":4.0,"perc":4.25531914893617,"total":94.0},"Rave / Dance Event":{"raw":1.0,"perc":1.0638297872340425,"total":94.0}},"Extreme":{"Alone":{"raw":2.0,"perc":66.666666666666657,"total":3.0},"Small Group (2-9)":{"raw":1.0,"perc":33.333333333333329,"total":3.0}},"No Effect":{"Alone":{"raw":5.0,"perc":83.333333333333343,"total":6.0},"Unknown Context":{"raw":1.0,"perc":16.666666666666664,"total":6.0}}},"Endogenous":{"Medium":{"Alone":{"raw":5.0,"perc":38.461538461538467,"total":13.0},"Various":{"raw":2.0,"perc":15.384615384615385,"total":13.0},"Not Applicable":{"raw":5.0,"perc":38.461538461538467,"total":13.0},"Unknown Context":{"raw":1.0,"perc":7.6923076923076925,"total":13.0}},"Extreme":{"Hospital":{"raw":1.0,"perc":33.333333333333329,"total":3.0},"Alone":{"raw":1.0,"perc":33.333333333333329,"total":3.0},"Unknown Context":{"raw":1.0,"perc":33.333333333333329,"total":3.0}},"Strong":{"Small Group (2-9)":{"raw":3.0,"perc":50.0,"total":6.0},"Unknown Context":{"raw":1.0,"perc":16.666666666666664,"total":6.0},"Alone":{"raw":2.0,"perc":33.333333333333329,"total":6.0}}},"Police / Customs":{"Strong":{"Various":{"raw":9.0,"perc":30.0,"total":30.0},"Small Group (2-9)":{"raw":14.0,"perc":46.666666666666664,"total":30.0},"Festival / Lg. Crowd":{"raw":2.0,"perc":6.666666666666667,"total":30.0},"Alone":{"raw":3.0,"perc":10.0,"total":30.0},"Hospital":{"raw":2.0,"perc":6.666666666666667,"total":30.0}},"Medium":{"Large Group (10+)":{"raw":3.0,"perc":5.0847457627118651,"total":59.0},"Alone":{"raw":5.0,"perc":8.47457627118644,"total":59.0},"Small Group (2-9)":{"raw":27.0,"perc":45.762711864406782,"total":59.0},"Various":{"raw":12.0,"perc":20.33898305084746,"total":59.0},"Rave / Dance Event":{"raw":3.0,"perc":5.0847457627118651,"total":59.0},"School":{"raw":3.0,"perc":5.0847457627118651,"total":59.0},"Not Applicable":{"raw":2.0,"perc":3.3898305084745761,"total":59.0},"Hospital":{"raw":3.0,"perc":5.0847457627118651,"total":59.0},"Club / Bar":{"raw":1.0,"perc":1.6949152542372881,"total":59.0}},"Extreme":{"Small Group (2-9)":{"raw":12.0,"perc":40.0,"total":30.0},"Not Applicable":{"raw":1.0,"perc":3.3333333333333335,"total":30.0},"Various":{"raw":4.0,"perc":13.333333333333334,"total":30.0},"Alone":{"raw":6.0,"perc":20.0,"total":30.0},"Hospital":{"raw":4.0,"perc":13.333333333333334,"total":30.0},"Unknown Context":{"raw":1.0,"perc":3.3333333333333335,"total":30.0},"Rave / Dance Event":{"raw":1.0,"perc":3.3333333333333335,"total":30.0},"Festival / Lg. Crowd":{"raw":1.0,"perc":3.3333333333333335,"total":30.0}},"No Effect":{"Unknown Context":{"raw":1.0,"perc":14.285714285714285,"total":7.0},"Not Applicable":{"raw":4.0,"perc":57.142857142857139,"total":7.0},"Small Group (2-9)":{"raw":2.0,"perc":28.571428571428569,"total":7.0}}},"Meditation":{"Medium":{"Alone":{"raw":27.0,"perc":52.941176470588239,"total":51.0},"Not Applicable":{"raw":2.0,"perc":3.9215686274509802,"total":51.0},"Unknown Context":{"raw":3.0,"perc":5.88235294117647,"total":51.0},"Various":{"raw":6.0,"perc":11.76470588235294,"total":51.0},"Small Group (2-9)":{"raw":7.0,"perc":13.725490196078432,"total":51.0},"Large Group (10+)":{"raw":1.0,"perc":1.9607843137254901,"total":51.0},"Group Ceremony":{"raw":3.0,"perc":5.88235294117647,"total":51.0},"Rave / Dance Event":{"raw":2.0,"perc":3.9215686274509802,"total":51.0}},"Strong":{"Various":{"raw":7.0,"perc":26.923076923076923,"total":26.0},"Small Group (2-9)":{"raw":6.0,"perc":23.076923076923077,"total":26.0},"Alone":{"raw":11.0,"perc":42.307692307692307,"total":26.0},"Large Group (10+)":{"raw":1.0,"perc":3.8461538461538463,"total":26.0},"Group Ceremony":{"raw":1.0,"perc":3.8461538461538463,"total":26.0}},"Extreme":{"Hospital":{"raw":1.0,"perc":33.333333333333329,"total":3.0},"Small Group (2-9)":{"raw":1.0,"perc":33.333333333333329,"total":3.0},"Various":{"raw":1.0,"perc":33.333333333333329,"total":3.0}}},"OBE":{"Medium":{"Alone":{"raw":6.0,"perc":31.578947368421051,"total":19.0},"Small Group (2-9)":{"raw":10.0,"perc":52.631578947368418,"total":19.0},"Various":{"raw":1.0,"perc":5.2631578947368416,"total":19.0},"School":{"raw":1.0,"perc":5.2631578947368416,"total":19.0},"Not Applicable":{"raw":1.0,"perc":5.2631578947368416,"total":19.0}},"Extreme":{"Alone":{"raw":3.0,"perc":27.27272727272727,"total":11.0},"Large Group (10+)":{"raw":1.0,"perc":9.0909090909090917,"total":11.0},"Small Group (2-9)":{"raw":5.0,"perc":45.454545454545453,"total":11.0},"Various":{"raw":2.0,"perc":18.181818181818183,"total":11.0}},"Strong":{"Large Group (10+)":{"raw":1.0,"perc":4.0,"total":25.0},"Small Group (2-9)":{"raw":12.0,"perc":48.0,"total":25.0},"Alone":{"raw":11.0,"perc":44.0,"total":25.0},"Rave / Dance Event":{"raw":1.0,"perc":4.0,"total":25.0}}},"Ritual":{"Medium":{"Small Group (2-9)":{"raw":3.0,"perc":18.75,"total":16.0},"Festival / Lg. Crowd":{"raw":2.0,"perc":12.5,"total":16.0},"Alone":{"raw":3.0,"perc":18.75,"total":16.0},"Group Ceremony":{"raw":8.0,