{"Drug Testing":{"raw":148.0,"perc":0.58247077807076242,"total":25409.0},"Sleep Deprivation":{"raw":71.0,"perc":0.27942854893935221,"total":25409.0},"OBE":{"raw":60.0,"perc":0.23613680192057931,"total":25409.0},"Dreams":{"raw":248.0,"perc":0.97603211460506112,"total":25409.0},"Endogenous":{"raw":24.0,"perc":0.094454720768231734,"total":25409.0},"Police / Customs":{"raw":140.0,"perc":0.55098587114801845,"total":25409.0},"Meditation":{"raw":103.0,"perc":0.40536817663032787,"total":25409.0},"Ritual":{"raw":32.0,"perc":0.12593962769097564,"total":25409.0},"Breathing":{"raw":29.0,"perc":0.11413278759494668,"total":25409.0},"Hyperventilation":{"raw":12.0,"perc":0.047227360384115867,"total":25409.0},"Migraines":{"raw":24.0,"perc":0.094454720768231734,"total":25409.0},"Floatation Tank":{"raw":7.0,"perc":0.027549293557400923,"total":25409.0},"Fasting":{"raw":24.0,"perc":0.094454720768231734,"total":25409.0},"Guiding":{"raw":4.0,"perc":0.015742453461371955,"total":25409.0},"Nitrogen Narcosis":{"raw":5.0,"perc":0.019678066826714944,"total":25409.0},"Yoga / Bodywork":{"raw":41.0,"perc":0.16136014797906254,"total":25409.0},"Devices":{"raw":30.0,"perc":0.11806840096028966,"total":25409.0},"Devices - Mind Machine":{"raw":18.0,"perc":0.0708410405761738,"total":25409.0},"Mindfulness":{"raw":9.0,"perc":0.0354205202880869,"total":25409.0},"Devices - Magnetic":{"raw":2.0,"perc":0.0078712267306859773,"total":25409.0},"Sweating":{"raw":8.0,"perc":0.031484906922743909,"total":25409.0},"Conferences":{"raw":17.0,"perc":0.066905427210830815,"total":25409.0},"Chanting":{"raw":2.0,"perc":0.0078712267306859773,"total":25409.0},"Humor":{"raw":5.0,"perc":0.019678066826714944,"total":25409.0},"Music":{"raw":5.0,"perc":0.019678066826714944,"total":25409.0},"Sound (non-music)":{"raw":1.0,"perc":0.0039356133653429886,"total":25409.0}}