{"Drug Testing":{"Not-Specified":{"raw":12.0,"perc":8.1081081081081088,"total":148.0},"Male":{"raw":114.0,"perc":77.027027027027032,"total":148.0},"Female":{"raw":22.0,"perc":14.864864864864865,"total":148.0}},"Sleep Deprivation":{"Not-Specified":{"raw":5.0,"perc":7.042253521126761,"total":71.0},"Male":{"raw":59.0,"perc":83.098591549295776,"total":71.0},"Female":{"raw":7.0,"perc":9.8591549295774641,"total":71.0}},"OBE":{"Not-Specified":{"raw":4.0,"perc":6.666666666666667,"total":60.0},"Male":{"raw":52.0,"perc":86.666666666666671,"total":60.0},"Female":{"raw":4.0,"perc":6.666666666666667,"total":60.0}},"Dreams":{"Male":{"raw":207.0,"perc":83.467741935483872,"total":248.0},"Not-Specified":{"raw":17.0,"perc":6.854838709677419,"total":248.0},"Female":{"raw":24.0,"perc":9.67741935483871,"total":248.0}},"Endogenous":{"Not-Specified":{"raw":2.0,"perc":8.3333333333333321,"total":24.0},"Male":{"raw":20.0,"perc":83.333333333333343,"total":24.0},"Female":{"raw":2.0,"perc":8.3333333333333321,"total":24.0}},"Police / Customs":{"Male":{"raw":120.0,"perc":86.330935251798564,"total":139.0},"Female":{"raw":17.0,"perc":12.23021582733813,"total":139.0},"Not-Specified":{"raw":2.0,"perc":1.4388489208633095,"total":139.0}},"Meditation":{"Male":{"raw":86.0,"perc":83.495145631067956,"total":103.0},"Female":{"raw":10.0,"perc":9.70873786407767,"total":103.0},"Not-Specified":{"raw":7.0,"perc":6.7961165048543686,"total":103.0}},"Ritual":{"Male":{"raw":25.0,"perc":78.125,"total":32.0},"Not-Specified":{"raw":1.0,"perc":3.125,"total":32.0},"Female":{"raw":6.0,"perc":18.75,"total":32.0}},"Breathing":{"Male":{"raw":26.0,"perc":89.65517241379311,"total":29.0},"Not-Specified":{"raw":1.0,"perc":3.4482758620689653,"total":29.0},"Female":{"raw":2.0,"perc":6.8965517241379306,"total":29.0}},"Hyperventilation":{"Male":{"raw":11.0,"perc":91.666666666666657,"total":12.0},"Not-Specified":{"raw":1.0,"perc":8.3333333333333321,"total":12.0}},"Migraines":{"Female":{"raw":5.0,"perc":20.833333333333336,"total":24.0},"Male":{"raw":16.0,"perc":66.666666666666657,"total":24.0},"Not-Specified":{"raw":3.0,"perc":12.5,"total":24.0}},"Floatation Tank":{"Male":{"raw":5.0,"perc":71.428571428571431,"total":7.0},"Not-Specified":{"raw":1.0,"perc":14.285714285714285,"total":7.0},"Female":{"raw":1.0,"perc":14.285714285714285,"total":7.0}},"Fasting":{"Male":{"raw":19.0,"perc":79.166666666666657,"total":24.0},"Female":{"raw":3.0,"perc":12.5,"total":24.0},"Not-Specified":{"raw":2.0,"perc":8.3333333333333321,"total":24.0}},"Guiding":{"Male":{"raw":3.0,"perc":75.0,"total":4.0},"Female":{"raw":1.0,"perc":25.0,"total":4.0}},"Nitrogen Narcosis":{"Male":{"raw":5.0,"perc":100.0,"total":5.0}},"Yoga / Bodywork":{"Male":{"raw":30.0,"perc":73.170731707317074,"total":41.0},"Female":{"raw":9.0,"perc":21.951219512195124,"total":41.0},"Not-Specified":{"raw":2.0,"perc":4.8780487804878048,"total":41.0}},"Devices":{"Male":{"raw":24.0,"perc":80.0,"total":30.0},"Female":{"raw":5.0,"perc":16.666666666666664,"total":30.0},"Not-Specified":{"raw":1.0,"perc":3.3333333333333335,"total":30.0}},"Devices - Mind Machine":{"Male":{"raw":15.0,"perc":83.333333333333343,"total":18.0},"Female":{"raw":3.0,"perc":16.666666666666664,"total":18.0}},"Mindfulness":{"Male":{"raw":7.0,"perc":77.777777777777786,"total":9.0},"Female":{"raw":2.0,"perc":22.222222222222221,"total":9.0}},"Devices - Magnetic":{"Male":{"raw":2.0,"perc":100.0,"total":2.0}},"Sweating":{"Male":{"raw":7.0,"perc":87.5,"total":8.0},"Female":{"raw":1.0,"perc":12.5,"total":8.0}},"Conferences":{"Male":{"raw":5.0,"perc":29.411764705882355,"total":17.0},"Female":{"raw":2.0,"perc":11.76470588235294,"total":17.0},"Not-Specified":{"raw":10.0,"perc":58.82352941176471,"total":17.0}},"Chanting":{"Male":{"raw":2.0,"perc":100.0,"total":2.0}},"Humor":{"Male":{"raw":5.0,"perc":100.0,"total":5.0}},"Music":{"Male":{"raw":5.0,"perc":100.0,"total":5.0}},"Sound (non-music)":{"Male":{"raw":1.0,"perc":100.0,"total":1.0}}}