{"First Times":{"raw":6447.0,"perc":14.238388656993308,"total":45279.0},"General":{"raw":9243.0,"perc":20.413436692506458,"total":45279.0},"Difficult Experiences":{"raw":3646.0,"perc":8.052297974778595,"total":45279.0},"Nature / Outdoors":{"raw":762.0,"perc":1.6828993573179618,"total":45279.0},"Music Discussion":{"raw":986.0,"perc":2.1776099295479141,"total":45279.0},"Glowing Experiences":{"raw":3415.0,"perc":7.5421276971664568,"total":45279.0},"Post Trip Problems":{"raw":948.0,"perc":2.0936858146160473,"total":45279.0},"Retrospective / Summary":{"raw":3638.0,"perc":8.0346297400560971,"total":45279.0},"Mystical Experiences":{"raw":1406.0,"perc":3.1051922524790743,"total":45279.0},"Health Problems":{"raw":2193.0,"perc":4.8433048433048427,"total":45279.0},"Multi-Day Experience":{"raw":626.0,"perc":1.3825393670354911,"total":45279.0},"Sex Discussion":{"raw":670.0,"perc":1.4797146580092317,"total":45279.0},"Preparation / Recipes":{"raw":1006.0,"perc":2.2217805163541597,"total":45279.0},"Overdose":{"raw":908.0,"perc":2.0053446410035556,"total":45279.0},"Bad Trips":{"raw":1287.0,"perc":2.842377260981912,"total":45279.0},"Depression":{"raw":676.0,"perc":1.4929658340511054,"total":45279.0},"Entities / Beings":{"raw":1366.0,"perc":3.0168510788665825,"total":45279.0},"What Was in That?":{"raw":261.0,"perc":0.57642615782150664,"total":45279.0},"Health Benefits":{"raw":739.0,"perc":1.6321031824907795,"total":45279.0},"Second Hand Report":{"raw":281.0,"perc":0.62059674462775238,"total":45279.0},"Guides / Sitters":{"raw":440.0,"perc":0.97175290973740591,"total":45279.0},"Cultivation / Synthesis":{"raw":42.0,"perc":0.092758232293116014,"total":45279.0},"Hangover / Days After":{"raw":1473.0,"perc":3.2531637182799971,"total":45279.0},"Poetry":{"raw":88.0,"perc":0.19435058194748117,"total":45279.0},"Loss of Magic":{"raw":99.0,"perc":0.21864440469091634,"total":45279.0},"Families":{"raw":237.0,"perc":0.52342145365401183,"total":45279.0},"HPPD / Lasting Visuals":{"raw":196.0,"perc":0.43287175070120809,"total":45279.0},"Relationships":{"raw":674.0,"perc":1.4885487753704807,"total":45279.0},"Pregnancy / Baby":{"raw":13.0,"perc":0.028710881424059722,"total":45279.0},"Personal Preparation":{"raw":202.0,"perc":0.44612292674308174,"total":45279.0},"Medical Use":{"raw":708.0,"perc":1.5636387729410985,"total":45279.0},"Therapeutic Intent or Outcome":{"raw":481.0,"perc":1.0623026126902095,"total":45279.0},"Performance Enhancement":{"raw":120.0,"perc":0.26502352083747432,"total":45279.0},"Video":{"raw":2.0,"perc":0.0044170586806245721,"total":45279.0}}