{"Small Group (2-9)":{"Medium":{"Not-Specified":{"raw":289.0,"perc":6.85321318472848,"total":4217.0},"Male":{"raw":3338.0,"perc":79.155797960635525,"total":4217.0},"Female":{"raw":590.0,"perc":13.990988854635997,"total":4217.0}},"Strong":{"Male":{"raw":2322.0,"perc":81.047120418848166,"total":2865.0},"Not-Specified":{"raw":128.0,"perc":4.4677137870855148,"total":2865.0},"Female":{"raw":415.0,"perc":14.485165794066319,"total":2865.0}},"Extreme":{"Male":{"raw":446.0,"perc":77.430555555555557,"total":576.0},"Female":{"raw":114.0,"perc":19.791666666666664,"total":576.0},"Not-Specified":{"raw":16.0,"perc":2.7777777777777777,"total":576.0}},"No Effect":{"Male":{"raw":34.0,"perc":77.272727272727266,"total":44.0},"Not-Specified":{"raw":3.0,"perc":6.8181818181818175,"total":44.0},"Female":{"raw":7.0,"perc":15.909090909090908,"total":44.0}}},"Rave / Dance Event":{"Medium":{"Male":{"raw":133.0,"perc":65.196078431372555,"total":204.0},"Not-Specified":{"raw":24.0,"perc":11.76470588235294,"total":204.0},"Female":{"raw":47.0,"perc":23.03921568627451,"total":204.0}},"Strong":{"Not-Specified":{"raw":9.0,"perc":8.5714285714285712,"total":105.0},"Female":{"raw":34.0,"perc":32.38095238095238,"total":105.0},"Male":{"raw":62.0,"perc":59.047619047619051,"total":105.0}},"Extreme":{"Female":{"raw":5.0,"perc":31.25,"total":16.0},"Male":{"raw":11.0,"perc":68.75,"total":16.0}},"No Effect":{"Male":{"raw":1.0,"perc":100.0,"total":1.0}}},"Unknown Context":{"Medium":{"Not-Specified":{"raw":187.0,"perc":14.429012345679013,"total":1296.0},"Male":{"raw":964.0,"perc":74.382716049382708,"total":1296.0},"Female":{"raw":145.0,"perc":11.188271604938272,"total":1296.0}},"No Effect":{"Not-Specified":{"raw":8.0,"perc":9.30232558139535,"total":86.0},"Male":{"raw":67.0,"perc":77.906976744186053,"total":86.0},"Female":{"raw":11.0,"perc":12.790697674418606,"total":86.0}},"Strong":{"Not-Specified":{"raw":33.0,"perc":10.216718266253871,"total":323.0},"Male":{"raw":260.0,"perc":80.4953560371517,"total":323.0},"Female":{"raw":30.0,"perc":9.2879256965944279,"total":323.0}},"Extreme":{"Male":{"raw":43.0,"perc":70.491803278688522,"total":61.0},"Not-Specified":{"raw":6.0,"perc":9.8360655737704921,"total":61.0},"Female":{"raw":12.0,"perc":19.672131147540984,"total":61.0}}},"Festival / Lg. Crowd":{"Strong":{"Not-Specified":{"raw":8.0,"perc":6.557377049180328,"total":122.0},"Male":{"raw":91.0,"perc":74.590163934426229,"total":122.0},"Female":{"raw":23.0,"perc":18.852459016393443,"total":122.0}},"Medium":{"Not-Specified":{"raw":22.0,"perc":11.398963730569948,"total":193.0},"Male":{"raw":146.0,"perc":75.647668393782382,"total":193.0},"Female":{"raw":25.0,"perc":12.953367875647666,"total":193.0}},"Extreme":{"Not-Specified":{"raw":1.0,"perc":6.25,"total":16.0},"Male":{"raw":11.0,"perc":68.75,"total":16.0},"Female":{"raw":4.0,"perc":25.0,"total":16.0}},"No Effect":{"Not-Specified":{"raw":2.0,"perc":100.0,"total":2.0}}},"Alone":{"Medium":{"Male":{"raw":3133.0,"perc":86.955315015265057,"total":3603.0},"Not-Specified":{"raw":177.0,"perc":4.9125728559533721,"total":3603.0},"Female":{"raw":293.0,"perc":8.1321121287815714,"total":3603.0}},"Strong":{"Male":{"raw":1697.0,"perc":86.936475409836063,"total":1952.0},"Not-Specified":{"raw":95.0,"perc":4.8668032786885247,"total":1952.0},"Female":{"raw":160.0,"perc":8.19672131147541,"total":1952.0}},"No Effect":{"Male":{"raw":93.0,"perc":86.111111111111114,"total":108.0},"Not-Specified":{"raw":7.0,"perc":6.481481481481481,"total":108.0},"Female":{"raw":8.0,"perc":7.4074074074074066,"total":108.0}},"Extreme":{"Not-Specified":{"raw":19.0,"perc":5.4913294797687859,"total":346.0},"Male":{"raw":292.0,"perc":84.393063583815035,"total":346.0},"Female":{"raw":35.0,"perc":10.115606936416185,"total":346.0}}},"Large Group (10+)":{"Medium":{"Not-Specified":{"raw":32.0,"perc":12.749003984063744,"total":251.0},"Female":{"raw":39.0,"perc":15.53784860557769,"total":251.0},"Male":{"raw":180.0,"perc":71.713147410358573,"total":251.0}},"Strong":{"Not-Specified":{"raw":14.0,"perc":9.3333333333333339,"total":150.0},"Female":{"raw":22.0,"perc":14.666666666666666,"total":150.0},"Male":{"raw":114.0,"perc":76.0,"total":150.0}},"No Effect":{"Male":{"raw":2.0,"perc":66.666666666666657,"total":3.0},"Female":{"raw":1.0,"perc":33.333333333333329,"total":3.0}},"Extreme":{"Male":{"raw":22.0,"perc":70.967741935483872,"total":31.0},"Female":{"raw":8.0,"perc":25.806451612903224,"total":31.0},"Not-Specified":{"raw":1.0,"perc":3.225806451612903,"total":31.0}}},"Various":{"Medium":{"Not-Specified":{"raw":167.0,"perc":8.329177057356608,"total":2005.0},"Male":{"raw":1515.0,"perc":75.561097256857863,"total":2005.0},"Female":{"raw":323.0,"perc":16.109725685785538,"total":2005.0}},"Strong":{"Not-Specified":{"raw":44.0,"perc":5.67741935483871,"total":775.0},"Female":{"raw":119.0,"perc":15.354838709677418,"total":775.0},"Male":{"raw":612.0,"perc":78.967741935483872,"total":775.0}},"Extreme":{"Male":{"raw":146.0,"perc":78.494623655913969,"total":186.0},"Not-Specified":{"raw":8.0,"perc":4.3010752688172049,"total":186.0},"Female":{"raw":32.0,"perc":17.20430107526882,"total":186.0}},"No Effect":{"Not-Specified":{"raw":3.0,"perc":23.076923076923077,"total":13.0},"Male":{"raw":10.0,"perc":76.923076923076934,"total":13.0}}},"Not Applicable":{"Medium":{"Female":{"raw":219.0,"perc":18.449873631002529,"total":1187.0},"Male":{"raw":889.0,"perc":74.894692502106153,"total":1187.0},"Not-Specified":{"raw":79.0,"perc":6.6554338668913218,"total":1187.0}},"Strong":{"Female":{"raw":58.0,"perc":25.327510917030565,"total":229.0},"Male":{"raw":162.0,"perc":70.742358078602621,"total":229.0},"Not-Specified":{"raw":9.0,"perc":3.9301310043668125,"total":229.0}},"No Effect":{"Not-Specified":{"raw":11.0,"perc":14.666666666666666,"total":75.0},"Male":{"raw":55.0,"perc":73.333333333333329,"total":75.0},"Female":{"raw":9.0,"perc":12.0,"total":75.0}},"Extreme":{"Male":{"raw":39.0,"perc":75.0,"total":52.0},"Female":{"raw":11.0,"perc":21.153846153846153,"total":52.0},"Not-Specified":{"raw":2.0,"perc":3.8461538461538463,"total":52.0}}},"Club / Bar":{"Strong":{"Not-Specified":{"raw":5.0,"perc":6.666666666666667,"total":75.0},"Male":{"raw":54.0,"perc":72.0,"total":75.0},"Female":{"raw":16.0,"perc":21.333333333333336,"total":75.0}},"Medium":{"Male":{"raw":116.0,"perc":71.604938271604937,"total":162.0},"Not-Specified":{"raw":17.0,"perc":10.493827160493826,"total":162.0},"Female":{"raw":29.0,"perc":17.901234567901234,"total":162.0}},"Extreme":{"Male":{"raw":7.0,"perc":53.846153846153847,"total":13.0},"Female":{"raw":5.0,"perc":38.461538461538467,"total":13.0},"Not-Specified":{"raw":1.0,"perc":7.6923076923076925,"total":13.0}},"No Effect":{"Male":{"raw":2.0,"perc":100.0,"total":2.0}}},"Group Ceremony":{"Medium":{"Not-Specified":{"raw":2.0,"perc":5.2631578947368416,"total":38.0},"Male":{"raw":30.0,"perc":78.94736842105263,"total":38.0},"Female":{"raw":6.0,"perc":15.789473684210526,"total":38.0}},"Strong":{"Male":{"raw":24.0,"perc":58.536585365853654,"total":41.0},"Female":{"raw":14.0,"perc":34.146341463414636,"total":41.0},"Not-Specified":{"raw":3.0,"perc":7.3170731707317067,"total":41.0}},"No Effect":{"Male":{"raw":1.0,"perc":100.0,"total":1.0}},"Extreme":{"Female":{"raw":1.0,"perc":20.0,"total":5.0},"Not-Specified":{"raw":1.0,"perc":20.0,"total":5.0},"Male":{"raw":3.0,"perc":60.0,"total":5.0}}},"Hospital":{"Medium":{"Male":{"raw":64.0,"perc":79.012345679012341,"total":81.0},"Female":{"raw":14.0,"perc":17.283950617283949,"total":81.0},"Not-Specified":{"raw":3.0,"perc":3.7037037037037033,"total":81.0}},"Strong":{"Male":{"raw":70.0,"perc":80.459770114942529,"total":87.0},"Female":{"raw":16.0,"perc":18.390804597701148,"total":87.0},"Not-Specified":{"raw":1.0,"perc":1.1494252873563218,"total":87.0}},"Extreme":{"Male":{"raw":97.0,"perc":72.388059701492537,"total":134.0},"Female":{"raw":33.0,"perc":24.626865671641792,"total":134.0},"Not-Specified":{"raw":4.0,"perc":2.9850746268656714,"total":134.0}},"No Effect":{"Female":{"raw":1.0,"perc":16.666666666666664,