{"Small Group (2-9)":{"Not-Specified":{"Medium":{"raw":289.0,"perc":66.284403669724767,"total":436.0},"Strong":{"raw":128.0,"perc":29.357798165137616,"total":436.0},"Extreme":{"raw":16.0,"perc":3.669724770642202,"total":436.0},"No Effect":{"raw":3.0,"perc":0.68807339449541294,"total":436.0}},"Male":{"Medium":{"raw":3338.0,"perc":54.364820846905538,"total":6140.0},"Strong":{"raw":2322.0,"perc":37.817589576547235,"total":6140.0},"Extreme":{"raw":446.0,"perc":7.26384364820847,"total":6140.0},"No Effect":{"raw":34.0,"perc":0.55374592833876224,"total":6140.0}},"Female":{"Medium":{"raw":590.0,"perc":52.397868561278862,"total":1126.0},"Strong":{"raw":415.0,"perc":36.856127886323272,"total":1126.0},"Extreme":{"raw":114.0,"perc":10.124333925399645,"total":1126.0},"No Effect":{"raw":7.0,"perc":0.62166962699822381,"total":1126.0}}},"Rave / Dance Event":{"Male":{"Medium":{"raw":133.0,"perc":64.251207729468589,"total":207.0},"Strong":{"raw":62.0,"perc":29.951690821256037,"total":207.0},"Extreme":{"raw":11.0,"perc":5.3140096618357484,"total":207.0},"No Effect":{"raw":1.0,"perc":0.48309178743961351,"total":207.0}},"Not-Specified":{"Medium":{"raw":24.0,"perc":72.727272727272734,"total":33.0},"Strong":{"raw":9.0,"perc":27.27272727272727,"total":33.0}},"Female":{"Medium":{"raw":47.0,"perc":54.651162790697668,"total":86.0},"Extreme":{"raw":5.0,"perc":5.8139534883720927,"total":86.0},"Strong":{"raw":34.0,"perc":39.534883720930232,"total":86.0}}},"Unknown Context":{"Not-Specified":{"Medium":{"raw":187.0,"perc":79.914529914529922,"total":234.0},"No Effect":{"raw":8.0,"perc":3.4188034188034191,"total":234.0},"Strong":{"raw":33.0,"perc":14.102564102564102,"total":234.0},"Extreme":{"raw":6.0,"perc":2.5641025641025639,"total":234.0}},"Male":{"Medium":{"raw":964.0,"perc":72.263868065967017,"total":1334.0},"Strong":{"raw":260.0,"perc":19.490254872563717,"total":1334.0},"Extreme":{"raw":43.0,"perc":3.2233883058470769,"total":1334.0},"No Effect":{"raw":67.0,"perc":5.0224887556221889,"total":1334.0}},"Female":{"Medium":{"raw":145.0,"perc":73.232323232323239,"total":198.0},"Strong":{"raw":30.0,"perc":15.151515151515152,"total":198.0},"No Effect":{"raw":11.0,"perc":5.5555555555555554,"total":198.0},"Extreme":{"raw":12.0,"perc":6.0606060606060606,"total":198.0}}},"Festival / Lg. Crowd":{"Not-Specified":{"Strong":{"raw":8.0,"perc":24.242424242424242,"total":33.0},"Medium":{"raw":22.0,"perc":66.666666666666657,"total":33.0},"Extreme":{"raw":1.0,"perc":3.0303030303030303,"total":33.0},"No Effect":{"raw":2.0,"perc":6.0606060606060606,"total":33.0}},"Male":{"Strong":{"raw":91.0,"perc":36.693548387096776,"total":248.0},"Medium":{"raw":146.0,"perc":58.870967741935488,"total":248.0},"Extreme":{"raw":11.0,"perc":4.435483870967742,"total":248.0}},"Female":{"Medium":{"raw":25.0,"perc":48.07692307692308,"total":52.0},"Strong":{"raw":23.0,"perc":44.230769230769226,"total":52.0},"Extreme":{"raw":4.0,"perc":7.6923076923076925,"total":52.0}}},"Alone":{"Male":{"Medium":{"raw":3133.0,"perc":60.076701821668266,"total":5215.0},"Strong":{"raw":1697.0,"perc":32.540747842761263,"total":5215.0},"No Effect":{"raw":93.0,"perc":1.7833173537871525,"total":5215.0},"Extreme":{"raw":292.0,"perc":5.5992329817833175,"total":5215.0}},"Not-Specified":{"Strong":{"raw":95.0,"perc":31.879194630872483,"total":298.0},"Medium":{"raw":177.0,"perc":59.395973154362416,"total":298.0},"Extreme":{"raw":19.0,"perc":6.375838926174497,"total":298.0},"No Effect":{"raw":7.0,"perc":2.348993288590604,"total":298.0}},"Female":{"Strong":{"raw":160.0,"perc":32.258064516129032,"total":496.0},"Medium":{"raw":293.0,"perc":59.072580645161288,"total":496.0},"No Effect":{"raw":8.0,"perc":1.6129032258064515,"total":496.0},"Extreme":{"raw":35.0,"perc":7.0564516129032269,"total":496.0}}},"Large Group (10+)":{"Not-Specified":{"Medium":{"raw":32.0,"perc":68.085106382978722,"total":47.0},"Strong":{"raw":14.0,"perc":29.787234042553191,"total":47.0},"Extreme":{"raw":1.0,"perc":2.1276595744680851,"total":47.0}},"Female":{"Medium":{"raw":39.0,"perc":55.714285714285715,"total":70.0},"Strong":{"raw":22.0,"perc":31.428571428571427,"total":70.0},"No Effect":{"raw":1.0,"perc":1.4285714285714286,"total":70.0},"Extreme":{"raw":8.0,"perc":11.428571428571429,"total":70.0}},"Male":{"Medium":{"raw":180.0,"perc":56.60377358490566,"total":318.0},"Strong":{"raw":114.0,"perc":35.849056603773583,"total":318.0},"No Effect":{"raw":2.0,"perc":0.628930817610063,"total":318.0},"Extreme":{"raw":22.0,"perc":6.9182389937106921,"total":318.0}}},"Various":{"Not-Specified":{"Medium":{"raw":167.0,"perc":75.225225225225216,"total":222.0},"Strong":{"raw":44.0,"perc":19.81981981981982,"total":222.0},"Extreme":{"raw":8.0,"perc":3.6036036036036037,"total":222.0},"No Effect":{"raw":3.0,"perc":1.3513513513513513,"total":222.0}},"Male":{"Medium":{"raw":1515.0,"perc":66.360052562417877,"total":2283.0},"Extreme":{"raw":146.0,"perc":6.3950941743320193,"total":2283.0},"Strong":{"raw":612.0,"perc":26.806833114323258,"total":2283.0},"No Effect":{"raw":10.0,"perc":0.43802014892685059,"total":2283.0}},"Female":{"Strong":{"raw":119.0,"perc":25.105485232067508,"total":474.0},"Medium":{"raw":323.0,"perc":68.143459915611814,"total":474.0},"Extreme":{"raw":32.0,"perc":6.7510548523206744,"total":474.0}}},"Not Applicable":{"Female":{"Medium":{"raw":219.0,"perc":73.73737373737373,"total":297.0},"Strong":{"raw":58.0,"perc":19.528619528619529,"total":297.0},"Extreme":{"raw":11.0,"perc":3.7037037037037033,"total":297.0},"No Effect":{"raw":9.0,"perc":3.0303030303030303,"total":297.0}},"Male":{"Medium":{"raw":889.0,"perc":77.6419213973799,"total":1145.0},"Strong":{"raw":162.0,"perc":14.148471615720522,"total":1145.0},"No Effect":{"raw":55.0,"perc":4.8034934497816595,"total":1145.0},"Extreme":{"raw":39.0,"perc":3.4061135371179039,"total":1145.0}},"Not-Specified":{"Medium":{"raw":79.0,"perc":78.21782178217822,"total":101.0},"No Effect":{"raw":11.0,"perc":10.891089108910892,"total":101.0},"Strong":{"raw":9.0,"perc":8.91089108910891,"total":101.0},"Extreme":{"raw":2.0,"perc":1.9801980198019802,"total":101.0}}},"Club / Bar":{"Not-Specified":{"Strong":{"raw":5.0,"perc":21.739130434782609,"total":23.0},"Medium":{"raw":17.0,"perc":73.91304347826086,"total":23.0},"Extreme":{"raw":1.0,"perc":4.3478260869565215,"total":23.0}},"Male":{"Medium":{"raw":116.0,"perc":64.80446927374301,"total":179.0},"Strong":{"raw":54.0,"perc":30.16759776536313,"total":179.0},"Extreme":{"raw":7.0,"perc":3.9106145251396649,"total":179.0},"No Effect":{"raw":2.0,"perc":1.1173184357541899,"total":179.0}},"Female":{"Medium":{"raw":29.0,"perc":57.999999999999993,"total":50.0},"Strong":{"raw":16.0,"perc":32.0,"total":50.0},"Extreme":{"raw":5.0,"perc":10.0,"total":50.0}}},"Group Ceremony":{"Not-Specified":{"Medium":{"raw":2.0,"perc":33.333333333333329,"total":6.0},"Strong":{"raw":3.0,"perc":50.0,"total":6.0},"Extreme":{"raw":1.0,"perc":16.666666666666664,"total":6.0}},"Male":{"Medium":{"raw":30.0,"perc":51.724137931034484,"total":58.0},"Strong":{"raw":24.0,"perc":41.379310344827587,"total":58.0},"No Effect":{"raw":1.0,"perc":1.7241379310344827,"total":58.0},"Extreme":{"raw":3.0,"perc":5.1724137931034484,"total":58.0}},"Female":{"Medium":{"raw":6.0,"perc":28.571428571428569,"total":21.0},"Extreme":{"raw":1.0,"perc":4.7619047619047619,"total":21.0},"Strong":{"raw":14.0,"perc":66.666666666666657,"total":21.0}}},"Hospital":{"Male":{"Medium":{"raw":64.0,"perc":27.23404255319149,"total":235.0},"Strong":{"raw":70.0,"perc":29.787234042553191,"total":235.0},"Extreme":{"raw":97.0,"perc":41.276595744680847,"total":235.0},"No Effect":{"raw":4.0,"perc":1.7021276595744681,"total":235.0}},"Female":{"Medium":{"raw":14.0,"perc":21.875,"total":64.0},"Extreme":{"raw":33.0,"perc":51.5625,"total":64.0},"No Effect":{"raw":1.0,"perc":1.5625,"total":64.0},"Strong":{"raw":16.0,"perc":25.0,"total":64.0}},"Not-Specified":{"Medium":{"raw":3.0,"perc":33.333333333333329,"total":9.0},"Extreme":{"raw":4.0,"perc":44.444444444444443,"total":9.0},"No Effect":{"raw":1.0,