{"Not-Specified":{"Small Group (2-9)":{"raw":492.0,"perc":28.654630168899242,"total":1717.0},"Unknown Context":{"raw":277.0,"perc":16.132789749563191,"total":1717.0},"Festival / Lg. Crowd":{"raw":34.0,"perc":1.9801980198019802,"total":1717.0},"Rave / Dance Event":{"raw":33.0,"perc":1.92195690157251,"total":1717.0},"Club / Bar":{"raw":24.0,"perc":1.3977868375072802,"total":1717.0},"Large Group (10+)":{"raw":57.0,"perc":3.3197437390797906,"total":1717.0},"Various":{"raw":253.0,"perc":14.735002912055911,"total":1717.0},"Alone":{"raw":388.0,"perc":22.597553873034361,"total":1717.0},"Group Ceremony":{"raw":6.0,"perc":0.34944670937682004,"total":1717.0},"Not Applicable":{"raw":133.0,"perc":7.7460687245195112,"total":1717.0},"School":{"raw":9.0,"perc":0.52417006406523,"total":1717.0},"Hospital":{"raw":9.0,"perc":0.52417006406523,"total":1717.0},"Workplace":{"raw":1.0,"perc":0.058241118229470007,"total":1717.0},"Public Space (Museum, Park, etc)":{"raw":1.0,"perc":0.058241118229470007,"total":1717.0}},"Male":{"Rave / Dance Event":{"raw":217.0,"perc":1.0696505151081974,"total":20287.0},"Small Group (2-9)":{"raw":6635.0,"perc":32.70567358406862,"total":20287.0},"Alone":{"raw":6334.0,"perc":31.22196480504757,"total":20287.0},"Unknown Context":{"raw":1679.0,"perc":8.2762360132104309,"total":20287.0},"Various":{"raw":2593.0,"perc":12.781584265785973,"total":20287.0},"Club / Bar":{"raw":193.0,"perc":0.95134815399024009,"total":20287.0},"Large Group (10+)":{"raw":339.0,"perc":1.671020850791147,"total":20287.0},"Not Applicable":{"raw":1459.0,"perc":7.1917977029624875,"total":20287.0},"Festival / Lg. Crowd":{"raw":257.0,"perc":1.2668211169714596,"total":20287.0},"Hospital":{"raw":245.0,"perc":1.2076699364124808,"total":20287.0},"Group Ceremony":{"raw":60.0,"perc":0.29575590279489328,"total":20287.0},"School":{"raw":216.0,"perc":1.0647212500616157,"total":20287.0},"Public Space (Museum, Park, etc)":{"raw":24.0,"perc":0.11830236111795732,"total":20287.0},"Military":{"raw":13.0,"perc":0.064080445605560213,"total":20287.0},"Workplace":{"raw":19.0,"perc":0.093656035885049532,"total":20287.0},"Large Party":{"raw":4.0,"perc":0.019717060186326216,"total":20287.0}},"Female":{"Small Group (2-9)":{"raw":1215.0,"perc":36.160714285714285,"total":3360.0},"Large Group (10+)":{"raw":76.0,"perc":2.2619047619047619,"total":3360.0},"Not Applicable":{"raw":367.0,"perc":10.922619047619047,"total":3360.0},"Rave / Dance Event":{"raw":88.0,"perc":2.6190476190476191,"total":3360.0},"Unknown Context":{"raw":228.0,"perc":6.7857142857142856,"total":3360.0},"Various":{"raw":535.0,"perc":15.922619047619047,"total":3360.0},"Alone":{"raw":607.0,"perc":18.06547619047619,"total":3360.0},"Festival / Lg. Crowd":{"raw":58.0,"perc":1.7261904761904763,"total":3360.0},"Club / Bar":{"raw":52.0,"perc":1.5476190476190477,"total":3360.0},"School":{"raw":39.0,"perc":1.1607142857142858,"total":3360.0},"Hospital":{"raw":67.0,"perc":1.9940476190476188,"total":3360.0},"Group Ceremony":{"raw":21.0,"perc":0.625,"total":3360.0},"Large Party":{"raw":1.0,"perc":0.029761904761904764,"total":3360.0},"Workplace":{"raw":3.0,"perc":0.089285714285714288,"total":3360.0},"Public Space (Museum, Park, etc)":{"raw":3.0,"perc":0.089285714285714288,"total":3360.0}}}