{"Not-Specified":{"raw":1714.0,"perc":6.7693522906793051,"total":25320.0},"Male":{"raw":20248.0,"perc":79.968404423380719,"total":25320.0},"Female":{"raw":3358.0,"perc":13.262243285939967,"total":25320.0}}