{"Not-Specified":{"Drug Testing":{"raw":12.0,"perc":16.901408450704224,"total":71.0},"Sleep Deprivation":{"raw":5.0,"perc":7.042253521126761,"total":71.0},"OBE":{"raw":4.0,"perc":5.6338028169014089,"total":71.0},"Endogenous":{"raw":2.0,"perc":2.8169014084507045,"total":71.0},"Ritual":{"raw":1.0,"perc":1.4084507042253522,"total":71.0},"Dreams":{"raw":17.0,"perc":23.943661971830984,"total":71.0},"Breathing":{"raw":1.0,"perc":1.4084507042253522,"total":71.0},"Hyperventilation":{"raw":1.0,"perc":1.4084507042253522,"total":71.0},"Police / Customs":{"raw":2.0,"perc":2.8169014084507045,"total":71.0},"Meditation":{"raw":7.0,"perc":9.8591549295774641,"total":71.0},"Yoga / Bodywork":{"raw":2.0,"perc":2.8169014084507045,"total":71.0},"Fasting":{"raw":2.0,"perc":2.8169014084507045,"total":71.0},"Migraines":{"raw":3.0,"perc":4.225352112676056,"total":71.0},"Conferences":{"raw":10.0,"perc":14.084507042253522,"total":71.0},"Floatation Tank":{"raw":1.0,"perc":1.4084507042253522,"total":71.0},"Devices":{"raw":1.0,"perc":1.4084507042253522,"total":71.0}},"Male":{"Sleep Deprivation":{"raw":59.0,"perc":6.77382319173364,"total":871.0},"Dreams":{"raw":207.0,"perc":23.765786452353616,"total":871.0},"Drug Testing":{"raw":114.0,"perc":13.088404133180253,"total":871.0},"Police / Customs":{"raw":120.0,"perc":13.777267508610791,"total":871.0},"Meditation":{"raw":86.0,"perc":9.8737083811710669,"total":871.0},"OBE":{"raw":52.0,"perc":5.9701492537313428,"total":871.0},"Ritual":{"raw":25.0,"perc":2.8702640642939152,"total":871.0},"Endogenous":{"raw":20.0,"perc":2.2962112514351323,"total":871.0},"Breathing":{"raw":26.0,"perc":2.9850746268656714,"total":871.0},"Hyperventilation":{"raw":11.0,"perc":1.2629161882893225,"total":871.0},"Floatation Tank":{"raw":5.0,"perc":0.57405281285878307,"total":871.0},"Fasting":{"raw":19.0,"perc":2.1814006888633752,"total":871.0},"Guiding":{"raw":3.0,"perc":0.34443168771526977,"total":871.0},"Nitrogen Narcosis":{"raw":5.0,"perc":0.57405281285878307,"total":871.0},"Yoga / Bodywork":{"raw":30.0,"perc":3.4443168771526977,"total":871.0},"Migraines":{"raw":16.0,"perc":1.8369690011481057,"total":871.0},"Devices":{"raw":24.0,"perc":2.7554535017221582,"total":871.0},"Devices - Mind Machine":{"raw":15.0,"perc":1.7221584385763489,"total":871.0},"Mindfulness":{"raw":7.0,"perc":0.80367393800229625,"total":871.0},"Devices - Magnetic":{"raw":2.0,"perc":0.22962112514351321,"total":871.0},"Sweating":{"raw":7.0,"perc":0.80367393800229625,"total":871.0},"Conferences":{"raw":5.0,"perc":0.57405281285878307,"total":871.0},"Chanting":{"raw":2.0,"perc":0.22962112514351321,"total":871.0},"Humor":{"raw":5.0,"perc":0.57405281285878307,"total":871.0},"Music":{"raw":5.0,"perc":0.57405281285878307,"total":871.0},"Sound (non-music)":{"raw":1.0,"perc":0.11481056257175661,"total":871.0}},"Female":{"Migraines":{"raw":5.0,"perc":3.9682539682539679,"total":126.0},"Yoga / Bodywork":{"raw":9.0,"perc":7.1428571428571423,"total":126.0},"Drug Testing":{"raw":22.0,"perc":17.460317460317459,"total":126.0},"Meditation":{"raw":10.0,"perc":7.9365079365079358,"total":126.0},"Dreams":{"raw":24.0,"perc":19.047619047619047,"total":126.0},"Police / Customs":{"raw":17.0,"perc":13.492063492063492,"total":126.0},"Ritual":{"raw":6.0,"perc":4.7619047619047619,"total":126.0},"Fasting":{"raw":3.0,"perc":2.3809523809523809,"total":126.0},"Sleep Deprivation":{"raw":7.0,"perc":5.5555555555555554,"total":126.0},"OBE":{"raw":4.0,"perc":3.1746031746031744,"total":126.0},"Sweating":{"raw":1.0,"perc":0.79365079365079361,"total":126.0},"Guiding":{"raw":1.0,"perc":0.79365079365079361,"total":126.0},"Devices":{"raw":5.0,"perc":3.9682539682539679,"total":126.0},"Devices - Mind Machine":{"raw":3.0,"perc":2.3809523809523809,"total":126.0},"Conferences":{"raw":2.0,"perc":1.5873015873015872,"total":126.0},"Breathing":{"raw":2.0,"perc":1.5873015873015872,"total":126.0},"Endogenous":{"raw":2.0,"perc":1.5873015873015872,"total":126.0},"Floatation Tank":{"raw":1.0,"perc":0.79365079365079361,"total":126.0},"Mindfulness":{"raw":2.0,"perc":1.5873015873015872,"total":126.0}}}