{"First Times":{"Medium":{"raw":3629.0,"perc":64.16195190947667,"total":5656.0},"Strong":{"raw":1734.0,"perc":30.657708628005658,"total":5656.0},"Extreme":{"raw":231.0,"perc":4.0841584158415847,"total":5656.0},"No Effect":{"raw":62.0,"perc":1.0961810466760962,"total":5656.0}},"General":{"Medium":{"raw":5195.0,"perc":65.759493670886073,"total":7900.0},"Strong":{"raw":2280.0,"perc":28.860759493670884,"total":7900.0},"No Effect":{"raw":202.0,"perc":2.5569620253164556,"total":7900.0},"Extreme":{"raw":223.0,"perc":2.8227848101265822,"total":7900.0}},"Difficult Experiences":{"Strong":{"raw":1839.0,"perc":52.037351443123939,"total":3534.0},"Medium":{"raw":1206.0,"perc":34.125636672325975,"total":3534.0},"Extreme":{"raw":485.0,"perc":13.72382569326542,"total":3534.0},"No Effect":{"raw":4.0,"perc":0.11318619128466327,"total":3534.0}},"Nature / Outdoors":{"Strong":{"raw":230.0,"perc":31.420765027322407,"total":732.0},"Medium":{"raw":481.0,"perc":65.7103825136612,"total":732.0},"Extreme":{"raw":19.0,"perc":2.5956284153005464,"total":732.0},"No Effect":{"raw":2.0,"perc":0.273224043715847,"total":732.0}},"Music Discussion":{"Medium":{"raw":598.0,"perc":63.280423280423278,"total":945.0},"Strong":{"raw":310.0,"perc":32.804232804232804,"total":945.0},"Extreme":{"raw":37.0,"perc":3.9153439153439153,"total":945.0}},"Glowing Experiences":{"Medium":{"raw":2089.0,"perc":64.714993804213137,"total":3228.0},"Strong":{"raw":1063.0,"perc":32.930607187112763,"total":3228.0},"Extreme":{"raw":75.0,"perc":2.3234200743494422,"total":3228.0},"No Effect":{"raw":1.0,"perc":0.030978934324659233,"total":3228.0}},"Post Trip Problems":{"Strong":{"raw":297.0,"perc":32.963374028856826,"total":901.0},"Medium":{"raw":393.0,"perc":43.61820199778024,"total":901.0},"Extreme":{"raw":206.0,"perc":22.86348501664817,"total":901.0},"No Effect":{"raw":5.0,"perc":0.55493895671476134,"total":901.0}},"Mystical Experiences":{"Strong":{"raw":740.0,"perc":53.199137311286847,"total":1391.0},"Medium":{"raw":494.0,"perc":35.514018691588781,"total":1391.0},"Extreme":{"raw":157.0,"perc":11.286843997124372,"total":1391.0}},"Train Wrecks & Trip Disasters":{"Strong":{"raw":258.0,"perc":29.689298043728424,"total":869.0},"Medium":{"raw":209.0,"perc":24.050632911392405,"total":869.0},"Extreme":{"raw":395.0,"perc":45.454545454545453,"total":869.0},"No Effect":{"raw":7.0,"perc":0.805523590333717,"total":869.0}},"Retrospective / Summary":{"Medium":{"raw":2258.0,"perc":76.594301221166887,"total":2948.0},"Strong":{"raw":566.0,"perc":19.199457259158752,"total":2948.0},"No Effect":{"raw":37.0,"perc":1.2550881953867028,"total":2948.0},"Extreme":{"raw":87.0,"perc":2.9511533242876529,"total":2948.0}},"Addiction & Habituation":{"Medium":{"raw":956.0,"perc":69.476744186046517,"total":1376.0},"Strong":{"raw":325.0,"perc":23.619186046511629,"total":1376.0},"Extreme":{"raw":89.0,"perc":6.4680232558139537,"total":1376.0},"No Effect":{"raw":6.0,"perc":0.436046511627907,"total":1376.0}},"Health Problems":{"Medium":{"raw":972.0,"perc":48.262164846077461,"total":2014.0},"Strong":{"raw":619.0,"perc":30.734856007944387,"total":2014.0},"Extreme":{"raw":411.0,"perc":20.407149950347566,"total":2014.0},"No Effect":{"raw":12.0,"perc":0.59582919563058589,"total":2014.0}},"Multi-Day Experience":{"Medium":{"raw":265.0,"perc":45.454545454545453,"total":583.0},"Strong":{"raw":224.0,"perc":38.421955403087473,"total":583.0},"Extreme":{"raw":89.0,"perc":15.265866209262436,"total":583.0},"No Effect":{"raw":5.0,"perc":0.85763293310463129,"total":583.0}},"Sex Discussion":{"Medium":{"raw":418.0,"perc":72.068965517241381,"total":580.0},"Strong":{"raw":145.0,"perc":25.0,"total":580.0},"Extreme":{"raw":17.0,"perc":2.9310344827586206,"total":580.0}},"Preparation / Recipes":{"No Effect":{"raw":31.0,"perc":4.0522875816993462,"total":765.0},"Medium":{"raw":579.0,"perc":75.686274509803923,"total":765.0},"Extreme":{"raw":20.0,"perc":2.6143790849673203,"total":765.0},"Strong":{"raw":135.0,"perc":17.647058823529413,"total":765.0}},"Overdose":{"Medium":{"raw":175.0,"perc":19.422863485016649,"total":901.0},"Strong":{"raw":348.0,"perc":38.6237513873474,"total":901.0},"Extreme":{"raw":377.0,"perc":41.842397336293011,"total":901.0},"No Effect":{"raw":1.0,"perc":0.11098779134295228,"total":901.0}},"Bad Trips":{"Strong":{"raw":638.0,"perc":50.03921568627451,"total":1275.0},"Medium":{"raw":296.0,"perc":23.215686274509803,"total":1275.0},"Extreme":{"raw":341.0,"perc":26.745098039215687,"total":1275.0}},"Depression":{"Medium":{"raw":353.0,"perc":61.284722222222221,"total":576.0},"Strong":{"raw":179.0,"perc":31.076388888888889,"total":576.0},"Extreme":{"raw":43.0,"perc":7.4652777777777777,"total":576.0},"No Effect":{"raw":1.0,"perc":0.1736111111111111,"total":576.0}},"Entities / Beings":{"Medium":{"raw":435.0,"perc":32.462686567164177,"total":1340.0},"Strong":{"raw":718.0,"perc":53.582089552238813,"total":1340.0},"Extreme":{"raw":187.0,"perc":13.955223880597014,"total":1340.0}},"What Was in That?":{"Medium":{"raw":110.0,"perc":45.833333333333329,"total":240.0},"Strong":{"raw":103.0,"perc":42.916666666666664,"total":240.0},"No Effect":{"raw":7.0,"perc":2.9166666666666665,"total":240.0},"Extreme":{"raw":20.0,"perc":8.3333333333333321,"total":240.0}},"Second Hand Report":{"Medium":{"raw":103.0,"perc":39.163498098859314,"total":263.0},"No Effect":{"raw":10.0,"perc":3.8022813688212929,"total":263.0},"Extreme":{"raw":85.0,"perc":32.319391634980988,"total":263.0},"Strong":{"raw":65.0,"perc":24.714828897338403,"total":263.0}},"Guides / Sitters":{"Extreme":{"raw":71.0,"perc":16.321839080459771,"total":435.0},"Medium":{"raw":153.0,"perc":35.172413793103445,"total":435.0},"Strong":{"raw":210.0,"perc":48.275862068965516,"total":435.0},"No Effect":{"raw":1.0,"perc":0.22988505747126436,"total":435.0}},"Cultivation / Synthesis":{"Medium":{"raw":27.0,"perc":77.142857142857153,"total":35.0},"No Effect":{"raw":4.0,"perc":11.428571428571429,"total":35.0},"Strong":{"raw":3.0,"perc":8.5714285714285712,"total":35.0},"Extreme":{"raw":1.0,"perc":2.8571428571428572,"total":35.0}},"Hangover / Days After":{"Medium":{"raw":700.0,"perc":50.946142649199423,"total":1374.0},"Strong":{"raw":539.0,"perc":39.228529839883549,"total":1374.0},"Extreme":{"raw":134.0,"perc":9.75254730713246,"total":1374.0},"No Effect":{"raw":1.0,"perc":0.0727802037845706,"total":1374.0}},"Health Benefits":{"Medium":{"raw":438.0,"perc":82.330827067669176,"total":532.0},"Strong":{"raw":84.0,"perc":15.789473684210526,"total":532.0},"Extreme":{"raw":7.0,"perc":1.3157894736842104,"total":532.0},"No Effect":{"raw":3.0,"perc":0.56390977443609014,"total":532.0}},"Poetry":{"Medium":{"raw":60.0,"perc":72.289156626506028,"total":83.0},"Extreme":{"raw":4.0,"perc":4.8192771084337354,"total":83.0},"Strong":{"raw":19.0,"perc":22.891566265060241,"total":83.0}},"Loss of Magic":{"Medium":{"raw":75.0,"perc":83.333333333333343,"total":90.0},"Strong":{"raw":13.0,"perc":14.444444444444443,"total":90.0},"Extreme":{"raw":2.0,"perc":2.2222222222222223,"total":90.0}},"Families":{"Medium":{"raw":106.0,"perc":46.491228070175438,"total":228.0},"Strong":{"raw":82.0,"perc":35.964912280701753,"total":228.0},"Extreme":{"raw":37.0,"perc":16.228070175438596,"total":228.0},"No Effect":{"raw":3.0,"perc":1.3157894736842104,"total":228.0}},"HPPD / Lasting Visuals":{"Medium":{"raw":93.0,"perc":50.54347826086957,"total":184.0},"Strong":{"raw":61.0,"perc":33.152173913043477,"total":184.0},"Extreme":{"raw":30.0,"perc":16.304347826086957,"total":184.0}},"Relationships":{"Medium":{"raw":358.0,"perc":55.417956656346746,"total":646.0},"Strong":{"raw":234.0,"perc":36.222910216718269,"total":646.0},"Extreme":{"raw":53.0,"perc":8.204334365325078,"total":646.0},"No Effect":{"raw":1.0,"perc":0.15479876160990713,"total":646.0}},"Pregnancy / Baby":{"Medium":{"raw":5.0,"perc":41.666666666666671,"total":12.0},"Strong":{"raw":3.0,"perc":25.0,"total":12.0},"Extreme":{"raw":4.0,"perc":33.333333333333329,"total":12.0}},"Personal Preparation":{"Strong":{"raw":72.0,"perc":37.113402061855673,