{"Drug Testing":{"raw":148.0,"perc":13.844714686623011,"total":1069.0},"Sleep Deprivation":{"raw":71.0,"perc":6.6417212347988777,"total":1069.0},"OBE":{"raw":60.0,"perc":5.6127221702525727,"total":1069.0},"Dreams":{"raw":248.0,"perc":23.199251637043965,"total":1069.0},"Endogenous":{"raw":24.0,"perc":2.2450888681010288,"total":1069.0},"Police / Customs":{"raw":140.0,"perc":13.096351730589337,"total":1069.0},"Meditation":{"raw":103.0,"perc":9.6351730589335833,"total":1069.0},"Ritual":{"raw":32.0,"perc":2.9934518241347052,"total":1069.0},"Breathing":{"raw":29.0,"perc":2.7128157156220767,"total":1069.0},"Hyperventilation":{"raw":12.0,"perc":1.1225444340505144,"total":1069.0},"Migraines":{"raw":24.0,"perc":2.2450888681010288,"total":1069.0},"Floatation Tank":{"raw":7.0,"perc":0.65481758652946687,"total":1069.0},"Fasting":{"raw":24.0,"perc":2.2450888681010288,"total":1069.0},"Guiding":{"raw":4.0,"perc":0.37418147801683815,"total":1069.0},"Nitrogen Narcosis":{"raw":5.0,"perc":0.46772684752104771,"total":1069.0},"Yoga / Bodywork":{"raw":41.0,"perc":3.8353601496725913,"total":1069.0},"Devices":{"raw":30.0,"perc":2.8063610851262863,"total":1069.0},"Devices - Mind Machine":{"raw":18.0,"perc":1.6838166510757719,"total":1069.0},"Mindfulness":{"raw":9.0,"perc":0.841908325537886,"total":1069.0},"Devices - Magnetic":{"raw":2.0,"perc":0.18709073900841908,"total":1069.0},"Sweating":{"raw":8.0,"perc":0.74836295603367631,"total":1069.0},"Conferences":{"raw":17.0,"perc":1.5902712815715623,"total":1069.0},"Chanting":{"raw":2.0,"perc":0.18709073900841908,"total":1069.0},"Humor":{"raw":5.0,"perc":0.46772684752104771,"total":1069.0},"Music":{"raw":5.0,"perc":0.46772684752104771,"total":1069.0},"Sound (non-music)":{"raw":1.0,"perc":0.093545369504209538,"total":1069.0}}