{"Festival / Lg. Crowd":{"Drug Testing":{"raw":2.0,"perc":9.5238095238095237,"total":21.0},"Ritual":{"raw":2.0,"perc":9.5238095238095237,"total":21.0},"Police / Customs":{"raw":3.0,"perc":14.285714285714285,"total":21.0},"Conferences":{"raw":12.0,"perc":57.142857142857139,"total":21.0},"Sleep Deprivation":{"raw":1.0,"perc":4.7619047619047619,"total":21.0},"Yoga / Bodywork":{"raw":1.0,"perc":4.7619047619047619,"total":21.0}},"Various":{"Sleep Deprivation":{"raw":23.0,"perc":21.296296296296298,"total":108.0},"Police / Customs":{"raw":27.0,"perc":25.0,"total":108.0},"Endogenous":{"raw":2.0,"perc":1.8518518518518516,"total":108.0},"Yoga / Bodywork":{"raw":3.0,"perc":2.7777777777777777,"total":108.0},"Ritual":{"raw":4.0,"perc":3.7037037037037033,"total":108.0},"Meditation":{"raw":15.0,"perc":13.888888888888889,"total":108.0},"Fasting":{"raw":7.0,"perc":6.481481481481481,"total":108.0},"Migraines":{"raw":2.0,"perc":1.8518518518518516,"total":108.0},"OBE":{"raw":3.0,"perc":2.7777777777777777,"total":108.0},"Mindfulness":{"raw":3.0,"perc":2.7777777777777777,"total":108.0},"Dreams":{"raw":7.0,"perc":6.481481481481481,"total":108.0},"Devices":{"raw":1.0,"perc":0.92592592592592582,"total":108.0},"Devices - Mind Machine":{"raw":1.0,"perc":0.92592592592592582,"total":108.0},"Conferences":{"raw":1.0,"perc":0.92592592592592582,"total":108.0},"Drug Testing":{"raw":5.0,"perc":4.62962962962963,"total":108.0},"Music":{"raw":1.0,"perc":0.92592592592592582,"total":108.0},"Nitrogen Narcosis":{"raw":1.0,"perc":0.92592592592592582,"total":108.0},"Humor":{"raw":2.0,"perc":1.8518518518518516,"total":108.0}},"Alone":{"OBE":{"raw":23.0,"perc":5.1339285714285712,"total":448.0},"Dreams":{"raw":203.0,"perc":45.3125,"total":448.0},"Endogenous":{"raw":9.0,"perc":2.0089285714285716,"total":448.0},"Meditation":{"raw":53.0,"perc":11.830357142857142,"total":448.0},"Drug Testing":{"raw":12.0,"perc":2.6785714285714284,"total":448.0},"Police / Customs":{"raw":15.0,"perc":3.3482142857142856,"total":448.0},"Sleep Deprivation":{"raw":22.0,"perc":4.9107142857142856,"total":448.0},"Floatation Tank":{"raw":7.0,"perc":1.5625,"total":448.0},"Ritual":{"raw":5.0,"perc":1.1160714285714286,"total":448.0},"Yoga / Bodywork":{"raw":16.0,"perc":3.5714285714285712,"total":448.0},"Nitrogen Narcosis":{"raw":2.0,"perc":0.4464285714285714,"total":448.0},"Breathing":{"raw":13.0,"perc":2.9017857142857144,"total":448.0},"Hyperventilation":{"raw":5.0,"perc":1.1160714285714286,"total":448.0},"Devices":{"raw":20.0,"perc":4.4642857142857144,"total":448.0},"Devices - Mind Machine":{"raw":12.0,"perc":2.6785714285714284,"total":448.0},"Devices - Magnetic":{"raw":1.0,"perc":0.2232142857142857,"total":448.0},"Fasting":{"raw":11.0,"perc":2.4553571428571428,"total":448.0},"Sweating":{"raw":3.0,"perc":0.6696428571428571,"total":448.0},"Chanting":{"raw":2.0,"perc":0.4464285714285714,"total":448.0},"Conferences":{"raw":3.0,"perc":0.6696428571428571,"total":448.0},"Migraines":{"raw":3.0,"perc":0.6696428571428571,"total":448.0},"Mindfulness":{"raw":3.0,"perc":0.6696428571428571,"total":448.0},"Music":{"raw":3.0,"perc":0.6696428571428571,"total":448.0},"Humor":{"raw":1.0,"perc":0.2232142857142857,"total":448.0},"Sound (non-music)":{"raw":1.0,"perc":0.2232142857142857,"total":448.0}},"Unknown Context":{"Drug Testing":{"raw":16.0,"perc":33.333333333333329,"total":48.0},"Migraines":{"raw":8.0,"perc":16.666666666666664,"total":48.0},"Fasting":{"raw":1.0,"perc":2.083333333333333,"total":48.0},"Dreams":{"raw":5.0,"perc":10.416666666666668,"total":48.0},"Police / Customs":{"raw":2.0,"perc":4.1666666666666661,"total":48.0},"Breathing":{"raw":1.0,"perc":2.083333333333333,"total":48.0},"Hyperventilation":{"raw":1.0,"perc":2.083333333333333,"total":48.0},"Meditation":{"raw":3.0,"perc":6.25,"total":48.0},"Devices":{"raw":2.0,"perc":4.1666666666666661,"total":48.0},"Devices - Magnetic":{"raw":1.0,"perc":2.083333333333333,"total":48.0},"Devices - Mind Machine":{"raw":1.0,"perc":2.083333333333333,"total":48.0},"Endogenous":{"raw":3.0,"perc":6.25,"total":48.0},"Sleep Deprivation":{"raw":3.0,"perc":6.25,"total":48.0},"Yoga / Bodywork":{"raw":1.0,"perc":2.083333333333333,"total":48.0}},"Large Group (10+)":{"Police / Customs":{"raw":3.0,"perc":23.076923076923077,"total":13.0},"OBE":{"raw":2.0,"perc":15.384615384615385,"total":13.0},"Ritual":{"raw":1.0,"perc":7.6923076923076925,"total":13.0},"Sleep Deprivation":{"raw":2.0,"perc":15.384615384615385,"total":13.0},"Breathing":{"raw":2.0,"perc":15.384615384615385,"total":13.0},"Meditation":{"raw":3.0,"perc":23.076923076923077,"total":13.0}},"Small Group (2-9)":{"Ritual":{"raw":7.0,"perc":3.2110091743119269,"total":218.0},"Endogenous":{"raw":4.0,"perc":1.834862385321101,"total":218.0},"Breathing":{"raw":9.0,"perc":4.1284403669724776,"total":218.0},"Hyperventilation":{"raw":4.0,"perc":1.834862385321101,"total":218.0},"Police / Customs":{"raw":64.0,"perc":29.357798165137616,"total":218.0},"Guiding":{"raw":3.0,"perc":1.3761467889908259,"total":218.0},"Sleep Deprivation":{"raw":16.0,"perc":7.3394495412844041,"total":218.0},"Nitrogen Narcosis":{"raw":2.0,"perc":0.91743119266055051,"total":218.0},"Dreams":{"raw":18.0,"perc":8.2568807339449553,"total":218.0},"OBE":{"raw":29.0,"perc":13.302752293577983,"total":218.0},"Yoga / Bodywork":{"raw":16.0,"perc":7.3394495412844041,"total":218.0},"Meditation":{"raw":20.0,"perc":9.1743119266055047,"total":218.0},"Drug Testing":{"raw":5.0,"perc":2.2935779816513762,"total":218.0},"Migraines":{"raw":4.0,"perc":1.834862385321101,"total":218.0},"Sweating":{"raw":2.0,"perc":0.91743119266055051,"total":218.0},"Devices":{"raw":5.0,"perc":2.2935779816513762,"total":218.0},"Devices - Mind Machine":{"raw":3.0,"perc":1.3761467889908259,"total":218.0},"Humor":{"raw":2.0,"perc":0.91743119266055051,"total":218.0},"Mindfulness":{"raw":2.0,"perc":0.91743119266055051,"total":218.0},"Fasting":{"raw":1.0,"perc":0.45871559633027525,"total":218.0},"Music":{"raw":1.0,"perc":0.45871559633027525,"total":218.0},"Conferences":{"raw":1.0,"perc":0.45871559633027525,"total":218.0}},"Rave / Dance Event":{"Ritual":{"raw":1.0,"perc":10.0,"total":10.0},"Police / Customs":{"raw":4.0,"perc":40.0,"total":10.0},"Guiding":{"raw":1.0,"perc":10.0,"total":10.0},"OBE":{"raw":1.0,"perc":10.0,"total":10.0},"Meditation":{"raw":2.0,"perc":20.0,"total":10.0},"Dreams":{"raw":1.0,"perc":10.0,"total":10.0}},"School":{"Police / Customs":{"raw":4.0,"perc":44.444444444444443,"total":9.0},"Drug Testing":{"raw":4.0,"perc":44.444444444444443,"total":9.0},"OBE":{"raw":1.0,"perc":11.111111111111111,"total":9.0}},"Hospital":{"Endogenous":{"raw":1.0,"perc":3.5714285714285712,"total":28.0},"Dreams":{"raw":2.0,"perc":7.1428571428571423,"total":28.0},"Drug Testing":{"raw":12.0,"perc":42.857142857142854,"total":28.0},"Police / Customs":{"raw":9.0,"perc":32.142857142857146,"total":28.0},"Sleep Deprivation":{"raw":1.0,"perc":3.5714285714285712,"total":28.0},"Meditation":{"raw":1.0,"perc":3.5714285714285712,"total":28.0},"Fasting":{"raw":1.0,"perc":3.5714285714285712,"total":28.0},"Breathing":{"raw":1.0,"perc":3.5714285714285712,"total":28.0}},"Not Applicable":{"Drug Testing":{"raw":93.0,"perc":64.583333333333343,"total":144.0},"Police / Customs":{"raw":8.0,"perc":5.5555555555555554,"total":144.0},"Endogenous":{"raw":5.0,"perc":3.4722222222222223,"total":144.0},"Migraines":{"raw":7.0,"perc":4.8611111111111116,"total":144.0},"Meditation":{"raw":2.0,"perc":1.3888888888888888,"total":144.0},"Dreams":{"raw":12.0,"perc":8.3333333333333321,"total":144.0},"Breathing":{"raw":2.0,"perc":1.3888888888888888,"total":144.0},"Hyperventilation":{"raw":1.0,"perc":0.69444444444444442,"total":144.0},"Devices":{"raw":2.0,"perc":1.3888888888888888,"total":144.0},"Devices - Mind Machine":{"raw":1.0,"perc":0.69444444444444442,"total":144.0},"Mindfulness":{"raw":1.0,"perc":0.69444444444444442,"total":144.0},"Fasting":{"raw":3.0,"perc":2.083333333333333,"total":144.0},"OBE":{"raw":1.0,"perc":0.69444444444444442,"total":144.0},"Sleep Deprivation":{"raw":3.0,