{"General":{"Medium":{"Male":{"raw":3569.0,"perc":82.845868152274832},"Not-Specified":{"raw":321.0,"perc":7.4651162790697683},"Female":{"raw":418.0,"perc":9.7390493942218068}},"Strong":{"Male":{"raw":1674.0,"perc":84.07835258663988},"Not-Specified":{"raw":115.0,"perc":5.9462254395036194},"Female":{"raw":202.0,"perc":10.176322418136021}},"No Effect":{"Not-Specified":{"raw":13.0,"perc":17.80821917808219},"Male":{"raw":83.0,"perc":81.372549019607845},"Female":{"raw":6.0,"perc":5.9405940594059405}},"Extreme":{"Not-Specified":{"raw":7.0,"perc":5.46875},"Male":{"raw":166.0,"perc":83.838383838383834},"Female":{"raw":25.0,"perc":12.886597938144329}}},"First Times":{"Strong":{"Not-Specified":{"raw":59.0,"perc":3.8237200259235258},"Male":{"raw":1284.0,"perc":81.887755102040813},"Female":{"raw":225.0,"perc":14.358647096362475}},"Medium":{"Male":{"raw":2642.0,"perc":82.305295950155767},"Not-Specified":{"raw":148.0,"perc":4.62211118051218},"Female":{"raw":420.0,"perc":13.120899718837864}},"Extreme":{"Male":{"raw":187.0,"perc":90.77669902912622},"Female":{"raw":14.0,"perc":6.8627450980392162},"Not-Specified":{"raw":5.0,"perc":3.2467532467532463}},"No Effect":{"Male":{"raw":33.0,"perc":94.285714285714278},"Female":{"raw":2.0,"perc":9.0909090909090917}}},"Difficult Experiences":{"Strong":{"Not-Specified":{"raw":71.0,"perc":4.4738500315059859},"Female":{"raw":244.0,"perc":15.136476426799009},"Male":{"raw":1304.0,"perc":80.543545398394073}},"Medium":{"Not-Specified":{"raw":70.0,"perc":7.0564516129032269},"Male":{"raw":802.0,"perc":78.2439024390244},"Female":{"raw":153.0,"perc":14.94140625}},"Extreme":{"Not-Specified":{"raw":11.0,"perc":3.0303030303030303},"Male":{"raw":356.0,"perc":82.5986078886311},"Female":{"raw":64.0,"perc":14.953271028037381}},"No Effect":{"Male":{"raw":2.0,"perc":100.0}}},"Nature / Outdoors":{"Strong":{"Not-Specified":{"raw":7.0,"perc":4.3209876543209873},"Male":{"raw":193.0,"perc":86.936936936936931},"Female":{"raw":22.0,"perc":10.138248847926267}},"Medium":{"Male":{"raw":375.0,"perc":85.61643835616438},"Female":{"raw":49.0,"perc":11.421911421911423},"Not-Specified":{"raw":14.0,"perc":3.3333333333333335}},"Extreme":{"Male":{"raw":15.0,"perc":83.333333333333343},"Female":{"raw":2.0,"perc":16.666666666666664},"Not-Specified":{"raw":1.0,"perc":1.0}},"No Effect":{"Male":{"raw":2.0,"perc":100.0}}},"Music Discussion":{"Medium":{"Male":{"raw":488.0,"perc":86.3716814159292},"Not-Specified":{"raw":16.0,"perc":3.2454361054766734},"Female":{"raw":61.0,"perc":10.85409252669039}},"Strong":{"Not-Specified":{"raw":9.0,"perc":3.2374100719424459},"Male":{"raw":252.0,"perc":86.5979381443299},"Female":{"raw":30.0,"perc":10.676156583629894}},"Extreme":{"Male":{"raw":29.0,"perc":90.625},"Female":{"raw":1.0,"perc":1.0},"Not-Specified":{"raw":2.0,"perc":9.5238095238095237}}},"Post Trip Problems":{"Strong":{"Not-Specified":{"raw":9.0,"perc":3.7037037037037033},"Female":{"raw":47.0,"perc":18.503937007874015},"Male":{"raw":201.0,"perc":78.210116731517516}},"Medium":{"Not-Specified":{"raw":17.0,"perc":5.6478405315614619},"Female":{"raw":62.0,"perc":20.52980132450331},"Male":{"raw":223.0,"perc":74.5819397993311}},"Extreme":{"Male":{"raw":136.0,"perc":73.91304347826086},"Not-Specified":{"raw":7.0,"perc":4.0229885057471266},"Female":{"raw":41.0,"perc":22.905027932960895}},"No Effect":{"Male":{"raw":1.0,"perc":1.0}}},"Glowing Experiences":{"Strong":{"Male":{"raw":829.0,"perc":84.505606523955151},"Not-Specified":{"raw":29.0,"perc":3.0982905982905984},"Female":{"raw":124.0,"perc":12.627291242362526}},"Medium":{"Male":{"raw":1535.0,"perc":82.482536270822138},"Not-Specified":{"raw":80.0,"perc":4.329004329004329},"Female":{"raw":246.0,"perc":13.247172859450727}},"Extreme":{"Male":{"raw":62.0,"perc":91.17647058823529},"Female":{"raw":3.0,"perc":4.6875},"Not-Specified":{"raw":3.0,"perc":7.6923076923076925}},"No Effect":{"Not-Specified":{"raw":1.0,"perc":1.0}}},"Mystical Experiences":{"Strong":{"Male":{"raw":610.0,"perc":85.91549295774648},"Not-Specified":{"raw":37.0,"perc":5.2706552706552712},"Female":{"raw":63.0,"perc":9.1040462427745652}},"Medium":{"Male":{"raw":381.0,"perc":82.467532467532465},"Not-Specified":{"raw":29.0,"perc":6.3876651982378849},"Female":{"raw":52.0,"perc":11.279826464208242}},"Extreme":{"Not-Specified":{"raw":6.0,"perc":6.1224489795918364},"Male":{"raw":132.0,"perc":89.795918367346943},"Female":{"raw":9.0,"perc":6.3380281690140841}}},"Health Problems":{"Medium":{"Male":{"raw":536.0,"perc":71.849865951742629},"Not-Specified":{"raw":66.0,"perc":8.9795918367346932},"Female":{"raw":144.0,"perc":19.328859060402685}},"Strong":{"Female":{"raw":119.0,"perc":23.151750972762645},"Male":{"raw":375.0,"perc":71.701720841300187},"Not-Specified":{"raw":29.0,"perc":5.5876685934489405}},"Extreme":{"Not-Specified":{"raw":14.0,"perc":4.6511627906976747},"Male":{"raw":225.0,"perc":70.754716981132077},"Female":{"raw":79.0,"perc":25.079365079365079}},"No Effect":{"Male":{"raw":3.0,"perc":75.0},"Female":{"raw":1.0,"perc":1.0}}},"Train Wrecks & Trip Disasters":{"Medium":{"Male":{"raw":132.0,"perc":74.576271186440678},"Not-Specified":{"raw":14.0,"perc":11.111111111111111},"Female":{"raw":31.0,"perc":17.714285714285712}},"Strong":{"Not-Specified":{"raw":11.0,"perc":6.666666666666667},"Female":{"raw":48.0,"perc":23.188405797101449},"Male":{"raw":148.0,"perc":71.844660194174764}},"Extreme":{"Male":{"raw":260.0,"perc":81.761006289308185},"Female":{"raw":48.0,"perc":15.238095238095239},"Not-Specified":{"raw":10.0,"perc":3.4722222222222223}},"No Effect":{"Female":{"raw":2.0,"perc":40.0},"Male":{"raw":4.0,"perc":66.666666666666657}}},"Multi-Day Experience":{"Medium":{"Not-Specified":{"raw":11.0,"perc":4.9107142857142856},"Male":{"raw":205.0,"perc":85.416666666666657},"Female":{"raw":24.0,"perc":11.374407582938389}},"Strong":{"Not-Specified":{"raw":11.0,"perc":6.0439560439560438},"Male":{"raw":159.0,"perc":78.712871287128721},"Female":{"raw":33.0,"perc":16.256157635467979}},"Extreme":{"Male":{"raw":67.0,"perc":87.012987012987011},"Female":{"raw":8.0,"perc":11.940298507462686},"Not-Specified":{"raw":2.0,"perc":3.0303030303030303}},"No Effect":{"Male":{"raw":4.0,"perc":100.0}}},"Retrospective / Summary":{"Medium":{"Not-Specified":{"raw":157.0,"perc":8.4636118598382737},"Male":{"raw":1464.0,"perc":77.996803409696327},"Female":{"raw":256.0,"perc":13.646055437100213}},"Strong":{"Not-Specified":{"raw":23.0,"perc":4.6},"Female":{"raw":84.0,"perc":16.279069767441861},"Male":{"raw":411.0,"perc":79.343629343629345}},"No Effect":{"Male":{"raw":26.0,"perc":92.857142857142861},"Female":{"raw":2.0,"perc":11.76470588235294}},"Extreme":{"Male":{"raw":55.0,"perc":78.571428571428569},"Not-Specified":{"raw":3.0,"perc":11.111111111111111},"Female":{"raw":14.0,"perc":19.444444444444446}}},"Addiction & Habituation":{"Medium":{"Not-Specified":{"raw":53.0,"perc":7.4125874125874125},"Male":{"raw":492.0,"perc":67.95580110497238},"Female":{"raw":179.0,"perc":25.282485875706211}},"Strong":{"Not-Specified":{"raw":12.0,"perc":4.7058823529411766},"Female":{"raw":64.0,"perc":23.357664233576642},"Male":{"raw":200.0,"perc":72.463768115942031}},"Extreme":{"Male":{"raw":52.0,"perc":74.285714285714292},"Female":{"raw":15.0,"perc":23.809523809523807},"Not-Specified":{"raw":3.0,"perc":4.3478260869565215}},"No Effect":{"Female":{"raw":1.0,"perc":1.0},"Male":{"raw":4.0,"perc":66.666666666666657},"Not-Specified":{"raw":1.0,"perc":1.0}}},"Preparation / Recipes":{"No Effect":{"Not-Specified":{"raw":7.0,"perc":31.818181818181817},"Male":{"raw":14.0,"perc":66.666666666666657},"Female":{"raw":1.0,"perc":1.0}},"Medium":{"Not-Specified":{"raw":53.0,"perc":10.950413223140496},"Male":{"raw":417.0,"perc":83.903420523138834},"Female":{"raw":27.0,"perc":5.4655870445344128}},"Extreme":{"Not-Specified":{"raw":3.0,"perc":18.75},"Male":{"raw":12.0,"perc":66.666666666666657},"Female":{"raw":3.0,"perc":17.647058823529413}},"Strong":{"Not-Specified":{"raw":4.0,"perc":4.3478260869565215},"Male":{"raw":111.0,"perc":91.735537190082653},