{"General":{"Medium":{"raw":4308.0,"perc":65.233192004845549},"Strong":{"raw":1991.0,"perc":30.157528021811576},"No Effect":{"raw":102.0,"perc":1.5653775322283612},"Extreme":{"raw":203.0,"perc":3.0780894617134194}},"First Times":{"Strong":{"raw":1568.0,"perc":31.235059760956176},"Medium":{"raw":3210.0,"perc":63.918757467144559},"Extreme":{"raw":209.0,"perc":4.1766586730615511},"No Effect":{"raw":35.0,"perc":0.72583990045624225}},"Difficult Experiences":{"Strong":{"raw":1619.0,"perc":52.616184595385121},"Medium":{"raw":1025.0,"perc":33.268419344368709},"Extreme":{"raw":435.0,"perc":14.123376623376624},"No Effect":{"raw":2.0,"perc":0.10025062656641603}},"Nature / Outdoors":{"Strong":{"raw":222.0,"perc":32.599118942731273},"Medium":{"raw":438.0,"perc":64.411764705882362},"Extreme":{"raw":19.0,"perc":2.9503105590062111},"No Effect":{"raw":2.0,"perc":0.48661800486618007}},"Music Discussion":{"Medium":{"raw":565.0,"perc":63.483146067415731},"Strong":{"raw":291.0,"perc":32.844243792325059},"Extreme":{"raw":34.0,"perc":3.9673278879813303}},"Post Trip Problems":{"Strong":{"raw":257.0,"perc":34.496644295302012},"Medium":{"raw":302.0,"perc":40.646029609690444},"Extreme":{"raw":185.0,"perc":24.932614555256063},"No Effect":{"raw":1.0,"perc":1.0}},"Glowing Experiences":{"Strong":{"raw":982.0,"perc":33.699382292381607},"Medium":{"raw":1861.0,"perc":63.820301783264746},"Extreme":{"raw":72.0,"perc":2.4699828473413379},"No Effect":{"raw":1.0,"perc":1.0}},"Mystical Experiences":{"Strong":{"raw":710.0,"perc":53.828658074298708},"Medium":{"raw":462.0,"perc":35.053110773899846},"Extreme":{"raw":149.0,"perc":11.279333838001513}},"Health Problems":{"Medium":{"raw":746.0,"perc":46.829880728185813},"Strong":{"raw":523.0,"perc":32.9345088161209},"Extreme":{"raw":320.0,"perc":20.100502512562816},"No Effect":{"raw":4.0,"perc":0.34453057708871665}},"Train Wrecks & Trip Disasters":{"Medium":{"raw":177.0,"perc":24.964739069111424},"Strong":{"raw":207.0,"perc":29.032258064516132},"Extreme":{"raw":323.0,"perc":45.365168539325843},"No Effect":{"raw":6.0,"perc":0.91047040971168436}},"Multi-Day Experience":{"Medium":{"raw":240.0,"perc":45.801526717557252},"Strong":{"raw":203.0,"perc":39.03846153846154},"Extreme":{"raw":77.0,"perc":14.722753346080305},"No Effect":{"raw":4.0,"perc":0.77220077220077221}},"Retrospective / Summary":{"Medium":{"raw":1877.0,"perc":75.230460921843687},"Strong":{"raw":518.0,"perc":20.803212851405622},"No Effect":{"raw":28.0,"perc":1.1879507848960544},"Extreme":{"raw":72.0,"perc":2.8904054596547568}},"Addiction & Habituation":{"Medium":{"raw":724.0,"perc":67.286245353159842},"Strong":{"raw":276.0,"perc":25.69832402234637},"Extreme":{"raw":70.0,"perc":6.5237651444547993},"No Effect":{"raw":6.0,"perc":0.6741573033707865}},"Preparation / Recipes":{"No Effect":{"raw":22.0,"perc":3.5656401944894651},"Medium":{"raw":497.0,"perc":75.417298937784523},"Extreme":{"raw":18.0,"perc":2.7649769585253456},"Strong":{"raw":122.0,"perc":18.597560975609756}},"Overdose":{"Medium":{"raw":145.0,"perc":20.655270655270655},"Strong":{"raw":272.0,"perc":38.3638928067701},"Extreme":{"raw":295.0,"perc":41.432584269662918}},"Bad Trips":{"Strong":{"raw":568.0,"perc":51.125112511251125},"Medium":{"raw":248.0,"perc":22.302158273381295},"Extreme":{"raw":300.0,"perc":26.881720430107524}},"Depression":{"Medium":{"raw":298.0,"perc":60.323886639676118},"Strong":{"raw":156.0,"perc":31.707317073170731},"Extreme":{"raw":39.0,"perc":8.3155650319829419},"No Effect":{"raw":1.0,"perc":1.0}},"Sex Discussion":{"Medium":{"raw":369.0,"perc":72.35294117647058},"Strong":{"raw":125.0,"perc":24.461839530332679},"Extreme":{"raw":17.0,"perc":3.6093418259023355}},"Entities / Beings":{"Medium":{"raw":395.0,"perc":32.218597063621537},"Strong":{"raw":665.0,"perc":54.285714285714285},"Extreme":{"raw":167.0,"perc":13.61043194784026}},"What Was in That?":{"Medium":{"raw":75.0,"perc":46.875},"Strong":{"raw":69.0,"perc":43.670886075949369},"No Effect":{"raw":3.0,"perc":3.8961038961038961},"Extreme":{"raw":13.0,"perc":8.38709677419355}},"Second Hand Report":{"Medium":{"raw":78.0,"perc":41.269841269841265},"No Effect":{"raw":4.0,"perc":3.5087719298245612},"Extreme":{"raw":59.0,"perc":32.065217391304344},"Strong":{"raw":48.0,"perc":25.531914893617021}},"Guides / Sitters":{"Extreme":{"raw":68.0,"perc":16.625916870415647},"Medium":{"raw":140.0,"perc":34.146341463414636},"Strong":{"raw":202.0,"perc":49.509803921568633}},"Cultivation / Synthesis":{"Medium":{"raw":24.0,"perc":80.0},"No Effect":{"raw":2.0,"perc":18.181818181818183},"Strong":{"raw":3.0,"perc":11.538461538461538},"Extreme":{"raw":1.0,"perc":1.0}},"Hangover / Days After":{"Medium":{"raw":654.0,"perc":52.236421725239609},"Strong":{"raw":483.0,"perc":38.670936749399523},"Extreme":{"raw":115.0,"perc":9.2891760904684961}},"Health Benefits":{"Medium":{"raw":367.0,"perc":81.194690265486727},"Strong":{"raw":76.0,"perc":17.431192660550458},"Extreme":{"raw":7.0,"perc":1.8134715025906734},"No Effect":{"raw":2.0,"perc":0.48780487804878048}},"Poetry":{"Medium":{"raw":44.0,"perc":70.967741935483872},"Strong":{"raw":15.0,"perc":28.30188679245283},"Extreme":{"raw":3.0,"perc":6.9767441860465116}},"Loss of Magic":{"Medium":{"raw":56.0,"perc":81.159420289855078},"Strong":{"raw":12.0,"perc":17.142857142857142},"Extreme":{"raw":2.0,"perc":3.6363636363636362}},"HPPD / Lasting Visuals":{"Medium":{"raw":65.0,"perc":44.217687074829932},"Strong":{"raw":55.0,"perc":38.461538461538467},"Extreme":{"raw":28.0,"perc":18.918918918918919}},"Families":{"Medium":{"raw":85.0,"perc":44.736842105263158},"Strong":{"raw":74.0,"perc":38.541666666666671},"Extreme":{"raw":31.0,"perc":16.939890710382514},"No Effect":{"raw":2.0,"perc":1.6129032258064515}},"Relationships":{"Medium":{"raw":338.0,"perc":55.138662316476349},"Strong":{"raw":225.0,"perc":36.644951140065146},"Extreme":{"raw":50.0,"perc":9.0415913200723335},"No Effect":{"raw":1.0,"perc":1.0}},"Pregnancy / Baby":{"Medium":{"raw":3.0,"perc":42.857142857142854},"Strong":{"raw":2.0,"perc":25.0},"Extreme":{"raw":4.0,"perc":44.444444444444443}},"Personal Preparation":{"Strong":{"raw":68.0,"perc":39.306358381502889},"Medium":{"raw":96.0,"perc":55.172413793103445},"Extreme":{"raw":9.0,"perc":5.4216867469879517},"No Effect":{"raw":1.0,"perc":1.0}},"Medical Use":{"Medium":{"raw":308.0,"perc":72.300469483568079},"No Effect":{"raw":8.0,"perc":2.0512820512820511},"Strong":{"raw":92.0,"perc":21.800947867298579},"Extreme":{"raw":18.0,"perc":4.2352941176470589}},"Therapeutic Intent or Outcome":{"Extreme":{"raw":23.0,"perc":7.1651090342679122},"Medium":{"raw":200.0,"perc":58.651026392961882},"Strong":{"raw":118.0,"perc":34.80825958702065}},"Performance Enhancement":{"Strong":{"raw":10.0,"perc":20.0},"Medium":{"raw":53.0,"perc":79.1044776119403},"Extreme":{"raw":3.0,"perc":6.1224489795918364},"No Effect":{"raw":1.0,"perc":1.0}},"Video":{"Medium":{"raw":1.0,"perc":1.0},"Strong":{"raw":1.0,"perc":1.0}}}