{"General":{"Male":{"raw":6276.0,"perc":82.578947368421055},"Not-Specified":{"raw":567.0,"perc":7.4742947534932771},"Female":{"raw":757.0,"perc":9.9907615151115223}},"First Times":{"Not-Specified":{"raw":247.0,"perc":4.3624161073825505},"Male":{"raw":4691.0,"perc":82.70451339915374},"Female":{"raw":734.0,"perc":12.965907083554143}},"Difficult Experiences":{"Not-Specified":{"raw":159.0,"perc":5.1523007128969542},"Male":{"raw":2525.0,"perc":79.854522454142952},"Female":{"raw":478.0,"perc":15.14575411913815}},"Nature / Outdoors":{"Not-Specified":{"raw":27.0,"perc":3.9589442815249267},"Male":{"raw":608.0,"perc":85.875706214689259},"Female":{"raw":73.0,"perc":10.518731988472622}},"Music Discussion":{"Male":{"raw":799.0,"perc":86.942328618063115},"Not-Specified":{"raw":27.0,"perc":3.1802120141342751},"Female":{"raw":93.0,"perc":10.152838427947598}},"Post Trip Problems":{"Not-Specified":{"raw":36.0,"perc":4.6272493573264777},"Female":{"raw":155.0,"perc":19.871794871794872},"Male":{"raw":591.0,"perc":75.575447570332472}},"Retrospective / Summary":{"Not-Specified":{"raw":219.0,"perc":7.1685761047463172},"Male":{"raw":2436.0,"perc":78.834951456310677},"Female":{"raw":435.0,"perc":14.082227258012301}},"Glowing Experiences":{"Male":{"raw":2560.0,"perc":83.414793092212449},"Not-Specified":{"raw":118.0,"perc":3.8777522182057185},"Female":{"raw":391.0,"perc":12.748614281056406}},"Mystical Experiences":{"Male":{"raw":1135.0,"perc":85.2102102102102},"Not-Specified":{"raw":72.0,"perc":5.4836252856054832},"Female":{"raw":125.0,"perc":9.433962264150944}},"Health Problems":{"Male":{"raw":1241.0,"perc":72.109238814642652},"Not-Specified":{"raw":118.0,"perc":6.9452619187757509},"Female":{"raw":362.0,"perc":21.083284799068142}},"Train Wrecks & Trip Disasters":{"Male":{"raw":555.0,"perc":77.083333333333343},"Not-Specified":{"raw":36.0,"perc":5.1798561151079134},"Female":{"raw":130.0,"perc":18.030513176144243}},"Multi-Day Experience":{"Not-Specified":{"raw":25.0,"perc":4.6992481203007515},"Male":{"raw":465.0,"perc":82.593250444049744},"Female":{"raw":73.0,"perc":13.059033989266547}},"Addiction & Habituation":{"Not-Specified":{"raw":83.0,"perc":6.7206477732793521},"Male":{"raw":867.0,"perc":69.91935483870968},"Female":{"raw":290.0,"perc":23.500810372771475}},"Preparation / Recipes":{"Not-Specified":{"raw":88.0,"perc":10.46373365041617},"Male":{"raw":722.0,"perc":84.247374562427069},"Female":{"raw":47.0,"perc":5.50351288056206}},"Overdose":{"Not-Specified":{"raw":44.0,"perc":6.567164179104477},"Male":{"raw":538.0,"perc":75.668073136427566},"Female":{"raw":129.0,"perc":18.428571428571427}},"Bad Trips":{"Not-Specified":{"raw":64.0,"perc":5.7813911472448059},"Female":{"raw":210.0,"perc":18.73327386262266},"Male":{"raw":849.0,"perc":75.60106856634016}},"Depression":{"Not-Specified":{"raw":20.0,"perc":3.6297640653357535},"Female":{"raw":137.0,"perc":23.702422145328718},"Male":{"raw":424.0,"perc":72.9776247848537}},"Sex Discussion":{"Not-Specified":{"raw":23.0,"perc":4.8218029350104823},"Male":{"raw":441.0,"perc":75.513698630136986},"Female":{"raw":121.0,"perc":20.683760683760681}},"Entities / Beings":{"Not-Specified":{"raw":64.0,"perc":5.2159739201303994},"Male":{"raw":1095.0,"perc":87.6701361088871},"Female":{"raw":90.0,"perc":7.2173215717722536}},"What Was in That?":{"Not-Specified":{"raw":15.0,"perc":9.7402597402597415},"Male":{"raw":119.0,"perc":71.6867469879518},"Female":{"raw":32.0,"perc":19.512195121951219}},"Second Hand Report":{"Female":{"raw":48.0,"perc":25.0},"Male":{"raw":139.0,"perc":69.154228855721385},"Not-Specified":{"raw":14.0,"perc":7.216494845360824}},"Guides / Sitters":{"Male":{"raw":319.0,"perc":76.867469879518069},"Not-Specified":{"raw":18.0,"perc":4.4776119402985071},"Female":{"raw":78.0,"perc":19.451371571072318}},"Cultivation / Synthesis":{"Not-Specified":{"raw":11.0,"perc":47.826086956521742},"Male":{"raw":24.0,"perc":66.666666666666657},"Female":{"raw":1.0,"perc":1.0}},"Hangover / Days After":{"Male":{"raw":1057.0,"perc":79.235382308845587},"Not-Specified":{"raw":47.0,"perc":3.5258814703675916},"Female":{"raw":230.0,"perc":17.358490566037734}},"Health Benefits":{"Male":{"raw":498.0,"perc":80.3225806451613},"Female":{"raw":96.0,"perc":15.584415584415584},"Not-Specified":{"raw":27.0,"perc":4.3478260869565215}},"Poetry":{"Female":{"raw":14.0,"perc":21.53846153846154},"Not-Specified":{"raw":6.0,"perc":9.375},"Male":{"raw":45.0,"perc":71.428571428571431}},"Loss of Magic":{"Female":{"raw":20.0,"perc":27.397260273972602},"Male":{"raw":53.0,"perc":68.831168831168839},"Not-Specified":{"raw":4.0,"perc":5.2631578947368416}},"HPPD / Lasting Visuals":{"Not-Specified":{"raw":2.0,"perc":50.0},"Male":{"raw":140.0,"perc":90.322580645161281},"Female":{"raw":13.0,"perc":8.6666666666666679}},"Families":{"Male":{"raw":151.0,"perc":76.26262626262627},"Female":{"raw":33.0,"perc":17.010309278350515},"Not-Specified":{"raw":14.0,"perc":7.291666666666667}},"Relationships":{"Male":{"raw":474.0,"perc":74.411302982731556},"Female":{"raw":146.0,"perc":23.028391167192432},"Not-Specified":{"raw":17.0,"perc":2.8006589785831961}},"Pregnancy / Baby":{"Male":{"raw":3.0,"perc":50.0},"Female":{"raw":5.0,"perc":55.555555555555557},"Not-Specified":{"raw":1.0,"perc":1.0}},"Personal Preparation":{"Male":{"raw":154.0,"perc":85.0828729281768},"Female":{"raw":24.0,"perc":13.186813186813188},"Not-Specified":{"raw":4.0,"perc":2.877697841726619}},"Medical Use":{"Male":{"raw":420.0,"perc":72.164948453608247},"Female":{"raw":141.0,"perc":24.394463667820069},"Not-Specified":{"raw":21.0,"perc":3.6206896551724141}},"Therapeutic Intent or Outcome":{"Not-Specified":{"raw":14.0,"perc":3.8567493112947657},"Male":{"raw":297.0,"perc":80.487804878048792},"Female":{"raw":59.0,"perc":15.945945945945947}},"Performance Enhancement":{"Male":{"raw":69.0,"perc":82.142857142857139},"Female":{"raw":13.0,"perc":15.66265060240964},"Not-Specified":{"raw":2.0,"perc":3.0769230769230771}},"Video":{"Male":{"raw":2.0,"perc":100.0}}}