{"General":{"Male":{"Medium":{"raw":3569.0,"perc":64.985433357611072},"Strong":{"raw":1674.0,"perc":30.491803278688522},"Extreme":{"raw":166.0,"perc":3.0275396680649278},"No Effect":{"raw":83.0,"perc":1.532213402252169}},"Not-Specified":{"Medium":{"raw":321.0,"perc":70.39473684210526},"Strong":{"raw":115.0,"perc":25.386313465783665},"No Effect":{"raw":13.0,"perc":3.4946236559139781},"Extreme":{"raw":7.0,"perc":1.7994858611825193}},"Female":{"Medium":{"raw":418.0,"perc":64.3076923076923},"Strong":{"raw":202.0,"perc":31.124807395993837},"No Effect":{"raw":6.0,"perc":0.97087378640776689},"Extreme":{"raw":25.0,"perc":3.8402457757296471}}},"First Times":{"Not-Specified":{"Strong":{"raw":59.0,"perc":28.502415458937197},"Medium":{"raw":148.0,"perc":69.811320754716974},"Extreme":{"raw":5.0,"perc":2.7777777777777777}},"Male":{"Medium":{"raw":2642.0,"perc":63.724071394114809},"Strong":{"raw":1284.0,"perc":30.984555984555982},"Extreme":{"raw":187.0,"perc":4.5267489711934159},"No Effect":{"raw":33.0,"perc":0.8293541090726313}},"Female":{"Strong":{"raw":225.0,"perc":34.090909090909086},"Medium":{"raw":420.0,"perc":63.540090771558241},"Extreme":{"raw":14.0,"perc":2.1505376344086025},"No Effect":{"raw":2.0,"perc":0.51948051948051943}}},"Difficult Experiences":{"Not-Specified":{"Strong":{"raw":71.0,"perc":46.710526315789473},"Medium":{"raw":70.0,"perc":46.357615894039732},"Extreme":{"raw":11.0,"perc":7.8014184397163122}},"Male":{"Medium":{"raw":802.0,"perc":32.548701298701296},"Extreme":{"raw":356.0,"perc":14.453917986195696},"Strong":{"raw":1304.0,"perc":53.008130081300806},"No Effect":{"raw":2.0,"perc":0.12531328320802004}},"Female":{"Strong":{"raw":244.0,"perc":53.391684901531733},"Medium":{"raw":153.0,"perc":33.260869565217391},"Extreme":{"raw":64.0,"perc":13.882863340563992}}},"Nature / Outdoors":{"Not-Specified":{"Strong":{"raw":7.0,"perc":33.333333333333329},"Medium":{"raw":14.0,"perc":63.636363636363633},"Extreme":{"raw":1.0,"perc":1.0}},"Male":{"Medium":{"raw":375.0,"perc":64.212328767123282},"Strong":{"raw":193.0,"perc":32.991452991452988},"Extreme":{"raw":15.0,"perc":3.0991735537190084},"No Effect":{"raw":2.0,"perc":0.56818181818181823}},"Female":{"Medium":{"raw":49.0,"perc":68.055555555555557},"Strong":{"raw":22.0,"perc":30.136986301369863},"Extreme":{"raw":2.0,"perc":5.2631578947368416}}},"Music Discussion":{"Male":{"Medium":{"raw":488.0,"perc":63.459037711313393},"Strong":{"raw":252.0,"perc":32.898172323759788},"Extreme":{"raw":29.0,"perc":4.0559440559440558}},"Not-Specified":{"Medium":{"raw":16.0,"perc":61.53846153846154},"Strong":{"raw":9.0,"perc":33.333333333333329},"Extreme":{"raw":2.0,"perc":10.0}},"Female":{"Medium":{"raw":61.0,"perc":66.304347826086953},"Strong":{"raw":30.0,"perc":35.714285714285715},"Extreme":{"raw":1.0,"perc":1.0}}},"Post Trip Problems":{"Not-Specified":{"Strong":{"raw":9.0,"perc":29.032258064516132},"Medium":{"raw":17.0,"perc":51.515151515151516},"Extreme":{"raw":7.0,"perc":23.333333333333332}},"Female":{"Strong":{"raw":47.0,"perc":31.543624161073826},"Medium":{"raw":62.0,"perc":41.333333333333336},"Extreme":{"raw":41.0,"perc":28.082191780821919}},"Male":{"Medium":{"raw":223.0,"perc":40.035906642728904},"Extreme":{"raw":136.0,"perc":24.372759856630825},"Strong":{"raw":201.0,"perc":35.828877005347593},"No Effect":{"raw":1.0,"perc":1.0}}},"Glowing Experiences":{"Male":{"Strong":{"raw":829.0,"perc":34.1996699669967},"Medium":{"raw":1535.0,"perc":63.272877164056062},"Extreme":{"raw":62.0,"perc":2.5567010309278349}},"Not-Specified":{"Medium":{"raw":80.0,"perc":70.796460176991147},"Strong":{"raw":29.0,"perc":26.851851851851855},"Extreme":{"raw":3.0,"perc":3.6585365853658534},"No Effect":{"raw":1.0,"perc":1.0}},"Female":{"Strong":{"raw":124.0,"perc":33.243967828418228},"Medium":{"raw":246.0,"perc":66.129032258064512},"Extreme":{"raw":3.0,"perc":0.86206896551724133}}},"Mystical Experiences":{"Male":{"Strong":{"raw":610.0,"perc":54.415700267618192},"Medium":{"raw":381.0,"perc":34.017857142857146},"Extreme":{"raw":132.0,"perc":11.754229741763135}},"Not-Specified":{"Strong":{"raw":37.0,"perc":51.388888888888886},"Medium":{"raw":29.0,"perc":41.428571428571431},"Extreme":{"raw":6.0,"perc":10.0}},"Female":{"Medium":{"raw":52.0,"perc":41.935483870967744},"Strong":{"raw":63.0,"perc":53.389830508474581},"Extreme":{"raw":9.0,"perc":7.6923076923076925}}},"Health Problems":{"Male":{"Medium":{"raw":536.0,"perc":47.058823529411761},"Strong":{"raw":375.0,"perc":33.039647577092509},"Extreme":{"raw":225.0,"perc":19.77152899824253},"No Effect":{"raw":3.0,"perc":0.36719706242350064}},"Not-Specified":{"Medium":{"raw":66.0,"perc":60.550458715596335},"Extreme":{"raw":14.0,"perc":13.20754716981132},"Strong":{"raw":29.0,"perc":26.851851851851855}},"Female":{"Strong":{"raw":119.0,"perc":35.8433734939759},"Medium":{"raw":144.0,"perc":42.105263157894733},"Extreme":{"raw":79.0,"perc":23.03206997084548},"No Effect":{"raw":1.0,"perc":1.0}}},"Train Wrecks & Trip Disasters":{"Male":{"Medium":{"raw":132.0,"perc":24.399260628465804},"Extreme":{"raw":260.0,"perc":47.794117647058826},"Strong":{"raw":148.0,"perc":27.509293680297397},"No Effect":{"raw":4.0,"perc":0.79051383399209485}},"Not-Specified":{"Strong":{"raw":11.0,"perc":33.333333333333329},"Medium":{"raw":14.0,"perc":50.0},"Extreme":{"raw":10.0,"perc":28.571428571428569}},"Female":{"Strong":{"raw":48.0,"perc":37.2093023255814},"Medium":{"raw":31.0,"perc":24.409448818897637},"Extreme":{"raw":48.0,"perc":37.5},"No Effect":{"raw":2.0,"perc":1.7543859649122806}}},"Multi-Day Experience":{"Not-Specified":{"Medium":{"raw":11.0,"perc":45.833333333333329},"Strong":{"raw":11.0,"perc":47.826086956521742},"Extreme":{"raw":2.0,"perc":10.526315789473683}},"Male":{"Medium":{"raw":205.0,"perc":47.126436781609193},"Strong":{"raw":159.0,"perc":36.890951276102093},"Extreme":{"raw":67.0,"perc":15.43778801843318},"No Effect":{"raw":4.0,"perc":0.93023255813953487}},"Female":{"Strong":{"raw":33.0,"perc":50.769230769230766},"Medium":{"raw":24.0,"perc":42.105263157894733},"Extreme":{"raw":8.0,"perc":14.545454545454545}}},"Retrospective / Summary":{"Not-Specified":{"Medium":{"raw":157.0,"perc":85.792349726775953},"Strong":{"raw":23.0,"perc":13.142857142857142},"Extreme":{"raw":3.0,"perc":2.3255813953488373}},"Male":{"Medium":{"raw":1464.0,"perc":74.846625766871171},"No Effect":{"raw":26.0,"perc":1.4023732470334414},"Extreme":{"raw":55.0,"perc":2.9681597409606044},"Strong":{"raw":411.0,"perc":21.044546850998465}},"Female":{"Medium":{"raw":256.0,"perc":71.910112359550567},"Strong":{"raw":84.0,"perc":23.79603399433428},"Extreme":{"raw":14.0,"perc":3.943661971830986},"No Effect":{"raw":2.0,"perc":0.83333333333333337}}},"Addiction & Habituation":{"Not-Specified":{"Medium":{"raw":53.0,"perc":77.941176470588232},"Strong":{"raw":12.0,"perc":17.910447761194028},"Extreme":{"raw":3.0,"perc":4.3478260869565215},"No Effect":{"raw":1.0,"perc":1.0}},"Male":{"Medium":{"raw":492.0,"perc":65.775401069518708},"Strong":{"raw":200.0,"perc":26.809651474530831},"Extreme":{"raw":52.0,"perc":6.97986577181208},"No Effect":{"raw":4.0,"perc":0.67340067340067333}},"Female":{"Medium":{"raw":179.0,"perc":69.379844961240309},"Strong":{"raw":64.0,"perc":24.710424710424711},"Extreme":{"raw":15.0,"perc":5.928853754940711},"No Effect":{"raw":1.0,"perc":1.0}}},"Preparation / Recipes":{"Not-Specified":{"No Effect":{"raw":7.0,"perc":10.9375},"Medium":{"raw":53.0,"perc":79.1044776119403},"Extreme":{"raw":3.0,"perc":4.7619047619047619},"Strong":{"raw":4.0,"perc":6.8965517241379306}},"Male":{"No Effect":{"raw":14.0,"perc":2.88659793814433},"Medium":{"raw":417.0,"perc":75.270758122743686},"Strong":{"raw":111.0,"perc":20.21857923497268},"Extreme":{"raw":12.0,"perc":2.18978102189781}},"Female":{"Medium":{"raw":27.0,"perc":72.972972972972968},"Strong":{"raw":7.0,"perc":18.421052631578945},"Extreme":{"raw":3.0,"perc":8.3333333333333321},"No Effect":{"raw":1.0,"perc":1.0}}},"Overdose":{"Not-Specified":{"Medium":{"raw":15.0,"perc":34.883720930232556},"Strong":{"raw":14.0,