{"Rave / Dance Event":{"Male":{"Medium":{"raw":116.0,"perc":66.666666666666657},"Strong":{"raw":49.0,"perc":28.323699421965319},"Extreme":{"raw":9.0,"perc":5.69620253164557}},"Not-Specified":{"Medium":{"raw":19.0,"perc":73.076923076923066},"Strong":{"raw":8.0,"perc":29.629629629629626}},"Female":{"Medium":{"raw":32.0,"perc":51.612903225806448},"Strong":{"raw":27.0,"perc":44.26229508196721},"Extreme":{"raw":3.0,"perc":9.67741935483871}}},"Small Group (2-9)":{"Male":{"Medium":{"raw":2937.0,"perc":53.9889705882353},"Strong":{"raw":2067.0,"perc":38.003309431880858},"Extreme":{"raw":417.0,"perc":7.669670774324076},"No Effect":{"raw":19.0,"perc":0.35795026375282596}},"Not-Specified":{"Strong":{"raw":106.0,"perc":30.285714285714288},"Medium":{"raw":232.0,"perc":65.722379603399446},"Extreme":{"raw":13.0,"perc":3.8922155688622757},"No Effect":{"raw":2.0,"perc":1.1428571428571428}},"Female":{"Strong":{"raw":357.0,"perc":36.994818652849744},"Medium":{"raw":502.0,"perc":51.966873706004137},"Extreme":{"raw":104.0,"perc":10.78838174273859},"No Effect":{"raw":3.0,"perc":0.50420168067226889}}},"Unknown Context":{"Not-Specified":{"Medium":{"raw":131.0,"perc":80.8641975308642},"No Effect":{"raw":4.0,"perc":4.7058823529411766},"Strong":{"raw":26.0,"perc":16.7741935483871},"Extreme":{"raw":1.0,"perc":1.0}},"Male":{"Medium":{"raw":602.0,"perc":72.881355932203391},"Strong":{"raw":169.0,"perc":20.484848484848484},"Extreme":{"raw":24.0,"perc":2.9739776951672861},"No Effect":{"raw":31.0,"perc":4.0575916230366493}},"Female":{"Medium":{"raw":83.0,"perc":80.582524271844662},"Strong":{"raw":14.0,"perc":14.583333333333334},"No Effect":{"raw":3.0,"perc":2.9702970297029703},"Extreme":{"raw":3.0,"perc":4.0540540540540544}}},"Festival / Lg. Crowd":{"Not-Specified":{"Strong":{"raw":7.0,"perc":28.000000000000004},"Medium":{"raw":16.0,"perc":69.565217391304344},"No Effect":{"raw":2.0,"perc":9.5238095238095237}},"Male":{"Strong":{"raw":76.0,"perc":35.849056603773583},"Medium":{"raw":126.0,"perc":58.878504672897193},"Extreme":{"raw":12.0,"perc":5.9405940594059405}},"Female":{"Strong":{"raw":20.0,"perc":52.631578947368418},"Medium":{"raw":18.0,"perc":43.902439024390247},"Extreme":{"raw":3.0,"perc":11.538461538461538}}},"Alone":{"Male":{"Medium":{"raw":2698.0,"perc":59.414225941422593},"Strong":{"raw":1504.0,"perc":33.127753303964759},"No Effect":{"raw":64.0,"perc":1.4292094685127288},"Extreme":{"raw":275.0,"perc":6.0666225457754246}},"Not-Specified":{"Medium":{"raw":141.0,"perc":58.75},"Strong":{"raw":77.0,"perc":33.624454148471614},"Extreme":{"raw":17.0,"perc":7.296137339055794},"No Effect":{"raw":5.0,"perc":3.4482758620689653}},"Female":{"Strong":{"raw":131.0,"perc":34.383202099737531},"Medium":{"raw":223.0,"perc":59.151193633952261},"Extreme":{"raw":24.0,"perc":6.33245382585752},"No Effect":{"raw":3.0,"perc":0.94339622641509435}}},"Large Group (10+)":{"Not-Specified":{"Medium":{"raw":27.0,"perc":67.5},"Strong":{"raw":13.0,"perc":31.707317073170731},"Extreme":{"raw":1.0,"perc":1.0}},"Female":{"Medium":{"raw":30.0,"perc":51.724137931034484},"Strong":{"raw":21.0,"perc":38.181818181818187},"Extreme":{"raw":7.0,"perc":12.5}},"Male":{"Medium":{"raw":162.0,"perc":57.651245551601427},"Strong":{"raw":98.0,"perc":34.751773049645394},"Extreme":{"raw":21.0,"perc":7.7490774907749085},"No Effect":{"raw":1.0,"perc":1.0}}},"Various":{"Not-Specified":{"Medium":{"raw":127.0,"perc":74.269005847953224},"Strong":{"raw":35.0,"perc":21.341463414634145},"Extreme":{"raw":7.0,"perc":4.4303797468354427},"No Effect":{"raw":2.0,"perc":2.5641025641025639}},"Male":{"Medium":{"raw":1276.0,"perc":64.771573604060919},"Extreme":{"raw":132.0,"perc":6.7175572519083975},"Strong":{"raw":555.0,"perc":28.330781010719758},"No Effect":{"raw":7.0,"perc":0.49539985845718332}},"Female":{"Strong":{"raw":94.0,"perc":25.336927223719673},"Medium":{"raw":249.0,"perc":67.297297297297291},"Extreme":{"raw":28.0,"perc":7.5880758807588071}}},"Not Applicable":{"Female":{"Medium":{"raw":155.0,"perc":72.093023255813947},"Strong":{"raw":50.0,"perc":24.154589371980677},"No Effect":{"raw":3.0,"perc":2.9702970297029703},"Extreme":{"raw":7.0,"perc":3.6458333333333335}},"Male":{"Medium":{"raw":700.0,"perc":77.6914539400666},"Strong":{"raw":144.0,"perc":16.0},"No Effect":{"raw":29.0,"perc":3.44418052256532},"Extreme":{"raw":28.0,"perc":3.222094361334868}},"Not-Specified":{"Medium":{"raw":64.0,"perc":81.0126582278481},"No Effect":{"raw":7.0,"perc":9.0909090909090917},"Strong":{"raw":7.0,"perc":9.45945945945946},"Extreme":{"raw":2.0,"perc":2.5}}},"Club / Bar":{"Not-Specified":{"Strong":{"raw":4.0,"perc":19.047619047619047},"Medium":{"raw":16.0,"perc":84.210526315789465},"Extreme":{"raw":1.0,"perc":1.0}},"Male":{"Medium":{"raw":89.0,"perc":64.96350364963503},"Extreme":{"raw":8.0,"perc":6.4516129032258061},"Strong":{"raw":38.0,"perc":28.571428571428569},"No Effect":{"raw":2.0,"perc":2.1739130434782608}},"Female":{"Strong":{"raw":13.0,"perc":37.142857142857146},"Medium":{"raw":19.0,"perc":51.351351351351347},"Extreme":{"raw":5.0,"perc":20.0}}},"Group Ceremony":{"Not-Specified":{"Medium":{"raw":2.0,"perc":100.0},"Strong":{"raw":3.0,"perc":50.0},"Extreme":{"raw":1.0,"perc":1.0}},"Male":{"Medium":{"raw":28.0,"perc":56.000000000000007},"Strong":{"raw":21.0,"perc":38.888888888888893},"No Effect":{"raw":1.0,"perc":1.0},"Extreme":{"raw":4.0,"perc":7.5471698113207548}},"Female":{"Medium":{"raw":4.0,"perc":57.142857142857139},"Strong":{"raw":12.0,"perc":75.0}}},"Hospital":{"Male":{"Medium":{"raw":49.0,"perc":26.486486486486488},"Strong":{"raw":64.0,"perc":32.989690721649481},"Extreme":{"raw":81.0,"perc":41.3265306122449},"No Effect":{"raw":2.0,"perc":1.6528925619834711}},"Female":{"Medium":{"raw":10.0,"perc":21.739130434782609},"Extreme":{"raw":24.0,"perc":58.536585365853654},"No Effect":{"raw":1.0,"perc":1.0},"Strong":{"raw":12.0,"perc":25.531914893617021}},"Not-Specified":{"Medium":{"raw":2.0,"perc":50.0},"Extreme":{"raw":2.0,"perc":66.666666666666657},"Strong":{"raw":1.0,"perc":1.0}}},"School":{"Female":{"Medium":{"raw":12.0,"perc":41.379310344827587},"Extreme":{"raw":4.0,"perc":16.0},"Strong":{"raw":13.0,"perc":46.428571428571431}},"Male":{"Strong":{"raw":35.0,"perc":25.925925925925924},"Medium":{"raw":91.0,"perc":65.467625899280577},"Extreme":{"raw":12.0,"perc":8.75912408759124},"No Effect":{"raw":1.0,"perc":1.0}},"Not-Specified":{"Medium":{"raw":2.0,"perc":66.666666666666657},"Strong":{"raw":1.0,"perc":1.0}}},"Military":{"Male":{"Strong":{"raw":3.0,"perc":100.0},"Medium":{"raw":7.0,"perc":70.0}}},"Workplace":{"Female":{"Medium":{"raw":1.0,"perc":1.0},"Strong":{"raw":1.0,"perc":1.0}},"Male":{"Strong":{"raw":4.0,"perc":44.444444444444443},"Extreme":{"raw":1.0,"perc":1.0},"Medium":{"raw":9.0,"perc":64.285714285714292}},"Not-Specified":{"Strong":{"raw":1.0,"perc":1.0}}}}