{"Rave / Dance Event":{"Medium":{"Male":{"raw":116.0,"perc":69.461077844311376},"Not-Specified":{"raw":19.0,"perc":11.656441717791409},"Female":{"raw":32.0,"perc":19.277108433734941}},"Strong":{"Not-Specified":{"raw":8.0,"perc":10.38961038961039},"Female":{"raw":27.0,"perc":34.615384615384613},"Male":{"raw":49.0,"perc":58.333333333333336}},"Extreme":{"Male":{"raw":9.0,"perc":75.0},"Female":{"raw":3.0,"perc":42.857142857142854}}},"Small Group (2-9)":{"Medium":{"Male":{"raw":2937.0,"perc":80.0054481067829},"Not-Specified":{"raw":232.0,"perc":6.323248841646226},"Female":{"raw":502.0,"perc":13.685932388222465}},"Strong":{"Male":{"raw":2067.0,"perc":81.699604743083},"Not-Specified":{"raw":106.0,"perc":4.24},"Female":{"raw":357.0,"perc":14.116251482799525}},"Extreme":{"Male":{"raw":417.0,"perc":78.089887640449433},"Female":{"raw":104.0,"perc":19.512195121951219},"Not-Specified":{"raw":13.0,"perc":2.73109243697479}},"No Effect":{"Male":{"raw":19.0,"perc":79.166666666666657},"Not-Specified":{"raw":2.0,"perc":66.666666666666657},"Female":{"raw":3.0,"perc":15.0}}},"Unknown Context":{"Medium":{"Not-Specified":{"raw":131.0,"perc":16.232961586121437},"Male":{"raw":602.0,"perc":73.774509803921575},"Female":{"raw":83.0,"perc":10.22167487684729}},"No Effect":{"Not-Specified":{"raw":4.0,"perc":57.142857142857139},"Male":{"raw":31.0,"perc":83.78378378378379},"Female":{"raw":3.0,"perc":7.8947368421052628}},"Strong":{"Not-Specified":{"raw":26.0,"perc":12.935323383084576},"Male":{"raw":169.0,"perc":80.861244019138752},"Female":{"raw":14.0,"perc":6.9306930693069315}},"Extreme":{"Male":{"raw":24.0,"perc":85.714285714285708},"Not-Specified":{"raw":1.0,"perc":1.0},"Female":{"raw":3.0,"perc":13.636363636363635}}},"Festival / Lg. Crowd":{"Strong":{"Not-Specified":{"raw":7.0,"perc":7.07070707070707},"Male":{"raw":76.0,"perc":73.7864077669903},"Female":{"raw":20.0,"perc":21.50537634408602}},"Medium":{"Not-Specified":{"raw":16.0,"perc":13.008130081300814},"Male":{"raw":126.0,"perc":78.75},"Female":{"raw":18.0,"perc":11.76470588235294}},"Extreme":{"Male":{"raw":12.0,"perc":80.0},"Female":{"raw":3.0,"perc":27.27272727272727}},"No Effect":{"Not-Specified":{"raw":2.0,"perc":100.0}}},"Alone":{"Medium":{"Male":{"raw":2698.0,"perc":88.112344872632264},"Not-Specified":{"raw":141.0,"perc":4.6320630749014455},"Female":{"raw":223.0,"perc":7.3379401118789076}},"Strong":{"Male":{"raw":1504.0,"perc":87.850467289719631},"Not-Specified":{"raw":77.0,"perc":5.1027170311464545},"Female":{"raw":131.0,"perc":7.6608187134502934}},"No Effect":{"Male":{"raw":64.0,"perc":88.888888888888886},"Not-Specified":{"raw":5.0,"perc":16.129032258064516},"Female":{"raw":3.0,"perc":4.4117647058823533}},"Extreme":{"Not-Specified":{"raw":17.0,"perc":5.7823129251700678},"Male":{"raw":275.0,"perc":87.0253164556962},"Female":{"raw":24.0,"perc":7.6677316293929714}}},"Large Group (10+)":{"Medium":{"Not-Specified":{"raw":27.0,"perc":12.676056338028168},"Female":{"raw":30.0,"perc":13.698630136986301},"Male":{"raw":162.0,"perc":74.311926605504581}},"Strong":{"Not-Specified":{"raw":13.0,"perc":10.0},"Female":{"raw":21.0,"perc":16.8},"Male":{"raw":98.0,"perc":74.242424242424249}},"Extreme":{"Male":{"raw":21.0,"perc":72.41379310344827},"Female":{"raw":7.0,"perc":25.0},"Not-Specified":{"raw":1.0,"perc":1.0}},"No Effect":{"Male":{"raw":1.0,"perc":1.0}}},"Various":{"Medium":{"Not-Specified":{"raw":127.0,"perc":7.9723791588198365},"Male":{"raw":1276.0,"perc":77.239709443099272},"Female":{"raw":249.0,"perc":15.2014652014652}},"Strong":{"Not-Specified":{"raw":35.0,"perc":5.5555555555555554},"Female":{"raw":94.0,"perc":13.803230543318648},"Male":{"raw":555.0,"perc":81.140350877192986}},"Extreme":{"Male":{"raw":132.0,"perc":79.041916167664667},"Not-Specified":{"raw":7.0,"perc":4.895104895104895},"Female":{"raw":28.0,"perc":16.867469879518072}},"No Effect":{"Not-Specified":{"raw":2.0,"perc":100.0},"Male":{"raw":7.0,"perc":77.777777777777786}}},"Not Applicable":{"Medium":{"Female":{"raw":155.0,"perc":16.866158868335145},"Male":{"raw":700.0,"perc":76.252723311546845},"Not-Specified":{"raw":64.0,"perc":7.1111111111111107}},"Strong":{"Female":{"raw":50.0,"perc":25.380710659898476},"Male":{"raw":144.0,"perc":71.641791044776113},"Not-Specified":{"raw":7.0,"perc":3.763440860215054}},"No Effect":{"Not-Specified":{"raw":7.0,"perc":17.948717948717949},"Male":{"raw":29.0,"perc":76.31578947368422},"Female":{"raw":3.0,"perc":18.75}},"Extreme":{"Male":{"raw":28.0,"perc":77.777777777777786},"Not-Specified":{"raw":2.0,"perc":5.4054054054054053},"Female":{"raw":7.0,"perc":21.212121212121211}}},"Club / Bar":{"Strong":{"Not-Specified":{"raw":4.0,"perc":7.8431372549019605},"Male":{"raw":38.0,"perc":69.0909090909091},"Female":{"raw":13.0,"perc":24.528301886792452}},"Medium":{"Male":{"raw":89.0,"perc":72.357723577235774},"Not-Specified":{"raw":16.0,"perc":14.035087719298245},"Female":{"raw":19.0,"perc":15.32258064516129}},"Extreme":{"Male":{"raw":8.0,"perc":57.142857142857139},"Female":{"raw":5.0,"perc":45.454545454545453},"Not-Specified":{"raw":1.0,"perc":1.0}},"No Effect":{"Male":{"raw":2.0,"perc":100.0}}},"Group Ceremony":{"Medium":{"Not-Specified":{"raw":2.0,"perc":40.0},"Male":{"raw":28.0,"perc":82.35294117647058},"Female":{"raw":4.0,"perc":40.0}},"Strong":{"Male":{"raw":21.0,"perc":58.333333333333336},"Female":{"raw":12.0,"perc":36.363636363636367},"Not-Specified":{"raw":3.0,"perc":9.67741935483871}},"No Effect":{"Male":{"raw":1.0,"perc":1.0}},"Extreme":{"Not-Specified":{"raw":1.0,"perc":1.0},"Male":{"raw":4.0,"perc":80.0}}},"Hospital":{"Medium":{"Male":{"raw":49.0,"perc":81.666666666666671},"Female":{"raw":10.0,"perc":16.393442622950818},"Not-Specified":{"raw":2.0,"perc":6.0606060606060606}},"Strong":{"Male":{"raw":64.0,"perc":83.116883116883116},"Female":{"raw":12.0,"perc":16.666666666666664},"Not-Specified":{"raw":1.0,"perc":1.0}},"Extreme":{"Male":{"raw":81.0,"perc":75.700934579439249},"Female":{"raw":24.0,"perc":27.586206896551722},"Not-Specified":{"raw":2.0,"perc":3.3333333333333335}},"No Effect":{"Female":{"raw":1.0,"perc":1.0},"Male":{"raw":2.0,"perc":66.666666666666657}}},"School":{"Medium":{"Female":{"raw":12.0,"perc":12.371134020618557},"Male":{"raw":91.0,"perc":87.5},"Not-Specified":{"raw":2.0,"perc":1.9047619047619049}},"Strong":{"Male":{"raw":35.0,"perc":71.428571428571431},"Female":{"raw":13.0,"perc":29.545454545454547},"Not-Specified":{"raw":1.0,"perc":1.0}},"Extreme":{"Female":{"raw":4.0,"perc":36.363636363636367},"Male":{"raw":12.0,"perc":75.0}},"No Effect":{"Male":{"raw":1.0,"perc":1.0}}},"Military":{"Strong":{"Male":{"raw":3.0,"perc":100.0}},"Medium":{"Male":{"raw":7.0,"perc":100.0}}},"Workplace":{"Medium":{"Female":{"raw":1.0,"perc":1.0},"Male":{"raw":9.0,"perc":90.0}},"Strong":{"Male":{"raw":4.0,"perc":80.0},"Female":{"raw":1.0,"perc":1.0},"Not-Specified":{"raw":1.0,"perc":1.0}},"Extreme":{"Male":{"raw":1.0,"perc":1.0}}}}