{"Mushrooms":{"raw":1754.0,"perc":8.04845592621484},"MDMA":{"raw":1211.0,"perc":5.5327119883040936},"Opiates":{"raw":536.0,"perc":2.5029185150595374},"2C-T-7":{"raw":203.0,"perc":0.93924952574839216},"Morning Glory":{"raw":442.0,"perc":2.02149554081866},"LSD":{"raw":1210.0,"perc":5.5352241537053981},"Salvia divinorum":{"raw":1555.0,"perc":7.1232249198350885},"DXM":{"raw":588.0,"perc":2.8310062590274434},"Dimenhydrinate":{"raw":181.0,"perc":0.923940786115365},"Cocaine":{"raw":447.0,"perc":2.0982960146458245},"AMT":{"raw":242.0,"perc":1.1059318161045608},"Datura":{"raw":228.0,"perc":1.0507880910683012},"Alcohol":{"raw":461.0,"perc":2.1058882645836188},"Inhalants":{"raw":148.0,"perc":0.72449579009203047},"GHB":{"raw":146.0,"perc":0.67095588235294112},"Nitrous Oxide":{"raw":248.0,"perc":1.1465557096625059},"Pharms - Zolpidem":{"raw":146.0,"perc":0.672997142066931},"Cannabis":{"raw":1643.0,"perc":7.5039963461977628},"Harmala Alkaloids":{"raw":431.0,"perc":1.9701055903460256},"Syrian Rue":{"raw":303.0,"perc":1.3914401175606173},"Nutmeg":{"raw":239.0,"perc":1.1379868583944386},"2C-B":{"raw":231.0,"perc":1.0564346473977864},"Heroin":{"raw":180.0,"perc":0.84045384507634124},"Codeine":{"raw":142.0,"perc":0.6716170836683536},"DPT":{"raw":182.0,"perc":0.83398249553223658},"DMT":{"raw":351.0,"perc":1.6061132973368721},"Ketamine":{"raw":297.0,"perc":1.3574040219378427},"H.B. Woodrose":{"raw":302.0,"perc":1.3855753349238391},"Amanitas":{"raw":188.0,"perc":0.87813536363211731},"5-MeO-DiPT":{"raw":285.0,"perc":1.3062010174618452},"Anadenanthera spp.":{"raw":108.0,"perc":0.49348869088416725},"Cacti":{"raw":260.0,"perc":1.1994279651243254},"Diphenhydramine":{"raw":224.0,"perc":1.0443377313627675},"Methamphetamine":{"raw":303.0,"perc":1.3869815984619611},"Amphetamines":{"raw":404.0,"perc":1.8452544076002557},"Pharmaceuticals":{"raw":511.0,"perc":2.3362135966716955},"Caffeine":{"raw":184.0,"perc":0.84206672463502819},"SSRIs":{"raw":263.0,"perc":1.2165787769451384},"Tobacco":{"raw":128.0,"perc":0.58715596330275233},"Opioids":{"raw":507.0,"perc":2.319092489250755},"Hydrocodone":{"raw":169.0,"perc":0.78088901210609},"5-MeO-DMT":{"raw":300.0,"perc":1.3747594171020072},"Pharms - Methylphenidate":{"raw":122.0,"perc":0.56004406904149839},"Ayahuasca":{"raw":199.0,"perc":0.91326296466268919},"Mimosa spp.":{"raw":141.0,"perc":0.6590940961996915},"Pharms - Oxycodone":{"raw":206.0,"perc":0.98409210337744235},"2C-T-2":{"raw":152.0,"perc":0.70504197782828515},"Benzodiazepines":{"raw":207.0,"perc":0.94550769652400313},"Pharms - Alprazolam":{"raw":120.0,"perc":0.5485714285714286},"Kava":{"raw":161.0,"perc":0.76382958534965362},"5-MeO-AMT":{"raw":116.0,"perc":0.565247051944255},"Pharms - Bupropion":{"raw":114.0,"perc":0.54013076850184782},"2C-E":{"raw":296.0,"perc":1.3561185687451323},"Pharms - Paroxetine":{"raw":107.0,"perc":0.5207319447148141},"Pharms - Tramadol":{"raw":202.0,"perc":0.93752900770444625},"Cannabinoid Receptor Agonists":{"raw":124.0,"perc":0.56646870717222475},"2C-I":{"raw":440.0,"perc":2.0152979434800531},"Methylone":{"raw":126.0,"perc":0.58075221238938057},"Kratom":{"raw":235.0,"perc":1.07413840387604},"Modafinil":{"raw":104.0,"perc":0.48557288262209353},"Pharms - Venlafaxine":{"raw":116.0,"perc":0.55177662560053276},"AB-FUBINACA":{"raw":126.0,"perc":0.57571049986292611},"Products - Spice and Synthetic Cannabinoids":{"raw":124.0,"perc":0.57042966234244186},"4-AcO-DMT":{"raw":101.0,"perc":0.46177761521580107},"NBOMe Series":{"raw":241.0,"perc":1.1013115203582688},"Methoxetamine":{"raw":1.0,"perc":1.0},"25I-NBOMe":{"raw":133.0,"perc":0.60774995430451473}}