{"Mushrooms":{"Medium":{"raw":903.0,"perc":53.526970954356848},"Strong":{"raw":664.0,"perc":39.33649289099526},"Extreme":{"raw":110.0,"perc":6.5907729179149195},"No Effect":{"raw":11.0,"perc":0.71382219338092145}},"MDMA":{"Medium":{"raw":788.0,"perc":67.350427350427353},"Strong":{"raw":335.0,"perc":28.804815133276012},"No Effect":{"raw":3.0,"perc":0.93167701863354035},"Extreme":{"raw":44.0,"perc":4.0182648401826482}},"Opiates":{"Medium":{"raw":334.0,"perc":71.982758620689651},"Strong":{"raw":113.0,"perc":24.458874458874458},"Extreme":{"raw":13.0,"perc":2.8446389496717726},"No Effect":{"raw":4.0,"perc":0.86767895878524948}},"2C-T-7":{"Strong":{"raw":69.0,"perc":36.702127659574465},"Medium":{"raw":100.0,"perc":53.475935828877006},"Extreme":{"raw":19.0,"perc":10.734463276836157}},"Morning Glory":{"Strong":{"raw":103.0,"perc":27.320954907161806},"No Effect":{"raw":8.0,"perc":2.5316455696202533},"Medium":{"raw":258.0,"perc":68.253968253968253},"Extreme":{"raw":9.0,"perc":2.6706231454005933}},"LSD":{"Medium":{"raw":625.0,"perc":53.28218243819267},"Strong":{"raw":439.0,"perc":37.457337883959049},"Extreme":{"raw":106.0,"perc":9.1458153580673},"No Effect":{"raw":3.0,"perc":0.25684931506849312}},"Salvia divinorum":{"Medium":{"raw":598.0,"perc":40.323668240053948},"Strong":{"raw":709.0,"perc":47.840755735492579},"Extreme":{"raw":171.0,"perc":11.522911051212938},"No Effect":{"raw":6.0,"perc":0.48076923076923078}},"DXM":{"Strong":{"raw":162.0,"perc":30.111524163568777},"Medium":{"raw":320.0,"perc":58.931860036832418},"Extreme":{"raw":58.0,"perc":10.841121495327103},"No Effect":{"raw":3.0,"perc":0.64516129032258063}},"Dimenhydrinate":{"Strong":{"raw":85.0,"perc":48.850574712643677},"Medium":{"raw":79.0,"perc":45.142857142857139},"No Effect":{"raw":1.0,"perc":1.0},"Extreme":{"raw":10.0,"perc":5.8479532163742682}},"Cocaine":{"Strong":{"raw":87.0,"perc":22.025316455696203},"Medium":{"raw":296.0,"perc":74.371859296482413},"Extreme":{"raw":10.0,"perc":2.7100271002710028},"No Effect":{"raw":5.0,"perc":1.2690355329949239}},"AMT":{"Medium":{"raw":156.0,"perc":67.241379310344826},"Strong":{"raw":67.0,"perc":28.75536480686695},"Extreme":{"raw":10.0,"perc":4.3478260869565215}},"Alcohol":{"Strong":{"raw":121.0,"perc":29.440389294403889},"Extreme":{"raw":58.0,"perc":14.180929095354522},"Medium":{"raw":229.0,"perc":55.853658536585371},"No Effect":{"raw":3.0,"perc":1.5463917525773196}},"Inhalants":{"Medium":{"raw":67.0,"perc":49.629629629629626},"Strong":{"raw":56.0,"perc":41.17647058823529},"Extreme":{"raw":13.0,"perc":9.7744360902255636}},"GHB":{"Strong":{"raw":40.0,"perc":29.629629629629626},"Medium":{"raw":74.0,"perc":54.411764705882348},"Extreme":{"raw":21.0,"perc":15.789473684210526},"No Effect":{"raw":1.0,"perc":1.0}},"Nitrous Oxide":{"Medium":{"raw":142.0,"perc":60.944206008583691},"Strong":{"raw":79.0,"perc":33.760683760683762},"Extreme":{"raw":13.0,"perc":6.3106796116504853}},"Cannabis":{"Strong":{"raw":592.0,"perc":38.692810457516345},"Medium":{"raw":806.0,"perc":52.645329849771393},"Extreme":{"raw":126.0,"perc":8.2406801831262264},"No Effect":{"raw":7.0,"perc":0.71283095723014256}},"Harmala Alkaloids":{"Medium":{"raw":173.0,"perc":46.883468834688344},"Extreme":{"raw":33.0,"perc":9.0659340659340657},"Strong":{"raw":158.0,"perc":42.587601078167111},"No Effect":{"raw":7.0,"perc":2.1406727828746175}},"Syrian Rue":{"Medium":{"raw":121.0,"perc":43.525179856115109},"Extreme":{"raw":28.0,"perc":10.144927536231885},"Strong":{"raw":126.0,"perc":45.985401459854018},"No Effect":{"raw":3.0,"perc":1.5957446808510638}},"Nutmeg":{"Strong":{"raw":38.0,"perc":20.43010752688172},"Medium":{"raw":143.0,"perc":75.661375661375658},"No Effect":{"raw":4.0,"perc":3.1746031746031744},"Extreme":{"raw":4.0,"perc":2.666666666666667}},"2C-B":{"Medium":{"raw":149.0,"perc":66.816143497757849},"Strong":{"raw":63.0,"perc":28.767123287671232},"Extreme":{"raw":12.0,"perc":5.3571428571428568}},"Heroin":{"Medium":{"raw":111.0,"perc":68.944099378881987},"Strong":{"raw":41.0,"perc":26.114649681528661},"Extreme":{"raw":7.0,"perc":4.4303797468354427},"No Effect":{"raw":2.0,"perc":1.25}},"DPT":{"Strong":{"raw":72.0,"perc":41.379310344827587},"Extreme":{"raw":14.0,"perc":7.9545454545454541},"Medium":{"raw":90.0,"perc":50.847457627118644},"No Effect":{"raw":1.0,"perc":1.0}},"DMT":{"Medium":{"raw":125.0,"perc":37.0919881305638},"Strong":{"raw":178.0,"perc":52.976190476190474},"Extreme":{"raw":33.0,"perc":10.122699386503067},"No Effect":{"raw":1.0,"perc":1.0}},"Ketamine":{"Medium":{"raw":142.0,"perc":49.477351916376307},"Strong":{"raw":120.0,"perc":43.636363636363633},"Extreme":{"raw":24.0,"perc":8.3916083916083917},"No Effect":{"raw":1.0,"perc":1.0}},"H.B. Woodrose":{"No Effect":{"raw":4.0,"perc":3.225806451612903},"Medium":{"raw":175.0,"perc":63.405797101449281},"Strong":{"raw":87.0,"perc":31.636363636363633},"Extreme":{"raw":10.0,"perc":4.048582995951417}},"Amanitas":{"Strong":{"raw":54.0,"perc":35.064935064935064},"Medium":{"raw":87.0,"perc":56.129032258064512},"Extreme":{"raw":11.0,"perc":7.18954248366013},"No Effect":{"raw":3.0,"perc":4.0540540540540544}},"5-MeO-DiPT":{"Strong":{"raw":62.0,"perc":23.754789272030653},"Medium":{"raw":193.0,"perc":73.384030418250944},"Extreme":{"raw":8.0,"perc":3.7735849056603774}},"Anadenanthera spp.":{"Extreme":{"raw":3.0,"perc":4.4776119402985071},"Medium":{"raw":49.0,"perc":64.473684210526315},"Strong":{"raw":22.0,"perc":29.333333333333332},"No Effect":{"raw":2.0,"perc":4.3478260869565215}},"Cacti":{"Extreme":{"raw":4.0,"perc":1.7699115044247788},"No Effect":{"raw":3.0,"perc":2.2727272727272729},"Medium":{"raw":162.0,"perc":70.434782608695656},"Strong":{"raw":61.0,"perc":26.754385964912281}},"Diphenhydramine":{"Strong":{"raw":79.0,"perc":39.8989898989899},"Medium":{"raw":108.0,"perc":52.941176470588239},"Extreme":{"raw":17.0,"perc":8.4158415841584162}},"Datura":{"Strong":{"raw":88.0,"perc":41.1214953271028},"Medium":{"raw":71.0,"perc":32.870370370370374},"Extreme":{"raw":57.0,"perc":27.142857142857142}},"Codeine":{"Medium":{"raw":89.0,"perc":74.789915966386559},"Strong":{"raw":29.0,"perc":25.438596491228072},"Extreme":{"raw":1.0,"perc":1.0}},"Methamphetamine":{"Medium":{"raw":186.0,"perc":66.906474820143885},"Strong":{"raw":73.0,"perc":26.739926739926741},"Extreme":{"raw":17.0,"perc":6.2043795620437958},"No Effect":{"raw":2.0,"perc":0.89686098654708524}},"Pharmaceuticals":{"Medium":{"raw":268.0,"perc":60.633484162895925},"Strong":{"raw":101.0,"perc":22.954545454545457},"Extreme":{"raw":70.0,"perc":16.129032258064516},"No Effect":{"raw":3.0,"perc":1.1029411764705883}},"Amphetamines":{"Medium":{"raw":239.0,"perc":65.659340659340657},"Strong":{"raw":110.0,"perc":30.898876404494381},"Extreme":{"raw":14.0,"perc":4.0},"No Effect":{"raw":1.0,"perc":1.0}},"Caffeine":{"Extreme":{"raw":16.0,"perc":11.188811188811188},"Strong":{"raw":53.0,"perc":39.849624060150376},"Medium":{"raw":81.0,"perc":54.0}},"SSRIs":{"Medium":{"raw":135.0,"perc":66.831683168316829},"Strong":{"raw":51.0,"perc":25.0},"Extreme":{"raw":15.0,"perc":7.6923076923076925},"No Effect":{"raw":3.0,"perc":1.7341040462427744}},"Opioids":{"Medium":{"raw":357.0,"perc":76.9396551724138},"Strong":{"raw":92.0,"perc":20.175438596491226},"Extreme":{"raw":14.0,"perc":3.0567685589519651},"No Effect":{"raw":1.0,"perc":1.0}},"Hydrocodone":{"Medium":{"raw":126.0,"perc":79.74683544303798},"Strong":{"raw":28.0,"perc":18.421052631578945},"Extreme":{"raw":3.0,"perc":2.7522935779816518},"No Effect":{"raw":1.0,"perc":1.0}},"5-MeO-DMT":{"Medium":{"raw":111.0,"perc":39.2226148409894},"Strong":{"raw":136.0,"perc":47.386759581881535},"Extreme":{"raw":40.0,"perc":14.084507042253522}},"Pharms - Methylphenidate":{"Medium":{"raw":77.0,"perc":73.333333333333329},"Strong":{"raw":23.0,"perc":22.772277227722775},"Extreme":{"raw":5.0,"perc":5.376344086021505}},"Ayahuasca":{"Medium":{"raw":66.0,"perc":35.483870967741936},"Strong":{"raw":104.0,"perc":55.614973262032088},"No Effect":{"raw":4.0,"perc":2.6490066225165565},"Extreme":{"raw":13.0,