{"Male":{"General":{"raw":6276.0,"perc":19.145236569964307},"Music Discussion":{"raw":799.0,"perc":2.44260340558222},"Nature / Outdoors":{"raw":608.0,"perc":1.8552422799951178},"First Times":{"raw":4691.0,"perc":14.310555216595485},"Glowing Experiences":{"raw":2560.0,"perc":7.8091635653712395},"Mystical Experiences":{"raw":1135.0,"perc":3.4653314200225931},"Health Problems":{"raw":1241.0,"perc":3.7865381094770245},"Train Wrecks & Trip Disasters":{"raw":555.0,"perc":1.6940874820670919},"Retrospective / Summary":{"raw":2436.0,"perc":7.4368054707534492},"Addiction & Habituation":{"raw":867.0,"perc":2.6502414868252124},"Overdose":{"raw":538.0,"perc":1.642146389109334},"Preparation / Recipes":{"raw":722.0,"perc":2.2072760623662488},"Difficult Experiences":{"raw":2525.0,"perc":7.7054533247886718},"Sex Discussion":{"raw":441.0,"perc":1.3488300963450071},"Bad Trips":{"raw":849.0,"perc":2.5916542018987148},"Guides / Sitters":{"raw":319.0,"perc":0.97610232245035344},"Multi-Day Experience":{"raw":465.0,"perc":1.4187210153771053},"What Was in That?":{"raw":119.0,"perc":0.36696681879856913},"Post Trip Problems":{"raw":591.0,"perc":1.8118274625218429},"Entities / Beings":{"raw":1095.0,"perc":3.345350116094342},"Hangover / Days After":{"raw":1057.0,"perc":3.2279737364483125},"Cultivation / Synthesis":{"raw":24.0,"perc":0.075291755552766973},"Second Hand Report":{"raw":139.0,"perc":0.42873446223126987},"Health Benefits":{"raw":498.0,"perc":1.5245675799785703},"Depression":{"raw":424.0,"perc":1.2956851240679623},"HPPD / Lasting Visuals":{"raw":140.0,"perc":0.42956644472400352},"Families":{"raw":151.0,"perc":0.46697179614052448},"Relationships":{"raw":474.0,"perc":1.4526509347226479},"Pregnancy / Baby":{"raw":3.0,"perc":0.015376729882111737},"Personal Preparation":{"raw":154.0,"perc":0.47743055555555558},"Loss of Magic":{"raw":53.0,"perc":0.1677427522471199},"Poetry":{"raw":45.0,"perc":0.14699157248317762},"Medical Use":{"raw":420.0,"perc":1.2835009015065857},"Performance Enhancement":{"raw":69.0,"perc":0.21089953235321088},"Therapeutic Intent or Outcome":{"raw":297.0,"perc":0.90895179801071158},"Video":{"raw":2.0,"perc":0.006252735571812669}},"Not-Specified":{"General":{"raw":567.0,"perc":25.166444740346204},"First Times":{"raw":247.0,"perc":10.968028419182948},"Difficult Experiences":{"raw":159.0,"perc":7.2536496350364965},"Nature / Outdoors":{"raw":27.0,"perc":1.2048192771084338},"Post Trip Problems":{"raw":36.0,"perc":1.6172506738544474},"Retrospective / Summary":{"raw":219.0,"perc":9.83385720700494},"Multi-Day Experience":{"raw":25.0,"perc":1.1770244821092279},"Health Problems":{"raw":118.0,"perc":5.3033707865168545},"Addiction & Habituation":{"raw":83.0,"perc":3.6987522281639929},"Mystical Experiences":{"raw":72.0,"perc":3.2861706983112735},"Preparation / Recipes":{"raw":88.0,"perc":3.9800995024875623},"Overdose":{"raw":44.0,"perc":2.0560747663551404},"Bad Trips":{"raw":64.0,"perc":2.8686687584043034},"Glowing Experiences":{"raw":118.0,"perc":5.2702099151406872},"Depression":{"raw":20.0,"perc":0.96153846153846156},"Sex Discussion":{"raw":23.0,"perc":1.1651469098277609},"Train Wrecks & Trip Disasters":{"raw":36.0,"perc":1.6238159675236805},"Entities / Beings":{"raw":64.0,"perc":2.8880866425992782},"What Was in That?":{"raw":15.0,"perc":0.7109004739336493},"Music Discussion":{"raw":27.0,"perc":1.2228260869565217},"Cultivation / Synthesis":{"raw":11.0,"perc":0.67484662576687116},"Guides / Sitters":{"raw":18.0,"perc":0.811176205497972},"Second Hand Report":{"raw":14.0,"perc":0.63119927862939584},"HPPD / Lasting Visuals":{"raw":2.0,"perc":0.2103049421661409},"Poetry":{"raw":6.0,"perc":0.27112516945323095},"Hangover / Days After":{"raw":47.0,"perc":2.085181898846495},"Health Benefits":{"raw":27.0,"perc":1.2010676156583628},"Families":{"raw":14.0,"perc":0.64161319890009172},"Loss of Magic":{"raw":4.0,"perc":0.18198362147406735},"Medical Use":{"raw":21.0,"perc":0.9337483325922632},"Relationships":{"raw":17.0,"perc":0.77167498865183837},"Therapeutic Intent or Outcome":{"raw":14.0,"perc":0.625},"Pregnancy / Baby":{"raw":1.0,"perc":1.0},"Personal Preparation":{"raw":4.0,"perc":0.20703933747412009},"Performance Enhancement":{"raw":2.0,"perc":0.095283468318246786}},"Female":{"First Times":{"raw":734.0,"perc":12.698961937716263},"Health Problems":{"raw":362.0,"perc":6.2683982683982693},"Post Trip Problems":{"raw":155.0,"perc":2.7269528501055595},"Retrospective / Summary":{"raw":435.0,"perc":7.5233483223798},"Addiction & Habituation":{"raw":290.0,"perc":5.0399721932568653},"General":{"raw":757.0,"perc":13.117310691387974},"Nature / Outdoors":{"raw":73.0,"perc":1.273329844758416},"Bad Trips":{"raw":210.0,"perc":3.6369934187738138},"Mystical Experiences":{"raw":125.0,"perc":2.1864614308203603},"Train Wrecks & Trip Disasters":{"raw":130.0,"perc":2.2479681826041849},"Difficult Experiences":{"raw":478.0,"perc":8.279923783128357},"Second Hand Report":{"raw":48.0,"perc":0.86877828054298645},"Overdose":{"raw":129.0,"perc":2.2892635314995564},"Glowing Experiences":{"raw":391.0,"perc":6.76704742125303},"Depression":{"raw":137.0,"perc":2.398039558900753},"Sex Discussion":{"raw":121.0,"perc":2.0937878525696485},"Entities / Beings":{"raw":90.0,"perc":1.5622287797257419},"What Was in That?":{"raw":32.0,"perc":0.56229133719908631},"Multi-Day Experience":{"raw":73.0,"perc":1.2726638772663879},"Poetry":{"raw":14.0,"perc":0.25139163224995509},"Loss of Magic":{"raw":20.0,"perc":0.38707180181923745},"Music Discussion":{"raw":93.0,"perc":1.6137428422696511},"Health Benefits":{"raw":96.0,"perc":1.6824395373291272},"Preparation / Recipes":{"raw":47.0,"perc":0.82024432809773129},"Families":{"raw":33.0,"perc":0.58129293641007573},"Guides / Sitters":{"raw":78.0,"perc":1.3911182450508293},"Pregnancy / Baby":{"raw":5.0,"perc":0.10191602119853241},"Relationships":{"raw":146.0,"perc":2.5520013983569307},"Hangover / Days After":{"raw":230.0,"perc":3.99028452463567},"Medical Use":{"raw":141.0,"perc":2.455162806895351},"Personal Preparation":{"raw":24.0,"perc":0.41958041958041958},"Cultivation / Synthesis":{"raw":1.0,"perc":1.0},"HPPD / Lasting Visuals":{"raw":13.0,"perc":0.23614895549500456},"Therapeutic Intent or Outcome":{"raw":59.0,"perc":1.0205846739318456},"Performance Enhancement":{"raw":13.0,"perc":0.2260869565217391}}}