{"Male":{"Medium":{"General":{"raw":3569.0,"perc":21.815403422982886},"Music Discussion":{"raw":488.0,"perc":2.9892802450229712},"Nature / Outdoors":{"raw":375.0,"perc":2.3078343282663552},"First Times":{"raw":2642.0,"perc":16.15013142612629},"Health Problems":{"raw":536.0,"perc":3.2774856304268067},"Train Wrecks & Trip Disasters":{"raw":132.0,"perc":0.80847675629325666},"Retrospective / Summary":{"raw":1464.0,"perc":8.9563195888902474},"Glowing Experiences":{"raw":1535.0,"perc":9.3820671108122973},"Addiction & Habituation":{"raw":492.0,"perc":3.0132288094071531},"Mystical Experiences":{"raw":381.0,"perc":2.3431734317343174},"Difficult Experiences":{"raw":802.0,"perc":4.9042989053996209},"Sex Discussion":{"raw":287.0,"perc":1.7590095611669527},"Bad Trips":{"raw":182.0,"perc":1.117730148007124},"Preparation / Recipes":{"raw":417.0,"perc":2.5545209507473658},"Multi-Day Experience":{"raw":205.0,"perc":1.2533626803619466},"Overdose":{"raw":109.0,"perc":0.68231611893583721},"Post Trip Problems":{"raw":223.0,"perc":1.4318736355464234},"What Was in That?":{"raw":52.0,"perc":0.32202130294773346},"Hangover / Days After":{"raw":521.0,"perc":3.1882993696836177},"Entities / Beings":{"raw":340.0,"perc":2.0832056859261074},"Cultivation / Synthesis":{"raw":16.0,"perc":0.1012850541242008},"Second Hand Report":{"raw":50.0,"perc":0.30977015054829315},"Health Benefits":{"raw":291.0,"perc":1.7852760736196318},"Depression":{"raw":204.0,"perc":1.2489286151585648},"Guides / Sitters":{"raw":102.0,"perc":0.62542154638543135},"Families":{"raw":63.0,"perc":0.39203484754200374},"Relationships":{"raw":249.0,"perc":1.533628972653363},"Pregnancy / Baby":{"raw":1.0,"perc":1.0},"HPPD / Lasting Visuals":{"raw":57.0,"perc":0.35322550659973972},"Personal Preparation":{"raw":80.0,"perc":0.49921996879875197},"Poetry":{"raw":27.0,"perc":0.17912824255290918},"Loss of Magic":{"raw":37.0,"perc":0.25457547818907389},"Medical Use":{"raw":228.0,"perc":1.3959468560582868},"Therapeutic Intent or Outcome":{"raw":158.0,"perc":0.96926568922152023},"Performance Enhancement":{"raw":45.0,"perc":0.27554956830567634},"Video":{"raw":1.0,"perc":1.0}},"Strong":{"General":{"raw":1674.0,"perc":16.089965397923876},"First Times":{"raw":1284.0,"perc":12.346153846153845},"Glowing Experiences":{"raw":829.0,"perc":7.9826673086182},"Mystical Experiences":{"raw":610.0,"perc":5.8772521437518064},"Nature / Outdoors":{"raw":193.0,"perc":1.8554124206883289},"Health Problems":{"raw":375.0,"perc":3.6085450346420322},"Overdose":{"raw":214.0,"perc":2.0652383709708553},"Difficult Experiences":{"raw":1304.0,"perc":12.539667275699587},"What Was in That?":{"raw":50.0,"perc":0.50205843960236973},"Train Wrecks & Trip Disasters":{"raw":148.0,"perc":1.431888544891641},"Bad Trips":{"raw":432.0,"perc":4.1674705768859734},"Retrospective / Summary":{"raw":411.0,"perc":3.9538239538239539},"Post Trip Problems":{"raw":201.0,"perc":1.9377229345415983},"Addiction & Habituation":{"raw":200.0,"perc":1.9252984212552944},"Entities / Beings":{"raw":588.0,"perc":5.6938123365933961},"Guides / Sitters":{"raw":158.0,"perc":1.5253910021239623},"Sex Discussion":{"raw":86.0,"perc":0.85342859978168106},"Preparation / Recipes":{"raw":111.0,"perc":1.0899450117831893},"Multi-Day Experience":{"raw":159.0,"perc":1.5368258264063406},"Depression":{"raw":122.0,"perc":1.1801122073902108},"HPPD / Lasting Visuals":{"raw":51.0,"perc":0.50380322038921266},"Music Discussion":{"raw":252.0,"perc":2.43032114958048},"Families":{"raw":57.0,"perc":0.55361305361305357},"Health Benefits":{"raw":60.0,"perc":0.59970014992503751},"Hangover / Days After":{"raw":380.0,"perc":3.6552520200076954},"Personal Preparation":{"raw":58.0,"perc":0.56497175141242939},"Relationships":{"raw":172.0,"perc":1.6576715497301466},"Loss of Magic":{"raw":9.0,"perc":0.089214908802537671},"Second Hand Report":{"raw":34.0,"perc":0.32939352838597169},"Cultivation / Synthesis":{"raw":3.0,"perc":0.031813361611876992},"Poetry":{"raw":12.0,"perc":0.14480511644744781},"Medical Use":{"raw":59.0,"perc":0.57115198451113258},"Performance Enhancement":{"raw":8.0,"perc":0.08537886872998933},"Pregnancy / Baby":{"raw":1.0,"perc":1.0},"Therapeutic Intent or Outcome":{"raw":98.0,"perc":0.94860129706707974},"Video":{"raw":1.0,"perc":1.0}},"No Effect":{"Retrospective / Summary":{"raw":26.0,"perc":13.829787234042554},"Preparation / Recipes":{"raw":14.0,"perc":7.9545454545454541},"First Times":{"raw":33.0,"perc":17.368421052631579},"General":{"raw":83.0,"perc":43.455497382198956},"Health Problems":{"raw":3.0,"perc":2.1739130434782608},"Difficult Experiences":{"raw":2.0,"perc":1.6260162601626018},"What Was in That?":{"raw":2.0,"perc":2.5974025974025974},"Second Hand Report":{"raw":2.0,"perc":5.4054054054054053},"Depression":{"raw":1.0,"perc":1.0},"Post Trip Problems":{"raw":1.0,"perc":1.0},"Train Wrecks & Trip Disasters":{"raw":4.0,"perc":2.1164021164021163},"Addiction & Habituation":{"raw":4.0,"perc":2.5316455696202533},"Medical Use":{"raw":7.0,"perc":3.763440860215054},"Health Benefits":{"raw":2.0,"perc":1.098901098901099},"Nature / Outdoors":{"raw":2.0,"perc":1.3513513513513513},"Personal Preparation":{"raw":1.0,"perc":1.0},"Multi-Day Experience":{"raw":4.0,"perc":2.083333333333333},"Performance Enhancement":{"raw":1.0,"perc":1.0}},"Extreme":{"General":{"raw":166.0,"perc":6.1006982726938626},"Retrospective / Summary":{"raw":55.0,"perc":2.1509581540868203},"Health Problems":{"raw":225.0,"perc":8.2599118942731273},"Bad Trips":{"raw":227.0,"perc":8.3363936834373842},"Train Wrecks & Trip Disasters":{"raw":260.0,"perc":9.5412844036697244},"Guides / Sitters":{"raw":58.0,"perc":2.1561338289962824},"First Times":{"raw":187.0,"perc":6.9284920340866991},"Difficult Experiences":{"raw":356.0,"perc":13.07861866274798},"Overdose":{"raw":211.0,"perc":7.7402787967718272},"Post Trip Problems":{"raw":136.0,"perc":5.1147047762316662},"Mystical Experiences":{"raw":132.0,"perc":4.8547260022066929},"Glowing Experiences":{"raw":62.0,"perc":2.2810890360559237},"Entities / Beings":{"raw":148.0,"perc":5.4632705795496488},"Multi-Day Experience":{"raw":67.0,"perc":2.4632352941176472},"Second Hand Report":{"raw":45.0,"perc":1.6766020864381521},"Music Discussion":{"raw":29.0,"perc":1.0885885885885884},"What Was in That?":{"raw":10.0,"perc":0.50684237202230109},"Preparation / Recipes":{"raw":12.0,"perc":0.44776119402985076},"Nature / Outdoors":{"raw":15.0,"perc":0.59808612440191389},"Families":{"raw":25.0,"perc":1.0024057738572574},"Depression":{"raw":28.0,"perc":1.1428571428571428},"Personal Preparation":{"raw":8.0,"perc":0.31936127744510978},"Relationships":{"raw":38.0,"perc":1.6918967052537845},"HPPD / Lasting Visuals":{"raw":23.0,"perc":0.85470085470085477},"Addiction & Habituation":{"raw":52.0,"perc":1.927353595255745},"Hangover / Days After":{"raw":93.0,"perc":3.4546805349182765},"Sex Discussion":{"raw":10.0,"perc":0.3843197540353574},"Loss of Magic":{"raw":2.0,"perc":0.10863661053775121},"Poetry":{"raw":3.0,"perc":0.18248175182481752},"Medical Use":{"raw":15.0,"perc":0.55493895671476134},"Therapeutic Intent or Outcome":{"raw":19.0,"perc":0.707635009310987},"Pregnancy / Baby":{"raw":1.0,"perc":1.0},"Health Benefits":{"raw":4.0,"perc":0.18050541516245489},"Performance Enhancement":{"raw":3.0,"perc":0.12406947890818859},"Cultivation / Synthesis":{"raw":1.0,"perc":1.0}}},"Not-Specified":{"Medium":{"General":{"raw":321.0,"perc":25.097732603596562},"First Times":{"raw":148.0,"perc":11.580594679186229},"Multi-Day Experience":{"raw":11.0,"perc":0.92827004219409281},"Retrospective / Summary":{"raw":157.0,"perc":12.430720506730006},"Health Problems":{"raw":66.0,"perc":5.2339413164155433},"Addiction & Habituation":{"raw":53.0,"perc":4.260450160771704},"Difficult Experiences":{"raw":70.0,"perc":5.7049714751426244},"Overdose":{"raw":15.0,"perc":1.2552301255230125},"Mystical Experiences":{"raw":29.0,"perc":2.3368251410153102},"Glowing Experiences":{"raw":80.0,"perc":6.2843676355066771},"Depression":{"raw":15.0,"perc":1.3416815742397137},