{"Male":{"Rave / Dance Event":{"raw":183.0,"perc":1.0852161537093044},"Small Group (2-9)":{"raw":5837.0,"perc":34.268772383021194},"Alone":{"raw":5428.0,"perc":31.869422263973696},"Unknown Context":{"raw":1063.0,"perc":6.25},"Club / Bar":{"raw":149.0,"perc":0.877968298862766},"Various":{"raw":2233.0,"perc":13.126028685633671},"Large Group (10+)":{"raw":296.0,"perc":1.7531390665719022},"Not Applicable":{"raw":1165.0,"perc":6.8517320472857728},"Festival / Lg. Crowd":{"raw":221.0,"perc":1.2977099236641221},"Hospital":{"raw":203.0,"perc":1.192504258943782},"Group Ceremony":{"raw":56.0,"perc":0.33085194375516958},"School":{"raw":173.0,"perc":1.0431741437530149},"Military":{"raw":11.0,"perc":0.071740690015000316},"Workplace":{"raw":15.0,"perc":0.090144230769230768}},"Not-Specified":{"Unknown Context":{"raw":186.0,"perc":14.037735849056604},"Festival / Lg. Crowd":{"raw":26.0,"perc":2.0},"Small Group (2-9)":{"raw":399.0,"perc":29.865269461077844},"Club / Bar":{"raw":22.0,"perc":1.67427701674277},"Large Group (10+)":{"raw":51.0,"perc":3.8961038961038961},"Various":{"raw":197.0,"perc":15.107361963190183},"Alone":{"raw":305.0,"perc":22.846441947565545},"Rave / Dance Event":{"raw":27.0,"perc":2.0501138952164011},"Group Ceremony":{"raw":6.0,"perc":0.48115477145148355},"Not Applicable":{"raw":105.0,"perc":7.8769692423105777},"School":{"raw":6.0,"perc":0.45180722891566261},"Hospital":{"raw":5.0,"perc":0.43975373790677225},"Workplace":{"raw":1.0,"perc":1.0}},"Female":{"Small Group (2-9)":{"raw":1037.0,"perc":39.565051507058371},"Not Applicable":{"raw":270.0,"perc":10.297482837528605},"Large Group (10+)":{"raw":63.0,"perc":2.4073366450133742},"Unknown Context":{"raw":123.0,"perc":4.7692904226444357},"Various":{"raw":423.0,"perc":16.256725595695617},"Rave / Dance Event":{"raw":63.0,"perc":2.4532710280373831},"Alone":{"raw":460.0,"perc":17.53717117804041},"School":{"raw":33.0,"perc":1.5089163237311385},"Club / Bar":{"raw":39.0,"perc":1.4891179839633446},"Hospital":{"raw":49.0,"perc":1.9200626959247649},"Festival / Lg. Crowd":{"raw":45.0,"perc":1.7612524461839529},"Group Ceremony":{"raw":16.0,"perc":0.66445182724252494},"Workplace":{"raw":2.0,"perc":0.085947571981091542}}}