{"Male":{"raw":17011.0,"perc":81.128386112170929},"Not-Specified":{"raw":1334.0,"perc":6.3675417661097855},"Female":{"raw":2623.0,"perc":12.515507204885962}}