{"Medium":{"Male":{"Rave / Dance Event":{"raw":116.0,"perc":1.321636094337473},"Small Group (2-9)":{"raw":2937.0,"perc":33.037120359955011},"Alone":{"raw":2698.0,"perc":30.352120598492522},"Unknown Context":{"raw":602.0,"perc":6.7830985915492956},"Club / Bar":{"raw":89.0,"perc":1.0053089348243534},"Various":{"raw":1276.0,"perc":14.372606442892543},"Large Group (10+)":{"raw":162.0,"perc":1.8516401874499944},"Not Applicable":{"raw":700.0,"perc":7.8899909828674479},"Festival / Lg. Crowd":{"raw":126.0,"perc":1.4176417641764176},"Hospital":{"raw":49.0,"perc":0.58570404016256272},"Group Ceremony":{"raw":28.0,"perc":0.33143939393939392},"School":{"raw":91.0,"perc":1.0587550901687026},"Military":{"raw":7.0,"perc":0.088127911368500567},"Workplace":{"raw":9.0,"perc":0.10420284821118443}},"Not-Specified":{"Unknown Context":{"raw":131.0,"perc":16.968911917098445},"Small Group (2-9)":{"raw":232.0,"perc":29.781771501925547},"Large Group (10+)":{"raw":27.0,"perc":3.5433070866141732},"Various":{"raw":127.0,"perc":16.75461741424802},"Alone":{"raw":141.0,"perc":18.123393316195372},"Rave / Dance Event":{"raw":19.0,"perc":2.4836601307189543},"Festival / Lg. Crowd":{"raw":16.0,"perc":2.3494860499265786},"Club / Bar":{"raw":16.0,"perc":2.0969855832241153},"Group Ceremony":{"raw":2.0,"perc":0.468384074941452},"Not Applicable":{"raw":64.0,"perc":8.6137281292059225},"Hospital":{"raw":2.0,"perc":0.33167495854063017},"School":{"raw":2.0,"perc":0.2583979328165375}},"Female":{"Not Applicable":{"raw":155.0,"perc":11.584454409566519},"Small Group (2-9)":{"raw":502.0,"perc":37.54674644727001},"Large Group (10+)":{"raw":30.0,"perc":2.2471910112359552},"Unknown Context":{"raw":83.0,"perc":6.33587786259542},"Rave / Dance Event":{"raw":32.0,"perc":2.4596464258262873},"Various":{"raw":249.0,"perc":18.820861678004537},"Alone":{"raw":223.0,"perc":16.741741741741741},"School":{"raw":12.0,"perc":1.0978956999085088},"Club / Bar":{"raw":19.0,"perc":1.4221556886227544},"Hospital":{"raw":10.0,"perc":0.79365079365079361},"Festival / Lg. Crowd":{"raw":18.0,"perc":1.3921113689095126},"Group Ceremony":{"raw":4.0,"perc":0.66115702479338845},"Workplace":{"raw":1.0,"perc":1.0}}},"Strong":{"Male":{"Small Group (2-9)":{"raw":2067.0,"perc":42.839378238341972},"Alone":{"raw":1504.0,"perc":31.158069194116429},"Unknown Context":{"raw":169.0,"perc":3.5113234988572612},"Festival / Lg. Crowd":{"raw":76.0,"perc":1.5806988352745424},"Various":{"raw":555.0,"perc":11.550468262226847},"Large Group (10+)":{"raw":98.0,"perc":2.0416666666666665},"Club / Bar":{"raw":38.0,"perc":0.80508474576271183},"Rave / Dance Event":{"raw":49.0,"perc":1.0285474391267841},"Group Ceremony":{"raw":21.0,"perc":0.43686290825878926},"School":{"raw":35.0,"perc":0.78563411896745239},"Hospital":{"raw":64.0,"perc":1.3350020859407592},"Not Applicable":{"raw":144.0,"perc":2.9881718198796432},"Military":{"raw":3.0,"perc":0.12360939431396785},"Workplace":{"raw":4.0,"perc":0.093984962406015032}},"Not-Specified":{"Festival / Lg. Crowd":{"raw":7.0,"perc":2.5},"Small Group (2-9)":{"raw":106.0,"perc":36.678200692041521},"Various":{"raw":35.0,"perc":12.867647058823529},"Large Group (10+)":{"raw":13.0,"perc":4.5936395759717312},"Alone":{"raw":77.0,"perc":28.838951310861422},"Club / Bar":{"raw":4.0,"perc":1.3986013986013985},"Rave / Dance Event":{"raw":8.0,"perc":2.7874564459930316},"Unknown Context":{"raw":26.0,"perc":9.31899641577061},"Not Applicable":{"raw":7.0,"perc":2.7027027027027026},"Hospital":{"raw":1.0,"perc":1.0},"School":{"raw":1.0,"perc":1.0},"Group Ceremony":{"raw":3.0,"perc":1.1152416356877324},"Workplace":{"raw":1.0,"perc":1.0}},"Female":{"Small Group (2-9)":{"raw":357.0,"perc":46.727748691099471},"Various":{"raw":94.0,"perc":12.384716732542818},"Large Group (10+)":{"raw":21.0,"perc":2.9494382022471908},"Rave / Dance Event":{"raw":27.0,"perc":3.6193029490616624},"Alone":{"raw":131.0,"perc":17.124183006535947},"Club / Bar":{"raw":13.0,"perc":1.7379679144385027},"Not Applicable":{"raw":50.0,"perc":6.9444444444444446},"Festival / Lg. Crowd":{"raw":20.0,"perc":2.7662517289073305},"Unknown Context":{"raw":14.0,"perc":1.8842530282637955},"School":{"raw":13.0,"perc":2.1922428330522767},"Hospital":{"raw":12.0,"perc":1.602136181575434},"Group Ceremony":{"raw":12.0,"perc":1.7069701280227598},"Workplace":{"raw":1.0,"perc":1.0}}},"No Effect":{"Not-Specified":{"Unknown Context":{"raw":4.0,"perc":50.0},"Alone":{"raw":5.0,"perc":29.411764705882355},"Various":{"raw":2.0,"perc":28.571428571428569},"Small Group (2-9)":{"raw":2.0,"perc":20.0},"Not Applicable":{"raw":7.0,"perc":31.818181818181817},"Festival / Lg. Crowd":{"raw":2.0,"perc":9.5238095238095237}},"Male":{"Alone":{"raw":64.0,"perc":40.764331210191088},"Unknown Context":{"raw":31.0,"perc":20.129870129870131},"Club / Bar":{"raw":2.0,"perc":1.7857142857142856},"Various":{"raw":7.0,"perc":5.88235294117647},"Group Ceremony":{"raw":1.0,"perc":1.0},"Small Group (2-9)":{"raw":19.0,"perc":12.179487179487179},"Not Applicable":{"raw":29.0,"perc":19.594594594594593},"Hospital":{"raw":2.0,"perc":2.0618556701030926},"Large Group (10+)":{"raw":1.0,"perc":1.0},"School":{"raw":1.0,"perc":1.0}},"Female":{"Alone":{"raw":3.0,"perc":25.0},"Hospital":{"raw":1.0,"perc":1.0},"Not Applicable":{"raw":3.0,"perc":37.5},"Small Group (2-9)":{"raw":3.0,"perc":30.0},"Unknown Context":{"raw":3.0,"perc":23.076923076923077}}},"Extreme":{"Not-Specified":{"Alone":{"raw":17.0,"perc":38.636363636363633},"Various":{"raw":7.0,"perc":17.948717948717949},"Small Group (2-9)":{"raw":13.0,"perc":30.952380952380953},"Unknown Context":{"raw":1.0,"perc":1.0},"Hospital":{"raw":2.0,"perc":8.0},"Not Applicable":{"raw":2.0,"perc":4.4444444444444446},"Large Group (10+)":{"raw":1.0,"perc":1.0},"Group Ceremony":{"raw":1.0,"perc":1.0},"Club / Bar":{"raw":1.0,"perc":1.0}},"Male":{"Alone":{"raw":275.0,"perc":26.881720430107524},"Small Group (2-9)":{"raw":417.0,"perc":40.80234833659491},"Various":{"raw":132.0,"perc":13.004926108374384},"Club / Bar":{"raw":8.0,"perc":0.83420229405630864},"Unknown Context":{"raw":24.0,"perc":2.4},"Rave / Dance Event":{"raw":9.0,"perc":0.90270812437311942},"Large Group (10+)":{"raw":21.0,"perc":2.2082018927444795},"Hospital":{"raw":81.0,"perc":7.91015625},"Festival / Lg. Crowd":{"raw":12.0,"perc":1.2012012012012012},"Not Applicable":{"raw":28.0,"perc":2.9946524064171123},"School":{"raw":12.0,"perc":1.2182741116751268},"Workplace":{"raw":1.0,"perc":1.0},"Group Ceremony":{"raw":4.0,"perc":0.39525691699604742}},"Female":{"Small Group (2-9)":{"raw":104.0,"perc":49.056603773584904},"Various":{"raw":28.0,"perc":13.333333333333334},"Hospital":{"raw":24.0,"perc":16.3265306122449},"Alone":{"raw":24.0,"perc":11.374407582938389},"Club / Bar":{"raw":5.0,"perc":2.8248587570621471},"School":{"raw":4.0,"perc":2.5316455696202533},"Rave / Dance Event":{"raw":3.0,"perc":4.10958904109589},"Not Applicable":{"raw":7.0,"perc":4.0229885057471266},"Large Group (10+)":{"raw":7.0,"perc":3.4825870646766171},"Festival / Lg. Crowd":{"raw":3.0,"perc":2.2556390977443606},"Unknown Context":{"raw":3.0,"perc":1.6129032258064515}}}}