{"Medium":{"raw":11004.0,"perc":59.898753470143163},"Strong":{"raw":5881.0,"perc":32.015896347106541},"No Effect":{"raw":190.0,"perc":1.0432108933179596},"Extreme":{"raw":1296.0,"perc":7.0588235294117645}}