{"Not-Specified":{"Medium":{"raw":1002.0,"perc":69.2467173462336,"total":1447.0},"Strong":{"raw":351.0,"perc":24.257083621285418,"total":1447.0},"No Effect":{"raw":35.0,"perc":2.4187975120939877,"total":1447.0},"Extreme":{"raw":59.0,"perc":4.0774015203870073,"total":1447.0}},"Male":{"Medium":{"raw":10643.0,"perc":60.578291308554846,"total":17569.0},"Strong":{"raw":5525.0,"perc":31.447435824463543,"total":17569.0},"No Effect":{"raw":272.0,"perc":1.5481814559735898,"total":17569.0},"Extreme":{"raw":1129.0,"perc":6.4260914110080254,"total":17569.0}},"Female":{"Medium":{"raw":1746.0,"perc":58.708809683927363,"total":2974.0},"Strong":{"raw":925.0,"perc":31.102891728312038,"total":2974.0},"Extreme":{"raw":266.0,"perc":8.94418291862811,"total":2974.0},"No Effect":{"raw":37.0,"perc":1.2441156691324815,"total":2974.0}}}