{"Medium":{"First Times":{"raw":3629.0,"perc":15.074980268350435,"total":24073.0},"General":{"raw":5195.0,"perc":21.58019357786732,"total":24073.0},"Music Discussion":{"raw":598.0,"perc":2.484110829560088,"total":24073.0},"Nature / Outdoors":{"raw":481.0,"perc":1.9980891455157228,"total":24073.0},"Glowing Experiences":{"raw":2089.0,"perc":8.677771777510074,"total":24073.0},"Retrospective / Summary":{"raw":2258.0,"perc":9.37980309890749,"total":24073.0},"Addiction & Habituation":{"raw":956.0,"perc":3.9712541021060943,"total":24073.0},"Health Problems":{"raw":972.0,"perc":4.0377186059070329,"total":24073.0},"Train Wrecks & Trip Disasters":{"raw":209.0,"perc":0.86819258089976326,"total":24073.0},"Multi-Day Experience":{"raw":265.0,"perc":1.100818344203049,"total":24073.0},"Sex Discussion":{"raw":418.0,"perc":1.7363851617995265,"total":24073.0},"Post Trip Problems":{"raw":393.0,"perc":1.6325343746105596,"total":24073.0},"Difficult Experiences":{"raw":1206.0,"perc":5.0097619739957624,"total":24073.0},"Overdose":{"raw":175.0,"perc":0.72695551032276817,"total":24073.0},"Mystical Experiences":{"raw":494.0,"perc":2.0520915548539858,"total":24073.0},"Depression":{"raw":353.0,"perc":1.4663731151082124,"total":24073.0},"Preparation / Recipes":{"raw":579.0,"perc":2.4051842312964733,"total":24073.0},"Entities / Beings":{"raw":435.0,"perc":1.8070036970880239,"total":24073.0},"Bad Trips":{"raw":296.0,"perc":1.2295933203173679,"total":24073.0},"What Was in That?":{"raw":110.0,"perc":0.45694346363145433,"total":24073.0},"Second Hand Report":{"raw":103.0,"perc":0.42786524321854358,"total":24073.0},"Cultivation / Synthesis":{"raw":27.0,"perc":0.11215885016408424,"total":24073.0},"Guides / Sitters":{"raw":153.0,"perc":0.63556681759647737,"total":24073.0},"Hangover / Days After":{"raw":700.0,"perc":2.9078220412910727,"total":24073.0},"Health Benefits":{"raw":438.0,"perc":1.8194657915507,"total":24073.0},"Poetry":{"raw":60.0,"perc":0.24924188925352056,"total":24073.0},"Loss of Magic":{"raw":75.0,"perc":0.31155236156690069,"total":24073.0},"Families":{"raw":106.0,"perc":0.44032733768121962,"total":24073.0},"HPPD / Lasting Visuals":{"raw":93.0,"perc":0.38632492834295684,"total":24073.0},"Relationships":{"raw":358.0,"perc":1.4871432725460059,"total":24073.0},"Pregnancy / Baby":{"raw":5.0,"perc":0.020770157437793379,"total":24073.0},"Personal Preparation":{"raw":109.0,"perc":0.45278943214389566,"total":24073.0},"Medical Use":{"raw":386.0,"perc":1.6034561541976486,"total":24073.0},"Therapeutic Intent or Outcome":{"raw":273.0,"perc":1.1340505961035185,"total":24073.0},"Performance Enhancement":{"raw":75.0,"perc":0.31155236156690069,"total":24073.0},"Video":{"raw":1.0,"perc":0.0041540314875586756,"total":24073.0}},"Strong":{"General":{"raw":2280.0,"perc":15.839933305543976,"total":14394.0},"First Times":{"raw":1734.0,"perc":12.046686119216341,"total":14394.0},"Difficult Experiences":{"raw":1839.0,"perc":12.776156731971655,"total":14394.0},"Nature / Outdoors":{"raw":230.0,"perc":1.597888008892594,"total":14394.0},"Post Trip Problems":{"raw":297.0,"perc":2.063359733222176,"total":14394.0},"Glowing Experiences":{"raw":1063.0,"perc":7.3850215367514238,"total":14394.0},"Mystical Experiences":{"raw":740.0,"perc":5.1410309851326943,"total":14394.0},"Train Wrecks & Trip Disasters":{"raw":258.0,"perc":1.7924135056273449,"total":14394.0},"Health Problems":{"raw":619.0,"perc":4.3004029456718076,"total":14394.0},"Retrospective / Summary":{"raw":566.0,"perc":3.9321939697096013,"total":14394.0},"Bad Trips":{"raw":638.0,"perc":4.4324023898846745,"total":14394.0},"Overdose":{"raw":348.0,"perc":2.4176740308461859,"total":14394.0},"Addiction & Habituation":{"raw":325.0,"perc":2.2578852299569263,"total":14394.0},"Music Discussion":{"raw":310.0,"perc":2.153675142420453,"total":14394.0},"Preparation / Recipes":{"raw":135.0,"perc":0.93789078782826174,"total":14394.0},"What Was in That?":{"raw":103.0,"perc":0.7155759344171182,"total":14394.0},"Entities / Beings":{"raw":718.0,"perc":4.9881895234125331,"total":14394.0},"Depression":{"raw":179.0,"perc":1.2435737112685843,"total":14394.0},"Sex Discussion":{"raw":145.0,"perc":1.0073641795192441,"total":14394.0},"Multi-Day Experience":{"raw":224.0,"perc":1.5562039738780047,"total":14394.0},"Guides / Sitters":{"raw":210.0,"perc":1.4589412255106295,"total":14394.0},"HPPD / Lasting Visuals":{"raw":61.0,"perc":0.42378768931499233,"total":14394.0},"Families":{"raw":82.0,"perc":0.56968181186605527,"total":14394.0},"Health Benefits":{"raw":84.0,"perc":0.58357649020425173,"total":14394.0},"Second Hand Report":{"raw":65.0,"perc":0.45157704599138532,"total":14394.0},"Hangover / Days After":{"raw":539.0,"perc":3.744615812143949,"total":14394.0},"Personal Preparation":{"raw":72.0,"perc":0.50020842017507294,"total":14394.0},"Relationships":{"raw":234.0,"perc":1.6256773655689869,"total":14394.0},"Loss of Magic":{"raw":13.0,"perc":0.090315409198277061,"total":14394.0},"Cultivation / Synthesis":{"raw":3.0,"perc":0.020842017507294707,"total":14394.0},"Medical Use":{"raw":105.0,"perc":0.72947061275531477,"total":14394.0},"Poetry":{"raw":19.0,"perc":0.13199944421286647,"total":14394.0},"Performance Enhancement":{"raw":12.0,"perc":0.083368070029178828,"total":14394.0},"Pregnancy / Baby":{"raw":3.0,"perc":0.020842017507294707,"total":14394.0},"Therapeutic Intent or Outcome":{"raw":140.0,"perc":0.972627483673753,"total":14394.0},"Video":{"raw":1.0,"perc":0.0069473391690982357,"total":14394.0}},"No Effect":{"General":{"raw":202.0,"perc":47.417840375586856,"total":426.0},"Preparation / Recipes":{"raw":31.0,"perc":7.276995305164319,"total":426.0},"Retrospective / Summary":{"raw":37.0,"perc":8.6854460093896719,"total":426.0},"What Was in That?":{"raw":7.0,"perc":1.643192488262911,"total":426.0},"First Times":{"raw":62.0,"perc":14.553990610328638,"total":426.0},"Post Trip Problems":{"raw":5.0,"perc":1.1737089201877933,"total":426.0},"Health Problems":{"raw":12.0,"perc":2.8169014084507045,"total":426.0},"Difficult Experiences":{"raw":4.0,"perc":0.93896713615023475,"total":426.0},"Second Hand Report":{"raw":10.0,"perc":2.3474178403755865,"total":426.0},"Train Wrecks & Trip Disasters":{"raw":7.0,"perc":1.643192488262911,"total":426.0},"Cultivation / Synthesis":{"raw":4.0,"perc":0.93896713615023475,"total":426.0},"Medical Use":{"raw":14.0,"perc":3.286384976525822,"total":426.0},"Overdose":{"raw":1.0,"perc":0.23474178403755869,"total":426.0},"Hangover / Days After":{"raw":1.0,"perc":0.23474178403755869,"total":426.0},"Depression":{"raw":1.0,"perc":0.23474178403755869,"total":426.0},"Personal Preparation":{"raw":3.0,"perc":0.70422535211267612,"total":426.0},"Addiction & Habituation":{"raw":6.0,"perc":1.4084507042253522,"total":426.0},"Relationships":{"raw":1.0,"perc":0.23474178403755869,"total":426.0},"Families":{"raw":3.0,"perc":0.70422535211267612,"total":426.0},"Guides / Sitters":{"raw":1.0,"perc":0.23474178403755869,"total":426.0},"Health Benefits":{"raw":3.0,"perc":0.70422535211267612,"total":426.0},"Glowing Experiences":{"raw":1.0,"perc":0.23474178403755869,"total":426.0},"Nature / Outdoors":{"raw":2.0,"perc":0.46948356807511737,"total":426.0},"Multi-Day Experience":{"raw":5.0,"perc":1.1737089201877933,"total":426.0},"Therapeutic Intent or Outcome":{"raw":2.0,"perc":0.46948356807511737,"total":426.0},"Performance Enhancement":{"raw":1.0,"perc":0.23474178403755869,"total":426.0}},"Extreme":{"First Times":{"raw":231.0,"perc":5.7807807807807805,"total":3996.0},"Bad Trips":{"raw":341.0,"perc":8.5335335335335341,"total":3996.0},"Train Wrecks & Trip Disasters":{"raw":395.0,"perc":9.8848848848848849,"total":3996.0},"General":{"raw":223.0,"perc":5.58058058058058,"total":3996.0},"Preparation / Recipes":{"raw":20.0,"perc":0.50050050050050054,"total":3996.0},"Difficult Experiences":{"raw":485.0,"perc":12.137137137137136,"total":3996.0},"Health Problems":{"raw":411.0,"perc":10.285285285285285,"total":3996.0},"Overdose":{"raw":377.0,"perc":9.4344344344344346,"total":3996.0},