{"Medium":{"Small Group (2-9)":{"raw":4217.0,"perc":31.449026773062865,"total":13409.0},"Rave / Dance Event":{"raw":204.0,"perc":1.521366246550824,"total":13409.0},"Unknown Context":{"raw":1296.0,"perc":9.6651502722052349,"total":13409.0},"Alone":{"raw":3603.0,"perc":26.870012678052053,"total":13409.0},"Large Group (10+)":{"raw":251.0,"perc":1.8718770974718473,"total":13409.0},"Various":{"raw":2005.0,"perc":14.952643746737266,"total":13409.0},"Not Applicable":{"raw":1187.0,"perc":8.8522634051756288,"total":13409.0},"Club / Bar":{"raw":162.0,"perc":1.2081437840256544,"total":13409.0},"Festival / Lg. Crowd":{"raw":193.0,"perc":1.4393317920799464,"total":13409.0},"Group Ceremony":{"raw":38.0,"perc":0.28339175180848686,"total":13409.0},"Hospital":{"raw":81.0,"perc":0.60407189201282718,"total":13409.0},"School":{"raw":132.0,"perc":0.98441345365053323,"total":13409.0},"Public Space (Museum, Park, etc)":{"raw":17.0,"perc":0.12678052054590203,"total":13409.0},"Military":{"raw":9.0,"perc":0.067119099112536357,"total":13409.0},"Workplace":{"raw":13.0,"perc":0.096949809829219177,"total":13409.0},"Large Party":{"raw":1.0,"perc":0.007457677679170706,"total":13409.0}},"Strong":{"Small Group (2-9)":{"raw":2865.0,"perc":42.089026002644339,"total":6807.0},"Festival / Lg. Crowd":{"raw":122.0,"perc":1.7922726604965478,"total":6807.0},"Alone":{"raw":1952.0,"perc":28.676362567944764,"total":6807.0},"Various":{"raw":775.0,"perc":11.385338622006758,"total":6807.0},"Large Group (10+)":{"raw":150.0,"perc":2.2036139268400179,"total":6807.0},"Club / Bar":{"raw":75.0,"perc":1.1018069634200089,"total":6807.0},"Rave / Dance Event":{"raw":105.0,"perc":1.5425297487880123,"total":6807.0},"Unknown Context":{"raw":323.0,"perc":4.7451153224621709,"total":6807.0},"Group Ceremony":{"raw":41.0,"perc":0.60232114000293813,"total":6807.0},"School":{"raw":62.0,"perc":0.91082708976054061,"total":6807.0},"Hospital":{"raw":87.0,"perc":1.27809607756721,"total":6807.0},"Not Applicable":{"raw":229.0,"perc":3.3641839283090933,"total":6807.0},"Large Party":{"raw":4.0,"perc":0.058763038049067129,"total":6807.0},"Military":{"raw":3.0,"perc":0.044072278536800354,"total":6807.0},"Workplace":{"raw":6.0,"perc":0.088144557073600707,"total":6807.0},"Public Space (Museum, Park, etc)":{"raw":8.0,"perc":0.11752607609813426,"total":6807.0}},"No Effect":{"Unknown Context":{"raw":86.0,"perc":24.927536231884059,"total":345.0},"Alone":{"raw":108.0,"perc":31.304347826086961,"total":345.0},"Small Group (2-9)":{"raw":44.0,"perc":12.753623188405797,"total":345.0},"Various":{"raw":13.0,"perc":3.7681159420289858,"total":345.0},"Club / Bar":{"raw":2.0,"perc":0.57971014492753625,"total":345.0},"Large Group (10+)":{"raw":3.0,"perc":0.86956521739130432,"total":345.0},"Group Ceremony":{"raw":1.0,"perc":0.28985507246376813,"total":345.0},"Not Applicable":{"raw":75.0,"perc":21.739130434782609,"total":345.0},"Hospital":{"raw":6.0,"perc":1.7391304347826086,"total":345.0},"Rave / Dance Event":{"raw":1.0,"perc":0.28985507246376813,"total":345.0},"School":{"raw":3.0,"perc":0.86956521739130432,"total":345.0},"Festival / Lg. Crowd":{"raw":2.0,"perc":0.57971014492753625,"total":345.0},"Public Space (Museum, Park, etc)":{"raw":1.0,"perc":0.28985507246376813,"total":345.0}},"Extreme":{"Rave / Dance Event":{"raw":17.0,"perc":1.1010362694300517,"total":1544.0},"Alone":{"raw":380.0,"perc":24.611398963730569,"total":1544.0},"Small Group (2-9)":{"raw":608.0,"perc":39.37823834196891,"total":1544.0},"Various":{"raw":192.0,"perc":12.435233160621761,"total":1544.0},"Club / Bar":{"raw":14.0,"perc":0.90673575129533668,"total":1544.0},"Unknown Context":{"raw":66.0,"perc":4.2746113989637307,"total":1544.0},"Festival / Lg. Crowd":{"raw":18.0,"perc":1.16580310880829,"total":1544.0},"Large Group (10+)":{"raw":31.0,"perc":2.0077720207253886,"total":1544.0},"Hospital":{"raw":139.0,"perc":9.00259067357513,"total":1544.0},"School":{"raw":19.0,"perc":1.2305699481865284,"total":1544.0},"Not Applicable":{"raw":53.0,"perc":3.4326424870466319,"total":1544.0},"Group Ceremony":{"raw":6.0,"perc":0.38860103626943004,"total":1544.0},"Workplace":{"raw":1.0,"perc":0.06476683937823835,"total":1544.0}}}