{"Not-Specified":{"Drug Testing":{"raw":12.0,"perc":0.7001166861143524,"total":1714.0},"Sleep Deprivation":{"raw":5.0,"perc":0.29171528588098017,"total":1714.0},"OBE":{"raw":4.0,"perc":0.23337222870478411,"total":1714.0},"Endogenous":{"raw":2.0,"perc":0.11668611435239205,"total":1714.0},"Ritual":{"raw":1.0,"perc":0.058343057176196027,"total":1714.0},"Dreams":{"raw":17.0,"perc":0.99183197199533257,"total":1714.0},"Breathing":{"raw":1.0,"perc":0.058343057176196027,"total":1714.0},"Hyperventilation":{"raw":1.0,"perc":0.058343057176196027,"total":1714.0},"Police / Customs":{"raw":2.0,"perc":0.11668611435239205,"total":1714.0},"Meditation":{"raw":7.0,"perc":0.40840140023337224,"total":1714.0},"Yoga / Bodywork":{"raw":2.0,"perc":0.11668611435239205,"total":1714.0},"Fasting":{"raw":2.0,"perc":0.11668611435239205,"total":1714.0},"Migraines":{"raw":3.0,"perc":0.1750291715285881,"total":1714.0},"Conferences":{"raw":10.0,"perc":0.58343057176196034,"total":1714.0},"Floatation Tank":{"raw":1.0,"perc":0.058343057176196027,"total":1714.0},"Devices":{"raw":1.0,"perc":0.058343057176196027,"total":1714.0}},"Male":{"Sleep Deprivation":{"raw":59.0,"perc":0.29138680363492692,"total":20248.0},"Dreams":{"raw":207.0,"perc":1.0223231924140657,"total":20248.0},"Drug Testing":{"raw":114.0,"perc":0.56301856973528253,"total":20248.0},"Police / Customs":{"raw":120.0,"perc":0.59265112603713943,"total":20248.0},"Meditation":{"raw":86.0,"perc":0.42473330699328327,"total":20248.0},"OBE":{"raw":52.0,"perc":0.2568154879494271,"total":20248.0},"Ritual":{"raw":25.0,"perc":0.12346898459107074,"total":20248.0},"Endogenous":{"raw":20.0,"perc":0.09877518767285659,"total":20248.0},"Breathing":{"raw":26.0,"perc":0.12840774397471355,"total":20248.0},"Hyperventilation":{"raw":11.0,"perc":0.054326353220071122,"total":20248.0},"Floatation Tank":{"raw":5.0,"perc":0.024693796918214148,"total":20248.0},"Fasting":{"raw":19.0,"perc":0.09383642828921375,"total":20248.0},"Guiding":{"raw":3.0,"perc":0.014816278150928487,"total":20248.0},"Nitrogen Narcosis":{"raw":5.0,"perc":0.024693796918214148,"total":20248.0},"Yoga / Bodywork":{"raw":30.0,"perc":0.14816278150928486,"total":20248.0},"Migraines":{"raw":16.0,"perc":0.079020150138285256,"total":20248.0},"Devices":{"raw":24.0,"perc":0.1185302252074279,"total":20248.0},"Devices - Mind Machine":{"raw":15.0,"perc":0.074081390754642429,"total":20248.0},"Mindfulness":{"raw":7.0,"perc":0.0345713156854998,"total":20248.0},"Devices - Magnetic":{"raw":2.0,"perc":0.0098775187672856569,"total":20248.0},"Sweating":{"raw":7.0,"perc":0.0345713156854998,"total":20248.0},"Conferences":{"raw":5.0,"perc":0.024693796918214148,"total":20248.0},"Chanting":{"raw":2.0,"perc":0.0098775187672856569,"total":20248.0},"Humor":{"raw":5.0,"perc":0.024693796918214148,"total":20248.0},"Music":{"raw":5.0,"perc":0.024693796918214148,"total":20248.0},"Sound (non-music)":{"raw":1.0,"perc":0.0049387593836428285,"total":20248.0}},"Female":{"Migraines":{"raw":5.0,"perc":0.14889815366289458,"total":3358.0},"Yoga / Bodywork":{"raw":9.0,"perc":0.26801667659321021,"total":3358.0},"Drug Testing":{"raw":22.0,"perc":0.6551518761167362,"total":3358.0},"Meditation":{"raw":10.0,"perc":0.29779630732578916,"total":3358.0},"Dreams":{"raw":24.0,"perc":0.714711137581894,"total":3358.0},"Police / Customs":{"raw":17.0,"perc":0.50625372245384159,"total":3358.0},"Ritual":{"raw":6.0,"perc":0.17867778439547349,"total":3358.0},"Fasting":{"raw":3.0,"perc":0.089338892197736747,"total":3358.0},"Sleep Deprivation":{"raw":7.0,"perc":0.20845741512805241,"total":3358.0},"OBE":{"raw":4.0,"perc":0.11911852293031568,"total":3358.0},"Sweating":{"raw":1.0,"perc":0.029779630732578919,"total":3358.0},"Guiding":{"raw":1.0,"perc":0.029779630732578919,"total":3358.0},"Devices":{"raw":5.0,"perc":0.14889815366289458,"total":3358.0},"Devices - Mind Machine":{"raw":3.0,"perc":0.089338892197736747,"total":3358.0},"Conferences":{"raw":2.0,"perc":0.059559261465157838,"total":3358.0},"Breathing":{"raw":2.0,"perc":0.059559261465157838,"total":3358.0},"Endogenous":{"raw":2.0,"perc":0.059559261465157838,"total":3358.0},"Floatation Tank":{"raw":1.0,"perc":0.029779630732578919,"total":3358.0},"Mindfulness":{"raw":2.0,"perc":0.059559261465157838,"total":3358.0}}}