{"Not-Specified":{"Small Group (2-9)":{"raw":492.0,"perc":28.704784130688449,"total":1714.0},"Unknown Context":{"raw":277.0,"perc":16.1610268378063,"total":1714.0},"Festival / Lg. Crowd":{"raw":34.0,"perc":1.9836639439906652,"total":1714.0},"Rave / Dance Event":{"raw":33.0,"perc":1.9253208868144693,"total":1714.0},"Club / Bar":{"raw":24.0,"perc":1.4002333722287048,"total":1714.0},"Large Group (10+)":{"raw":57.0,"perc":3.3255542590431739,"total":1714.0},"Various":{"raw":253.0,"perc":14.760793465577596,"total":1714.0},"Alone":{"raw":388.0,"perc":22.637106184364061,"total":1714.0},"Group Ceremony":{"raw":6.0,"perc":0.3500583430571762,"total":1714.0},"Not Applicable":{"raw":133.0,"perc":7.7596266044340725,"total":1714.0},"School":{"raw":9.0,"perc":0.5250875145857643,"total":1714.0},"Hospital":{"raw":9.0,"perc":0.5250875145857643,"total":1714.0},"Workplace":{"raw":1.0,"perc":0.058343057176196027,"total":1714.0},"Public Space (Museum, Park, etc)":{"raw":1.0,"perc":0.058343057176196027,"total":1714.0}},"Male":{"Rave / Dance Event":{"raw":217.0,"perc":1.071710786250494,"total":20248.0},"Small Group (2-9)":{"raw":6635.0,"perc":32.768668510470171,"total":20248.0},"Alone":{"raw":6334.0,"perc":31.28210193599368,"total":20248.0},"Unknown Context":{"raw":1679.0,"perc":8.29217700513631,"total":20248.0},"Various":{"raw":2593.0,"perc":12.806203081785855,"total":20248.0},"Club / Bar":{"raw":193.0,"perc":0.953180561043066,"total":20248.0},"Large Group (10+)":{"raw":339.0,"perc":1.6742394310549191,"total":20248.0},"Not Applicable":{"raw":1459.0,"perc":7.2056499407348875,"total":20248.0},"Festival / Lg. Crowd":{"raw":257.0,"perc":1.2692611615962071,"total":20248.0},"Hospital":{"raw":245.0,"perc":1.209996048992493,"total":20248.0},"Group Ceremony":{"raw":60.0,"perc":0.29632556301856972,"total":20248.0},"School":{"raw":216.0,"perc":1.066772026866851,"total":20248.0},"Public Space (Museum, Park, etc)":{"raw":24.0,"perc":0.1185302252074279,"total":20248.0},"Military":{"raw":13.0,"perc":0.064203871987356775,"total":20248.0},"Workplace":{"raw":19.0,"perc":0.09383642828921375,"total":20248.0},"Large Party":{"raw":4.0,"perc":0.019755037534571314,"total":20248.0}},"Female":{"Small Group (2-9)":{"raw":1215.0,"perc":36.182251340083383,"total":3358.0},"Large Group (10+)":{"raw":76.0,"perc":2.2632519356759975,"total":3358.0},"Not Applicable":{"raw":367.0,"perc":10.929124478856462,"total":3358.0},"Rave / Dance Event":{"raw":88.0,"perc":2.6206075044669448,"total":3358.0},"Unknown Context":{"raw":228.0,"perc":6.7897558070279933,"total":3358.0},"Various":{"raw":535.0,"perc":15.932102441929722,"total":3358.0},"Alone":{"raw":607.0,"perc":18.076235854675403,"total":3358.0},"Festival / Lg. Crowd":{"raw":58.0,"perc":1.7272185824895772,"total":3358.0},"Club / Bar":{"raw":52.0,"perc":1.5485407980941037,"total":3358.0},"School":{"raw":39.0,"perc":1.1614055985705778,"total":3358.0},"Hospital":{"raw":67.0,"perc":1.9952352590827873,"total":3358.0},"Group Ceremony":{"raw":21.0,"perc":0.62537224538415725,"total":3358.0},"Large Party":{"raw":1.0,"perc":0.029779630732578919,"total":3358.0},"Workplace":{"raw":3.0,"perc":0.089338892197736747,"total":3358.0},"Public Space (Museum, Park, etc)":{"raw":3.0,"perc":0.089338892197736747,"total":3358.0}}}