{"Not-Specified":{"raw":1714.0,"perc":6.7456413081978832,"total":25409.0},"Male":{"raw":20248.0,"perc":79.688299421464833,"total":25409.0},"Female":{"raw":3358.0,"perc":13.215789680821757,"total":25409.0}}