{"Small Group (2-9)":{"raw":8374.0,"perc":32.89985463403135,"total":25453.0},"Rave / Dance Event":{"raw":339.0,"perc":1.3318665776136409,"total":25453.0},"Unknown Context":{"raw":2189.0,"perc":8.6001650100184648,"total":25453.0},"Festival / Lg. Crowd":{"raw":351.0,"perc":1.3790122971751857,"total":25453.0},"Alone":{"raw":7363.0,"perc":28.927827760971205,"total":25453.0},"Club / Bar":{"raw":270.0,"perc":1.0607786901347582,"total":25453.0},"Large Group (10+)":{"raw":472.0,"perc":1.854398302754096,"total":25453.0},"Various":{"raw":3387.0,"perc":13.306879346246022,"total":25453.0},"Not Applicable":{"raw":1960.0,"perc":7.7004675283856514,"total":25453.0},"Group Ceremony":{"raw":88.0,"perc":0.34573527678466193,"total":25453.0},"Hospital":{"raw":326.0,"perc":1.2807920480886339,"total":25453.0},"School":{"raw":265.0,"perc":1.0411346403174477,"total":25453.0},"Public Space (Museum, Park, etc)":{"raw":28.0,"perc":0.11000667897693789,"total":25453.0},"Large Party":{"raw":5.0,"perc":0.019644049817310338,"total":25453.0},"Military":{"raw":13.0,"perc":0.051074529525006872,"total":25453.0},"Workplace":{"raw":23.0,"perc":0.090362629159627547,"total":25453.0}}