{"Small Group (2-9)":{"Not-Specified":{"raw":492.0,"perc":5.8978662191321023,"total":8342.0},"Male":{"raw":6635.0,"perc":79.537281227523366,"total":8342.0},"Female":{"raw":1215.0,"perc":14.564852553344521,"total":8342.0}},"Rave / Dance Event":{"Male":{"raw":217.0,"perc":64.201183431952657,"total":338.0},"Not-Specified":{"raw":33.0,"perc":9.7633136094674562,"total":338.0},"Female":{"raw":88.0,"perc":26.035502958579883,"total":338.0}},"Unknown Context":{"Not-Specified":{"raw":277.0,"perc":12.683150183150182,"total":2184.0},"Male":{"raw":1679.0,"perc":76.877289377289387,"total":2184.0},"Female":{"raw":228.0,"perc":10.43956043956044,"total":2184.0}},"Festival / Lg. Crowd":{"Not-Specified":{"raw":34.0,"perc":9.7421203438395416,"total":349.0},"Male":{"raw":257.0,"perc":73.638968481375358,"total":349.0},"Female":{"raw":58.0,"perc":16.6189111747851,"total":349.0}},"Alone":{"Male":{"raw":6334.0,"perc":86.423795879383263,"total":7329.0},"Not-Specified":{"raw":388.0,"perc":5.29403738572793,"total":7329.0},"Female":{"raw":607.0,"perc":8.2821667348887971,"total":7329.0}},"Club / Bar":{"Not-Specified":{"raw":24.0,"perc":8.921933085501859,"total":269.0},"Male":{"raw":193.0,"perc":71.74721189591078,"total":269.0},"Female":{"raw":52.0,"perc":19.330855018587361,"total":269.0}},"Large Group (10+)":{"Not-Specified":{"raw":57.0,"perc":12.076271186440678,"total":472.0},"Female":{"raw":76.0,"perc":16.101694915254235,"total":472.0},"Male":{"raw":339.0,"perc":71.822033898305079,"total":472.0}},"Various":{"Not-Specified":{"raw":253.0,"perc":7.4829931972789119,"total":3381.0},"Male":{"raw":2593.0,"perc":76.6932860100562,"total":3381.0},"Female":{"raw":535.0,"perc":15.823720792664892,"total":3381.0}},"Not Applicable":{"Female":{"raw":367.0,"perc":18.734047983665135,"total":1959.0},"Male":{"raw":1459.0,"perc":74.47677386421644,"total":1959.0},"Not-Specified":{"raw":133.0,"perc":6.7891781521184278,"total":1959.0}},"Group Ceremony":{"Not-Specified":{"raw":6.0,"perc":6.8965517241379306,"total":87.0},"Male":{"raw":60.0,"perc":68.965517241379317,"total":87.0},"Female":{"raw":21.0,"perc":24.137931034482758,"total":87.0}},"Hospital":{"Male":{"raw":245.0,"perc":76.323987538940813,"total":321.0},"Female":{"raw":67.0,"perc":20.872274143302182,"total":321.0},"Not-Specified":{"raw":9.0,"perc":2.8037383177570092,"total":321.0}},"School":{"Female":{"raw":39.0,"perc":14.772727272727273,"total":264.0},"Male":{"raw":216.0,"perc":81.818181818181827,"total":264.0},"Not-Specified":{"raw":9.0,"perc":3.4090909090909087,"total":264.0}},"Public Space (Museum, Park, etc)":{"Male":{"raw":24.0,"perc":85.714285714285708,"total":28.0},"Female":{"raw":3.0,"perc":10.714285714285714,"total":28.0},"Not-Specified":{"raw":1.0,"perc":3.5714285714285712,"total":28.0}},"Large Party":{"Female":{"raw":1.0,"perc":20.0,"total":5.0},"Male":{"raw":4.0,"perc":80.0,"total":5.0}},"Military":{"Male":{"raw":13.0,"perc":100.0,"total":13.0}},"Workplace":{"Female":{"raw":3.0,"perc":13.043478260869565,"total":23.0},"Male":{"raw":19.0,"perc":82.6086956521739,"total":23.0},"Not-Specified":{"raw":1.0,"perc":4.3478260869565215,"total":23.0}}}