{"Festival / Lg. Crowd":{"Not-Specified":{"Drug Testing":{"raw":2.0,"perc":16.666666666666664,"total":12.0},"Conferences":{"raw":10.0,"perc":83.333333333333343,"total":12.0}},"Male":{"Ritual":{"raw":2.0,"perc":28.571428571428569,"total":7.0},"Police / Customs":{"raw":3.0,"perc":42.857142857142854,"total":7.0},"Conferences":{"raw":1.0,"perc":14.285714285714285,"total":7.0},"Sleep Deprivation":{"raw":1.0,"perc":14.285714285714285,"total":7.0}},"Female":{"Conferences":{"raw":1.0,"perc":50.0,"total":2.0},"Yoga / Bodywork":{"raw":1.0,"perc":50.0,"total":2.0}}},"Various":{"Not-Specified":{"Sleep Deprivation":{"raw":2.0,"perc":33.333333333333329,"total":6.0},"OBE":{"raw":1.0,"perc":16.666666666666664,"total":6.0},"Meditation":{"raw":1.0,"perc":16.666666666666664,"total":6.0},"Yoga / Bodywork":{"raw":1.0,"perc":16.666666666666664,"total":6.0},"Dreams":{"raw":1.0,"perc":16.666666666666664,"total":6.0}},"Male":{"Sleep Deprivation":{"raw":18.0,"perc":20.930232558139537,"total":86.0},"Police / Customs":{"raw":22.0,"perc":25.581395348837212,"total":86.0},"Endogenous":{"raw":2.0,"perc":2.3255813953488373,"total":86.0},"Yoga / Bodywork":{"raw":2.0,"perc":2.3255813953488373,"total":86.0},"Ritual":{"raw":3.0,"perc":3.4883720930232558,"total":86.0},"Meditation":{"raw":13.0,"perc":15.11627906976744,"total":86.0},"Fasting":{"raw":5.0,"perc":5.8139534883720927,"total":86.0},"Migraines":{"raw":2.0,"perc":2.3255813953488373,"total":86.0},"Mindfulness":{"raw":1.0,"perc":1.1627906976744187,"total":86.0},"Dreams":{"raw":5.0,"perc":5.8139534883720927,"total":86.0},"Devices":{"raw":1.0,"perc":1.1627906976744187,"total":86.0},"Devices - Mind Machine":{"raw":1.0,"perc":1.1627906976744187,"total":86.0},"Conferences":{"raw":1.0,"perc":1.1627906976744187,"total":86.0},"OBE":{"raw":2.0,"perc":2.3255813953488373,"total":86.0},"Drug Testing":{"raw":4.0,"perc":4.6511627906976747,"total":86.0},"Music":{"raw":1.0,"perc":1.1627906976744187,"total":86.0},"Nitrogen Narcosis":{"raw":1.0,"perc":1.1627906976744187,"total":86.0},"Humor":{"raw":2.0,"perc":2.3255813953488373,"total":86.0}},"Female":{"Police / Customs":{"raw":5.0,"perc":31.25,"total":16.0},"Fasting":{"raw":2.0,"perc":12.5,"total":16.0},"Sleep Deprivation":{"raw":3.0,"perc":18.75,"total":16.0},"Dreams":{"raw":1.0,"perc":6.25,"total":16.0},"Drug Testing":{"raw":1.0,"perc":6.25,"total":16.0},"Ritual":{"raw":1.0,"perc":6.25,"total":16.0},"Meditation":{"raw":1.0,"perc":6.25,"total":16.0},"Mindfulness":{"raw":2.0,"perc":12.5,"total":16.0}}},"Alone":{"Not-Specified":{"OBE":{"raw":2.0,"perc":7.6923076923076925,"total":26.0},"Endogenous":{"raw":1.0,"perc":3.8461538461538463,"total":26.0},"Dreams":{"raw":15.0,"perc":57.692307692307686,"total":26.0},"Fasting":{"raw":2.0,"perc":7.6923076923076925,"total":26.0},"Meditation":{"raw":3.0,"perc":11.538461538461538,"total":26.0},"Floatation Tank":{"raw":1.0,"perc":3.8461538461538463,"total":26.0},"Devices":{"raw":1.0,"perc":3.8461538461538463,"total":26.0},"Sleep Deprivation":{"raw":1.0,"perc":3.8461538461538463,"total":26.0}},"Male":{"Dreams":{"raw":170.0,"perc":44.270833333333329,"total":384.0},"Meditation":{"raw":45.0,"perc":11.71875,"total":384.0},"OBE":{"raw":21.0,"perc":5.46875,"total":384.0},"Drug Testing":{"raw":11.0,"perc":2.864583333333333,"total":384.0},"Police / Customs":{"raw":13.0,"perc":3.3854166666666665,"total":384.0},"Sleep Deprivation":{"raw":19.0,"perc":4.9479166666666661,"total":384.0},"Floatation Tank":{"raw":5.0,"perc":1.3020833333333335,"total":384.0},"Ritual":{"raw":5.0,"perc":1.3020833333333335,"total":384.0},"Yoga / Bodywork":{"raw":14.0,"perc":3.6458333333333335,"total":384.0},"Nitrogen Narcosis":{"raw":2.0,"perc":0.52083333333333326,"total":384.0},"Endogenous":{"raw":7.0,"perc":1.8229166666666667,"total":384.0},"Breathing":{"raw":12.0,"perc":3.125,"total":384.0},"Hyperventilation":{"raw":5.0,"perc":1.3020833333333335,"total":384.0},"Devices":{"raw":17.0,"perc":4.4270833333333339,"total":384.0},"Devices - Mind Machine":{"raw":11.0,"perc":2.864583333333333,"total":384.0},"Devices - Magnetic":{"raw":1.0,"perc":0.26041666666666663,"total":384.0},"Fasting":{"raw":9.0,"perc":2.34375,"total":384.0},"Sweating":{"raw":3.0,"perc":0.78125,"total":384.0},"Chanting":{"raw":2.0,"perc":0.52083333333333326,"total":384.0},"Conferences":{"raw":2.0,"perc":0.52083333333333326,"total":384.0},"Migraines":{"raw":2.0,"perc":0.52083333333333326,"total":384.0},"Mindfulness":{"raw":3.0,"perc":0.78125,"total":384.0},"Music":{"raw":3.0,"perc":0.78125,"total":384.0},"Humor":{"raw":1.0,"perc":0.26041666666666663,"total":384.0},"Sound (non-music)":{"raw":1.0,"perc":0.26041666666666663,"total":384.0}},"Female":{"Yoga / Bodywork":{"raw":2.0,"perc":5.2631578947368416,"total":38.0},"Meditation":{"raw":5.0,"perc":13.157894736842104,"total":38.0},"Dreams":{"raw":18.0,"perc":47.368421052631575,"total":38.0},"Police / Customs":{"raw":2.0,"perc":5.2631578947368416,"total":38.0},"Conferences":{"raw":1.0,"perc":2.6315789473684208,"total":38.0},"Sleep Deprivation":{"raw":2.0,"perc":5.2631578947368416,"total":38.0},"Breathing":{"raw":1.0,"perc":2.6315789473684208,"total":38.0},"Migraines":{"raw":1.0,"perc":2.6315789473684208,"total":38.0},"Devices":{"raw":2.0,"perc":5.2631578947368416,"total":38.0},"Endogenous":{"raw":1.0,"perc":2.6315789473684208,"total":38.0},"Floatation Tank":{"raw":1.0,"perc":2.6315789473684208,"total":38.0},"Devices - Mind Machine":{"raw":1.0,"perc":2.6315789473684208,"total":38.0},"Drug Testing":{"raw":1.0,"perc":2.6315789473684208,"total":38.0}}},"Unknown Context":{"Not-Specified":{"Drug Testing":{"raw":1.0,"perc":20.0,"total":5.0},"Migraines":{"raw":2.0,"perc":40.0,"total":5.0},"Sleep Deprivation":{"raw":1.0,"perc":20.0,"total":5.0},"Meditation":{"raw":1.0,"perc":20.0,"total":5.0}},"Male":{"Drug Testing":{"raw":14.0,"perc":38.888888888888893,"total":36.0},"Fasting":{"raw":1.0,"perc":2.7777777777777777,"total":36.0},"Dreams":{"raw":4.0,"perc":11.111111111111111,"total":36.0},"Police / Customs":{"raw":2.0,"perc":5.5555555555555554,"total":36.0},"Migraines":{"raw":3.0,"perc":8.3333333333333321,"total":36.0},"Breathing":{"raw":1.0,"perc":2.7777777777777777,"total":36.0},"Hyperventilation":{"raw":1.0,"perc":2.7777777777777777,"total":36.0},"Meditation":{"raw":2.0,"perc":5.5555555555555554,"total":36.0},"Devices":{"raw":2.0,"perc":5.5555555555555554,"total":36.0},"Devices - Magnetic":{"raw":1.0,"perc":2.7777777777777777,"total":36.0},"Devices - Mind Machine":{"raw":1.0,"perc":2.7777777777777777,"total":36.0},"Endogenous":{"raw":2.0,"perc":5.5555555555555554,"total":36.0},"Sleep Deprivation":{"raw":1.0,"perc":2.7777777777777777,"total":36.0},"Yoga / Bodywork":{"raw":1.0,"perc":2.7777777777777777,"total":36.0}},"Female":{"Migraines":{"raw":3.0,"perc":42.857142857142854,"total":7.0},"Dreams":{"raw":1.0,"perc":14.285714285714285,"total":7.0},"Drug Testing":{"raw":1.0,"perc":14.285714285714285,"total":7.0},"Endogenous":{"raw":1.0,"perc":14.285714285714285,"total":7.0},"Sleep Deprivation":{"raw":1.0,"perc":14.285714285714285,"total":7.0}}},"Large Group (10+)":{"Male":{"Police / Customs":{"raw":3.0,"perc":30.0,"total":10.0},"OBE":{"raw":1.0,"perc":10.0,"total":10.0},"Sleep Deprivation":{"raw":2.0,"perc":20.0,"total":10.0},"Breathing":{"raw":2.0,"perc":20.0,"total":10.0},"Meditation":{"raw":2.0,"perc":20.0,"total":10.0}},"Female":{"Ritual":{"raw":1.0,"perc":50.0,"total":2.0},"OBE":{"raw":1.0,"perc":50.0,"total":2.0}},"Not-Specified":{"Meditation":{"raw":1.0,"perc":100.0,"total":1.0}}},"Small Group (2-9)":{"Male":{"Ritual":{"raw":5.0,"perc":2.7173913043478262,"total":184.0},"Endogenous":{"raw":4.0,"perc":2.1739130434782608,"total":184.0},"Breathing":{"raw":8.0,"perc":4.3478260869565215,"total":184.0},"Hyperventilation":{"raw":4.0,"perc":2.1739130434782608,"total":184.0},"Police / Customs":{"raw":57.0,"perc":30.978260869565215,"total":184.0},"Guiding":{"raw":2.0,"perc":1.0869565217391304,"total":184.0},"Sleep Deprivation":{"raw":14.0,"perc":7.608695652173914,"total":184.0},"Nitrogen Narcosis":{"raw":2.0,