{"Not-Specified":{"Medium":{"Small Group (2-9)":{"raw":289.0,"perc":28.784860557768926,"total":1004.0},"Unknown Context":{"raw":187.0,"perc":18.625498007968126,"total":1004.0},"Rave / Dance Event":{"raw":24.0,"perc":2.3904382470119523,"total":1004.0},"Large Group (10+)":{"raw":32.0,"perc":3.1872509960159361,"total":1004.0},"Various":{"raw":167.0,"perc":16.633466135458168,"total":1004.0},"Alone":{"raw":177.0,"perc":17.629482071713149,"total":1004.0},"Festival / Lg. Crowd":{"raw":22.0,"perc":2.1912350597609564,"total":1004.0},"Club / Bar":{"raw":17.0,"perc":1.693227091633466,"total":1004.0},"Group Ceremony":{"raw":2.0,"perc":0.199203187250996,"total":1004.0},"Not Applicable":{"raw":79.0,"perc":7.8685258964143427,"total":1004.0},"School":{"raw":4.0,"perc":0.398406374501992,"total":1004.0},"Hospital":{"raw":3.0,"perc":0.29880478087649404,"total":1004.0},"Public Space (Museum, Park, etc)":{"raw":1.0,"perc":0.099601593625498,"total":1004.0}},"Strong":{"Festival / Lg. Crowd":{"raw":8.0,"perc":2.2792022792022792,"total":351.0},"Small Group (2-9)":{"raw":128.0,"perc":36.467236467236468,"total":351.0},"Various":{"raw":44.0,"perc":12.535612535612536,"total":351.0},"Alone":{"raw":95.0,"perc":27.065527065527068,"total":351.0},"Large Group (10+)":{"raw":14.0,"perc":3.9886039886039883,"total":351.0},"Club / Bar":{"raw":5.0,"perc":1.4245014245014245,"total":351.0},"Rave / Dance Event":{"raw":9.0,"perc":2.5641025641025639,"total":351.0},"Unknown Context":{"raw":33.0,"perc":9.4017094017094021,"total":351.0},"Not Applicable":{"raw":9.0,"perc":2.5641025641025639,"total":351.0},"Hospital":{"raw":1.0,"perc":0.28490028490028491,"total":351.0},"School":{"raw":1.0,"perc":0.28490028490028491,"total":351.0},"Group Ceremony":{"raw":3.0,"perc":0.85470085470085477,"total":351.0},"Workplace":{"raw":1.0,"perc":0.28490028490028491,"total":351.0}},"No Effect":{"Unknown Context":{"raw":8.0,"perc":22.857142857142858,"total":35.0},"Alone":{"raw":7.0,"perc":20.0,"total":35.0},"Various":{"raw":3.0,"perc":8.5714285714285712,"total":35.0},"Small Group (2-9)":{"raw":3.0,"perc":8.5714285714285712,"total":35.0},"Not Applicable":{"raw":11.0,"perc":31.428571428571427,"total":35.0},"Hospital":{"raw":1.0,"perc":2.8571428571428572,"total":35.0},"Festival / Lg. Crowd":{"raw":2.0,"perc":5.7142857142857144,"total":35.0}},"Extreme":{"Alone":{"raw":19.0,"perc":32.20338983050847,"total":59.0},"Various":{"raw":8.0,"perc":13.559322033898304,"total":59.0},"Small Group (2-9)":{"raw":16.0,"perc":27.118644067796609,"total":59.0},"Festival / Lg. Crowd":{"raw":1.0,"perc":1.6949152542372881,"total":59.0},"Unknown Context":{"raw":6.0,"perc":10.16949152542373,"total":59.0},"Hospital":{"raw":4.0,"perc":6.7796610169491522,"total":59.0},"Not Applicable":{"raw":2.0,"perc":3.3898305084745761,"total":59.0},"Large Group (10+)":{"raw":1.0,"perc":1.6949152542372881,"total":59.0},"Group Ceremony":{"raw":1.0,"perc":1.6949152542372881,"total":59.0},"Club / Bar":{"raw":1.0,"perc":1.6949152542372881,"total":59.0}}},"Male":{"Medium":{"Rave / Dance Event":{"raw":133.0,"perc":1.2477718360071302,"total":10659.0},"Small Group (2-9)":{"raw":3338.0,"perc":31.316258560840605,"total":10659.0},"Alone":{"raw":3133.0,"perc":29.393001219626608,"total":10659.0},"Unknown Context":{"raw":964.0,"perc":9.0440003752697251,"total":10659.0},"Various":{"raw":1515.0,"perc":14.213340838727836,"total":10659.0},"Club / Bar":{"raw":116.0,"perc":1.0882822028332864,"total":10659.0},"Large Group (10+)":{"raw":180.0,"perc":1.6887137630171685,"total":10659.0},"Not Applicable":{"raw":889.0,"perc":8.3403696406792385,"total":10659.0},"Festival / Lg. Crowd":{"raw":146.0,"perc":1.3697344966694811,"total":10659.0},"Hospital":{"raw":64.0,"perc":0.60043156018388211,"total":10659.0},"Group Ceremony":{"raw":30.0,"perc":0.28145229383619474,"total":10659.0},"School":{"raw":115.0,"perc":1.0789004597054133,"total":10659.0},"Public Space (Museum, Park, etc)":{"raw":14.0,"perc":0.13134440379022422,"total":10659.0},"Military":{"raw":9.0,"perc":0.084435688150858432,"total":10659.0},"Large Party":{"raw":1.0,"perc":0.0093817431278731579,"total":10659.0},"Workplace":{"raw":12.0,"perc":0.11258091753447791,"total":10659.0}},"Strong":{"Small Group (2-9)":{"raw":2322.0,"perc":41.989150090415912,"total":5530.0},"Alone":{"raw":1697.0,"perc":30.687160940325498,"total":5530.0},"Unknown Context":{"raw":260.0,"perc":4.7016274864376131,"total":5530.0},"Festival / Lg. Crowd":{"raw":91.0,"perc":1.6455696202531647,"total":5530.0},"Various":{"raw":612.0,"perc":11.066907775768534,"total":5530.0},"Club / Bar":{"raw":54.0,"perc":0.976491862567812,"total":5530.0},"Large Group (10+)":{"raw":114.0,"perc":2.0614828209764919,"total":5530.0},"Rave / Dance Event":{"raw":62.0,"perc":1.1211573236889694,"total":5530.0},"Group Ceremony":{"raw":24.0,"perc":0.433996383363472,"total":5530.0},"School":{"raw":45.0,"perc":0.81374321880651,"total":5530.0},"Hospital":{"raw":70.0,"perc":1.2658227848101267,"total":5530.0},"Not Applicable":{"raw":162.0,"perc":2.9294755877034357,"total":5530.0},"Military":{"raw":3.0,"perc":0.054249547920434,"total":5530.0},"Workplace":{"raw":4.0,"perc":0.072332730560578665,"total":5530.0},"Public Space (Museum, Park, etc)":{"raw":7.0,"perc":0.12658227848101267,"total":5530.0},"Large Party":{"raw":3.0,"perc":0.054249547920434,"total":5530.0}},"No Effect":{"Alone":{"raw":93.0,"perc":34.065934065934066,"total":273.0},"Small Group (2-9)":{"raw":34.0,"perc":12.454212454212454,"total":273.0},"Unknown Context":{"raw":67.0,"perc":24.54212454212454,"total":273.0},"Club / Bar":{"raw":2.0,"perc":0.73260073260073255,"total":273.0},"Large Group (10+)":{"raw":2.0,"perc":0.73260073260073255,"total":273.0},"Various":{"raw":10.0,"perc":3.6630036630036633,"total":273.0},"Group Ceremony":{"raw":1.0,"perc":0.36630036630036628,"total":273.0},"Not Applicable":{"raw":55.0,"perc":20.146520146520146,"total":273.0},"Rave / Dance Event":{"raw":1.0,"perc":0.36630036630036628,"total":273.0},"Hospital":{"raw":4.0,"perc":1.4652014652014651,"total":273.0},"School":{"raw":3.0,"perc":1.098901098901099,"total":273.0},"Public Space (Museum, Park, etc)":{"raw":1.0,"perc":0.36630036630036628,"total":273.0}},"Extreme":{"Alone":{"raw":292.0,"perc":25.840707964601773,"total":1130.0},"Small Group (2-9)":{"raw":446.0,"perc":39.469026548672566,"total":1130.0},"Various":{"raw":146.0,"perc":12.920353982300886,"total":1130.0},"Club / Bar":{"raw":7.0,"perc":0.61946902654867253,"total":1130.0},"Unknown Context":{"raw":43.0,"perc":3.8053097345132745,"total":1130.0},"Rave / Dance Event":{"raw":11.0,"perc":0.97345132743362828,"total":1130.0},"Large Group (10+)":{"raw":22.0,"perc":1.9469026548672566,"total":1130.0},"Hospital":{"raw":97.0,"perc":8.5840707964601783,"total":1130.0},"Festival / Lg. Crowd":{"raw":11.0,"perc":0.97345132743362828,"total":1130.0},"School":{"raw":12.0,"perc":1.0619469026548671,"total":1130.0},"Not Applicable":{"raw":39.0,"perc":3.4513274336283186,"total":1130.0},"Workplace":{"raw":1.0,"perc":0.088495575221238937,"total":1130.0},"Group Ceremony":{"raw":3.0,"perc":0.26548672566371678,"total":1130.0}}},"Female":{"Medium":{"Small Group (2-9)":{"raw":590.0,"perc":33.791523482245132,"total":1746.0},"Large Group (10+)":{"raw":39.0,"perc":2.2336769759450172,"total":1746.0},"Not Applicable":{"raw":219.0,"perc":12.542955326460481,"total":1746.0},"Rave / Dance Event":{"raw":47.0,"perc":2.6918671248568158,"total":1746.0},"Unknown Context":{"raw":145.0,"perc":8.3046964490263449,"total":1746.0},"Various":{"raw":323.0,"perc":18.499427262313862,"total":1746.0},"Festival / Lg. Crowd":{"raw":25.0,"perc":1.43184421534937,"total":1746.0},"Alone":{"raw":293.0,"perc":16.781214203894613,"total":1746.0},"Club / Bar":{"raw":29.0,"perc":1.6609392898052693,"total":1746.0},"School":{"raw":13.0,"perc":0.7445589919816723,"total":1746.0},"Hospital":{"raw":14.0,"perc":0.80183276059564712,"total":1746.0},"Group Ceremony":{"raw":6.0,"perc":0.3436426116838488,"total":1746.0},"Workplace":{"raw":1.0,"perc":0.057273768613974804,"total":1746.0},