{"Medium":{"raw":13391.0,"perc":60.650391774989806,"total":22079.0},"Strong":{"raw":6801.0,"perc":30.803025499343267,"total":22079.0},"No Effect":{"raw":344.0,"perc":1.5580415779700167,"total":22079.0},"Extreme":{"raw":1543.0,"perc":6.9885411476969068,"total":22079.0}}