{"First Times":{"Not-Specified":{"raw":304.0,"perc":4.7248989741995651,"total":6434.0},"Male":{"raw":5258.0,"perc":81.722101336649061,"total":6434.0},"Female":{"raw":872.0,"perc":13.552999689151383,"total":6434.0}},"General":{"Male":{"raw":7531.0,"perc":81.6280078040321,"total":9226.0},"Not-Specified":{"raw":748.0,"perc":8.1075222198135712,"total":9226.0},"Female":{"raw":947.0,"perc":10.264469976154347,"total":9226.0}},"Difficult Experiences":{"Not-Specified":{"raw":189.0,"perc":5.2195526097763043,"total":3621.0},"Male":{"raw":2847.0,"perc":78.624689312344657,"total":3621.0},"Female":{"raw":585.0,"perc":16.155758077879039,"total":3621.0}},"Nature / Outdoors":{"Not-Specified":{"raw":30.0,"perc":3.9421813403416559,"total":761.0},"Male":{"raw":649.0,"perc":85.282522996057821,"total":761.0},"Female":{"raw":82.0,"perc":10.775295663600525,"total":761.0}},"Music Discussion":{"Male":{"raw":848.0,"perc":86.530612244897966,"total":980.0},"Not-Specified":{"raw":27.0,"perc":2.7551020408163267,"total":980.0},"Female":{"raw":105.0,"perc":10.714285714285714,"total":980.0}},"Glowing Experiences":{"Not-Specified":{"raw":134.0,"perc":3.9330789550924568,"total":3407.0},"Male":{"raw":2816.0,"perc":82.65336072791311,"total":3407.0},"Female":{"raw":457.0,"perc":13.413560316994424,"total":3407.0}},"Post Trip Problems":{"Not-Specified":{"raw":46.0,"perc":4.8832271762208075,"total":942.0},"Female":{"raw":198.0,"perc":21.019108280254777,"total":942.0},"Male":{"raw":698.0,"perc":74.097664543524417,"total":942.0}},"Retrospective / Summary":{"Not-Specified":{"raw":267.0,"perc":7.3412152873247178,"total":3637.0},"Male":{"raw":2830.0,"perc":77.8113830079736,"total":3637.0},"Female":{"raw":540.0,"perc":14.847401704701676,"total":3637.0}},"Mystical Experiences":{"Male":{"raw":1189.0,"perc":84.867951463240544,"total":1401.0},"Not-Specified":{"raw":77.0,"perc":5.4960742326909351,"total":1401.0},"Female":{"raw":135.0,"perc":9.6359743040685224,"total":1401.0}},"Health Problems":{"Male":{"raw":1564.0,"perc":71.677360219981665,"total":2182.0},"Not-Specified":{"raw":154.0,"perc":7.0577451879010082,"total":2182.0},"Female":{"raw":464.0,"perc":21.264894592117322,"total":2182.0}},"Multi-Day Experience":{"Not-Specified":{"raw":29.0,"perc":4.6474358974358978,"total":624.0},"Male":{"raw":512.0,"perc":82.051282051282044,"total":624.0},"Female":{"raw":83.0,"perc":13.301282051282051,"total":624.0}},"Sex Discussion":{"Female":{"raw":143.0,"perc":21.375186846038861,"total":669.0},"Not-Specified":{"raw":27.0,"perc":4.0358744394618835,"total":669.0},"Male":{"raw":499.0,"perc":74.58893871449925,"total":669.0}},"Preparation / Recipes":{"Not-Specified":{"raw":106.0,"perc":10.557768924302788,"total":1004.0},"Male":{"raw":840.0,"perc":83.665338645418331,"total":1004.0},"Female":{"raw":58.0,"perc":5.7768924302788838,"total":1004.0}},"Overdose":{"Not-Specified":{"raw":58.0,"perc":6.6513761467889916,"total":872.0},"Male":{"raw":647.0,"perc":74.197247706422019,"total":872.0},"Female":{"raw":167.0,"perc":19.151376146788991,"total":872.0}},"Bad Trips":{"Not-Specified":{"raw":79.0,"perc":6.235201262825572,"total":1267.0},"Female":{"raw":251.0,"perc":19.810576164167323,"total":1267.0},"Male":{"raw":937.0,"perc":73.9542225730071,"total":1267.0}},"Depression":{"Not-Specified":{"raw":22.0,"perc":3.2544378698224854,"total":676.0},"Female":{"raw":169.0,"perc":25.0,"total":676.0},"Male":{"raw":485.0,"perc":71.7455621301775,"total":676.0}},"Entities / Beings":{"Not-Specified":{"raw":73.0,"perc":5.3795136330140014,"total":1357.0},"Male":{"raw":1174.0,"perc":86.51436993367723,"total":1357.0},"Female":{"raw":110.0,"perc":8.1061164333087685,"total":1357.0}},"What Was in That?":{"Not-Specified":{"raw":25.0,"perc":9.6899224806201563,"total":258.0},"Male":{"raw":180.0,"perc":69.767441860465112,"total":258.0},"Female":{"raw":53.0,"perc":20.54263565891473,"total":258.0}},"Health Benefits":{"Female":{"raw":120.0,"perc":16.238159675236808,"total":739.0},"Male":{"raw":584.0,"perc":79.02571041948579,"total":739.0},"Not-Specified":{"raw":35.0,"perc":4.7361299052774015,"total":739.0}},"Second Hand Report":{"Female":{"raw":73.0,"perc":26.16487455197133,"total":279.0},"Male":{"raw":183.0,"perc":65.591397849462368,"total":279.0},"Not-Specified":{"raw":23.0,"perc":8.24372759856631,"total":279.0}},"Guides / Sitters":{"Male":{"raw":337.0,"perc":76.5909090909091,"total":440.0},"Not-Specified":{"raw":21.0,"perc":4.7727272727272734,"total":440.0},"Female":{"raw":82.0,"perc":18.636363636363637,"total":440.0}},"Cultivation / Synthesis":{"Not-Specified":{"raw":11.0,"perc":26.190476190476193,"total":42.0},"Male":{"raw":29.0,"perc":69.047619047619051,"total":42.0},"Female":{"raw":2.0,"perc":4.7619047619047619,"total":42.0}},"Hangover / Days After":{"Male":{"raw":1151.0,"perc":78.620218579234972,"total":1464.0},"Not-Specified":{"raw":52.0,"perc":3.5519125683060109,"total":1464.0},"Female":{"raw":261.0,"perc":17.827868852459016,"total":1464.0}},"Poetry":{"Female":{"raw":16.0,"perc":18.181818181818183,"total":88.0},"Male":{"raw":63.0,"perc":71.5909090909091,"total":88.0},"Not-Specified":{"raw":9.0,"perc":10.227272727272728,"total":88.0}},"Loss of Magic":{"Female":{"raw":26.0,"perc":26.262626262626267,"total":99.0},"Male":{"raw":67.0,"perc":67.676767676767682,"total":99.0},"Not-Specified":{"raw":6.0,"perc":6.0606060606060606,"total":99.0}},"Families":{"Male":{"raw":179.0,"perc":75.527426160337555,"total":237.0},"Female":{"raw":43.0,"perc":18.143459915611814,"total":237.0},"Not-Specified":{"raw":15.0,"perc":6.3291139240506329,"total":237.0}},"HPPD / Lasting Visuals":{"Not-Specified":{"raw":4.0,"perc":2.0725388601036272,"total":193.0},"Male":{"raw":171.0,"perc":88.601036269430054,"total":193.0},"Female":{"raw":18.0,"perc":9.32642487046632,"total":193.0}},"Relationships":{"Male":{"raw":497.0,"perc":73.738872403560833,"total":674.0},"Female":{"raw":157.0,"perc":23.293768545994066,"total":674.0},"Not-Specified":{"raw":20.0,"perc":2.9673590504451042,"total":674.0}},"Pregnancy / Baby":{"Male":{"raw":3.0,"perc":23.076923076923077,"total":13.0},"Female":{"raw":9.0,"perc":69.230769230769226,"total":13.0},"Not-Specified":{"raw":1.0,"perc":7.6923076923076925,"total":13.0}},"Personal Preparation":{"Male":{"raw":171.0,"perc":84.653465346534645,"total":202.0},"Female":{"raw":27.0,"perc":13.366336633663368,"total":202.0},"Not-Specified":{"raw":4.0,"perc":1.9801980198019802,"total":202.0}},"Medical Use":{"Male":{"raw":509.0,"perc":71.994342291371993,"total":707.0},"Female":{"raw":173.0,"perc":24.469589816124472,"total":707.0},"Not-Specified":{"raw":25.0,"perc":3.536067892503536,"total":707.0}},"Therapeutic Intent or Outcome":{"Not-Specified":{"raw":19.0,"perc":3.9665970772442591,"total":479.0},"Male":{"raw":384.0,"perc":80.1670146137787,"total":479.0},"Female":{"raw":76.0,"perc":15.866388308977037,"total":479.0}},"Performance Enhancement":{"Male":{"raw":102.0,"perc":85.0,"total":120.0},"Female":{"raw":16.0,"perc":13.333333333333334,"total":120.0},"Not-Specified":{"raw":2.0,"perc":1.6666666666666667,"total":120.0}},"Video":{"Male":{"raw":2.0,"perc":100.0,"total":2.0}}}