{"Not-Specified":{"First Times":{"raw":304.0,"perc":11.506434519303559,"total":2642.0},"General":{"raw":748.0,"perc":28.311884935654806,"total":2642.0},"Difficult Experiences":{"raw":189.0,"perc":7.1536714610143823,"total":2642.0},"Nature / Outdoors":{"raw":30.0,"perc":1.1355034065102196,"total":2642.0},"Glowing Experiences":{"raw":134.0,"perc":5.0719152157456477,"total":2642.0},"Post Trip Problems":{"raw":46.0,"perc":1.7411052233156699,"total":2642.0},"Retrospective / Summary":{"raw":267.0,"perc":10.105980317940952,"total":2642.0},"Multi-Day Experience":{"raw":29.0,"perc":1.097653292959879,"total":2642.0},"Health Problems":{"raw":154.0,"perc":5.82891748675246,"total":2642.0},"Mystical Experiences":{"raw":77.0,"perc":2.91445874337623,"total":2642.0},"Preparation / Recipes":{"raw":106.0,"perc":4.0121120363361085,"total":2642.0},"Overdose":{"raw":58.0,"perc":2.195306585919758,"total":2642.0},"Bad Trips":{"raw":79.0,"perc":2.9901589704769114,"total":2642.0},"Depression":{"raw":22.0,"perc":0.83270249810749442,"total":2642.0},"Sex Discussion":{"raw":27.0,"perc":1.0219530658591975,"total":2642.0},"Entities / Beings":{"raw":73.0,"perc":2.7630582891748676,"total":2642.0},"What Was in That?":{"raw":25.0,"perc":0.94625283875851629,"total":2642.0},"Music Discussion":{"raw":27.0,"perc":1.0219530658591975,"total":2642.0},"Cultivation / Synthesis":{"raw":11.0,"perc":0.41635124905374721,"total":2642.0},"Guides / Sitters":{"raw":21.0,"perc":0.79485238455715368,"total":2642.0},"Second Hand Report":{"raw":23.0,"perc":0.87055261165783493,"total":2642.0},"HPPD / Lasting Visuals":{"raw":4.0,"perc":0.15140045420136261,"total":2642.0},"Health Benefits":{"raw":35.0,"perc":1.3247539742619228,"total":2642.0},"Poetry":{"raw":9.0,"perc":0.34065102195306585,"total":2642.0},"Hangover / Days After":{"raw":52.0,"perc":1.9682059046177141,"total":2642.0},"Families":{"raw":15.0,"perc":0.56775170325510982,"total":2642.0},"Loss of Magic":{"raw":6.0,"perc":0.22710068130204392,"total":2642.0},"Medical Use":{"raw":25.0,"perc":0.94625283875851629,"total":2642.0},"Relationships":{"raw":20.0,"perc":0.757002271006813,"total":2642.0},"Therapeutic Intent or Outcome":{"raw":19.0,"perc":0.71915215745647243,"total":2642.0},"Pregnancy / Baby":{"raw":1.0,"perc":0.037850113550340653,"total":2642.0},"Personal Preparation":{"raw":4.0,"perc":0.15140045420136261,"total":2642.0},"Performance Enhancement":{"raw":2.0,"perc":0.0757002271006813,"total":2642.0}},"Male":{"General":{"raw":7531.0,"perc":20.956700801424756,"total":35936.0},"Music Discussion":{"raw":848.0,"perc":2.3597506678539624,"total":35936.0},"Nature / Outdoors":{"raw":649.0,"perc":1.8059884238646482,"total":35936.0},"First Times":{"raw":5258.0,"perc":14.631567230632236,"total":35936.0},"Glowing Experiences":{"raw":2816.0,"perc":7.8361531611754227,"total":35936.0},"Mystical Experiences":{"raw":1189.0,"perc":3.3086598397150486,"total":35936.0},"Retrospective / Summary":{"raw":2830.0,"perc":7.875111308993767,"total":35936.0},"Health Problems":{"raw":1564.0,"perc":4.3521816562778275,"total":35936.0},"Overdose":{"raw":647.0,"perc":1.8004229741763134,"total":35936.0},"Preparation / Recipes":{"raw":840.0,"perc":2.3374888691006235,"total":35936.0},"Difficult Experiences":{"raw":2847.0,"perc":7.9224176313446124,"total":35936.0},"Sex Discussion":{"raw":499.0,"perc":1.388579697239537,"total":35936.0},"Bad Trips":{"raw":937.0,"perc":2.6074131789848622,"total":35936.0},"Guides / Sitters":{"raw":337.0,"perc":0.9377782724844167,"total":35936.0},"Multi-Day Experience":{"raw":512.0,"perc":1.4247551202137132,"total":35936.0},"What Was in That?":{"raw":180.0,"perc":0.50089047195013359,"total":35936.0},"Post Trip Problems":{"raw":698.0,"perc":1.9423419412288514,"total":35936.0},"Entities / Beings":{"raw":1174.0,"perc":3.266918967052538,"total":35936.0},"Hangover / Days After":{"raw":1151.0,"perc":3.2029162956366877,"total":35936.0},"Cultivation / Synthesis":{"raw":29.0,"perc":0.080699020480854852,"total":35936.0},"Second Hand Report":{"raw":183.0,"perc":0.50923864648263584,"total":35936.0},"Health Benefits":{"raw":584.0,"perc":1.6251113089937665,"total":35936.0},"Depression":{"raw":485.0,"perc":1.3496215494211932,"total":35936.0},"Families":{"raw":179.0,"perc":0.49810774710596611,"total":35936.0},"HPPD / Lasting Visuals":{"raw":171.0,"perc":0.47584594835262689,"total":35936.0},"Relationships":{"raw":497.0,"perc":1.3830142475512019,"total":35936.0},"Poetry":{"raw":63.0,"perc":0.17531166518254673,"total":35936.0},"Pregnancy / Baby":{"raw":3.0,"perc":0.0083481745325022262,"total":35936.0},"Loss of Magic":{"raw":67.0,"perc":0.18644256455921637,"total":35936.0},"Personal Preparation":{"raw":171.0,"perc":0.47584594835262689,"total":35936.0},"Medical Use":{"raw":509.0,"perc":1.4164069456812109,"total":35936.0},"Performance Enhancement":{"raw":102.0,"perc":0.28383793410507568,"total":35936.0},"Therapeutic Intent or Outcome":{"raw":384.0,"perc":1.068566340160285,"total":35936.0},"Video":{"raw":2.0,"perc":0.0055654496883348172,"total":35936.0}},"Female":{"First Times":{"raw":872.0,"perc":13.378336913163547,"total":6518.0},"Health Problems":{"raw":464.0,"perc":7.1187480822338136,"total":6518.0},"Post Trip Problems":{"raw":198.0,"perc":3.0377416385394294,"total":6518.0},"Sex Discussion":{"raw":143.0,"perc":2.1939245167229213,"total":6518.0},"General":{"raw":947.0,"perc":14.528996624731514,"total":6518.0},"Retrospective / Summary":{"raw":540.0,"perc":8.2847499232893522,"total":6518.0},"Nature / Outdoors":{"raw":82.0,"perc":1.2580546179809757,"total":6518.0},"Bad Trips":{"raw":251.0,"perc":3.8508745013807917,"total":6518.0},"Mystical Experiences":{"raw":135.0,"perc":2.0711874808223381,"total":6518.0},"Difficult Experiences":{"raw":585.0,"perc":8.9751457502301317,"total":6518.0},"Health Benefits":{"raw":120.0,"perc":1.841055538508745,"total":6518.0},"Depression":{"raw":169.0,"perc":2.592819883399816,"total":6518.0},"Second Hand Report":{"raw":73.0,"perc":1.11997545259282,"total":6518.0},"Overdose":{"raw":167.0,"perc":2.5621356244246702,"total":6518.0},"Glowing Experiences":{"raw":457.0,"perc":7.0113531758208048,"total":6518.0},"What Was in That?":{"raw":53.0,"perc":0.81313286284136232,"total":6518.0},"Entities / Beings":{"raw":110.0,"perc":1.6876342436330163,"total":6518.0},"Multi-Day Experience":{"raw":83.0,"perc":1.2733967474685486,"total":6518.0},"Poetry":{"raw":16.0,"perc":0.245474071801166,"total":6518.0},"Loss of Magic":{"raw":26.0,"perc":0.39889536667689474,"total":6518.0},"Music Discussion":{"raw":105.0,"perc":1.6109235961951518,"total":6518.0},"Preparation / Recipes":{"raw":58.0,"perc":0.8898435102792267,"total":6518.0},"Families":{"raw":43.0,"perc":0.65971156796563357,"total":6518.0},"Guides / Sitters":{"raw":82.0,"perc":1.2580546179809757,"total":6518.0},"Pregnancy / Baby":{"raw":9.0,"perc":0.13807916538815587,"total":6518.0},"HPPD / Lasting Visuals":{"raw":18.0,"perc":0.27615833077631174,"total":6518.0},"Hangover / Days After":{"raw":261.0,"perc":4.00429579625652,"total":6518.0},"Relationships":{"raw":157.0,"perc":2.4087143295489413,"total":6518.0},"Cultivation / Synthesis":{"raw":2.0,"perc":0.030684258975145751,"total":6518.0},"Medical Use":{"raw":173.0,"perc":2.6541884013501074,"total":6518.0},"Personal Preparation":{"raw":27.0,"perc":0.41423749616446759,"total":6518.0},"Therapeutic Intent or Outcome":{"raw":76.0,"perc":1.1660018410555384,"total":6518.0},"Performance Enhancement":{"raw":16.0,"perc":0.245474071801166,"total":6518.0}}}