{"Medium":{"First Times":{"raw":3629.0,"perc":15.841627379081544,"total":22908.0},"General":{"raw":5195.0,"perc":22.677667190501136,"total":22908.0},"Music Discussion":{"raw":598.0,"perc":2.6104417670682731,"total":22908.0},"Nature / Outdoors":{"raw":481.0,"perc":2.0997031604679588,"total":22908.0},"Glowing Experiences":{"raw":2089.0,"perc":9.1190850357953561,"total":22908.0},"Retrospective / Summary":{"raw":2258.0,"perc":9.8568185786624749,"total":22908.0},"Health Problems":{"raw":972.0,"perc":4.2430591932949184,"total":22908.0},"Multi-Day Experience":{"raw":265.0,"perc":1.1568011175135324,"total":22908.0},"Sex Discussion":{"raw":418.0,"perc":1.8246900646062512,"total":22908.0},"Post Trip Problems":{"raw":393.0,"perc":1.715557883708748,"total":22908.0},"Difficult Experiences":{"raw":1206.0,"perc":5.2645364064955471,"total":22908.0},"Overdose":{"raw":175.0,"perc":0.76392526628252144,"total":22908.0},"Mystical Experiences":{"raw":494.0,"perc":2.1564518945346602,"total":22908.0},"Depression":{"raw":353.0,"perc":1.540946394272743,"total":22908.0},"Preparation / Recipes":{"raw":579.0,"perc":2.5275013095861705,"total":22908.0},"Entities / Beings":{"raw":435.0,"perc":1.8988999476165529,"total":22908.0},"Bad Trips":{"raw":296.0,"perc":1.2921250218264362,"total":22908.0},"What Was in That?":{"raw":110.0,"perc":0.48018159594901344,"total":22908.0},"Second Hand Report":{"raw":103.0,"perc":0.4496245852977126,"total":22908.0},"Cultivation / Synthesis":{"raw":27.0,"perc":0.11786275536930331,"total":22908.0},"Guides / Sitters":{"raw":153.0,"perc":0.66788894709271873,"total":22908.0},"Hangover / Days After":{"raw":700.0,"perc":3.0557010651300858,"total":22908.0},"Health Benefits":{"raw":438.0,"perc":1.9119958093242535,"total":22908.0},"Poetry":{"raw":60.0,"perc":0.26191723415400736,"total":22908.0},"Loss of Magic":{"raw":75.0,"perc":0.32739654269250917,"total":22908.0},"Families":{"raw":106.0,"perc":0.46272044700541293,"total":22908.0},"HPPD / Lasting Visuals":{"raw":93.0,"perc":0.40597171293871137,"total":22908.0},"Relationships":{"raw":358.0,"perc":1.5627728304522439,"total":22908.0},"Pregnancy / Baby":{"raw":5.0,"perc":0.02182643617950061,"total":22908.0},"Personal Preparation":{"raw":109.0,"perc":0.47581630871311331,"total":22908.0},"Medical Use":{"raw":386.0,"perc":1.6850008730574473,"total":22908.0},"Therapeutic Intent or Outcome":{"raw":273.0,"perc":1.1917234154007335,"total":22908.0},"Performance Enhancement":{"raw":75.0,"perc":0.32739654269250917,"total":22908.0},"Video":{"raw":1.0,"perc":0.0043652872359001222,"total":22908.0}},"Strong":{"General":{"raw":2280.0,"perc":16.508580117297804,"total":13811.0},"First Times":{"raw":1734.0,"perc":12.555209615523857,"total":13811.0},"Difficult Experiences":{"raw":1839.0,"perc":13.31547317355731,"total":13811.0},"Nature / Outdoors":{"raw":230.0,"perc":1.6653392223589893,"total":13811.0},"Post Trip Problems":{"raw":297.0,"perc":2.1504597784374773,"total":13811.0},"Glowing Experiences":{"raw":1063.0,"perc":7.6967634494243722,"total":13811.0},"Mystical Experiences":{"raw":740.0,"perc":5.3580479328071826,"total":13811.0},"Health Problems":{"raw":619.0,"perc":4.4819346897400623,"total":13811.0},"Retrospective / Summary":{"raw":566.0,"perc":4.0981826080660344,"total":13811.0},"Bad Trips":{"raw":638.0,"perc":4.6195061907175443,"total":13811.0},"Overdose":{"raw":348.0,"perc":2.5197306494822969,"total":13811.0},"Music Discussion":{"raw":310.0,"perc":2.2445876475273332,"total":13811.0},"Preparation / Recipes":{"raw":135.0,"perc":0.97748171747158064,"total":13811.0},"What Was in That?":{"raw":103.0,"perc":0.745782347404243,"total":13811.0},"Entities / Beings":{"raw":718.0,"perc":5.1987546158858882,"total":13811.0},"Depression":{"raw":179.0,"perc":1.2960683513141698,"total":13811.0},"Sex Discussion":{"raw":145.0,"perc":1.0498877706176235,"total":13811.0},"Multi-Day Experience":{"raw":224.0,"perc":1.6218955904713634,"total":13811.0},"Guides / Sitters":{"raw":210.0,"perc":1.5205271160669032,"total":13811.0},"HPPD / Lasting Visuals":{"raw":61.0,"perc":0.44167692419086235,"total":13811.0},"Families":{"raw":82.0,"perc":0.59372963579755267,"total":13811.0},"Health Benefits":{"raw":84.0,"perc":0.60821084642676126,"total":13811.0},"Second Hand Report":{"raw":65.0,"perc":0.47063934544927954,"total":13811.0},"Hangover / Days After":{"raw":539.0,"perc":3.9026862645717184,"total":13811.0},"Personal Preparation":{"raw":72.0,"perc":0.52132358265150969,"total":13811.0},"Relationships":{"raw":234.0,"perc":1.6943016436174063,"total":13811.0},"Loss of Magic":{"raw":13.0,"perc":0.0941278690898559,"total":13811.0},"Cultivation / Synthesis":{"raw":3.0,"perc":0.0217218159438129,"total":13811.0},"Medical Use":{"raw":105.0,"perc":0.76026355803345158,"total":13811.0},"Poetry":{"raw":19.0,"perc":0.13757150097748172,"total":13811.0},"Performance Enhancement":{"raw":12.0,"perc":0.0868872637752516,"total":13811.0},"Pregnancy / Baby":{"raw":3.0,"perc":0.0217218159438129,"total":13811.0},"Therapeutic Intent or Outcome":{"raw":140.0,"perc":1.0136847440446022,"total":13811.0},"Video":{"raw":1.0,"perc":0.0072406053146043007,"total":13811.0}},"No Effect":{"General":{"raw":202.0,"perc":48.91041162227603,"total":413.0},"Preparation / Recipes":{"raw":31.0,"perc":7.5060532687651342,"total":413.0},"Retrospective / Summary":{"raw":37.0,"perc":8.9588377723970947,"total":413.0},"What Was in That?":{"raw":7.0,"perc":1.6949152542372881,"total":413.0},"First Times":{"raw":62.0,"perc":15.012106537530268,"total":413.0},"Post Trip Problems":{"raw":5.0,"perc":1.2106537530266344,"total":413.0},"Health Problems":{"raw":12.0,"perc":2.9055690072639226,"total":413.0},"Difficult Experiences":{"raw":4.0,"perc":0.96852300242130751,"total":413.0},"Second Hand Report":{"raw":10.0,"perc":2.4213075060532687,"total":413.0},"Cultivation / Synthesis":{"raw":4.0,"perc":0.96852300242130751,"total":413.0},"Medical Use":{"raw":14.0,"perc":3.3898305084745761,"total":413.0},"Overdose":{"raw":1.0,"perc":0.24213075060532688,"total":413.0},"Hangover / Days After":{"raw":1.0,"perc":0.24213075060532688,"total":413.0},"Depression":{"raw":1.0,"perc":0.24213075060532688,"total":413.0},"Personal Preparation":{"raw":3.0,"perc":0.72639225181598066,"total":413.0},"Relationships":{"raw":1.0,"perc":0.24213075060532688,"total":413.0},"Families":{"raw":3.0,"perc":0.72639225181598066,"total":413.0},"Guides / Sitters":{"raw":1.0,"perc":0.24213075060532688,"total":413.0},"Health Benefits":{"raw":3.0,"perc":0.72639225181598066,"total":413.0},"Glowing Experiences":{"raw":1.0,"perc":0.24213075060532688,"total":413.0},"Nature / Outdoors":{"raw":2.0,"perc":0.48426150121065376,"total":413.0},"Multi-Day Experience":{"raw":5.0,"perc":1.2106537530266344,"total":413.0},"Therapeutic Intent or Outcome":{"raw":2.0,"perc":0.48426150121065376,"total":413.0},"Performance Enhancement":{"raw":1.0,"perc":0.24213075060532688,"total":413.0}},"Extreme":{"First Times":{"raw":231.0,"perc":6.57744874715262,"total":3512.0},"Bad Trips":{"raw":341.0,"perc":9.7095671981776768,"total":3512.0},"General":{"raw":223.0,"perc":6.3496583143507976,"total":3512.0},"Preparation / Recipes":{"raw":20.0,"perc":0.56947608200455579,"total":3512.0},"Difficult Experiences":{"raw":485.0,"perc":13.809794988610477,"total":3512.0},"Health Problems":{"raw":411.0,"perc":11.702733485193621,"total":3512.0},"Overdose":{"raw":377.0,"perc":10.734624145785878,"total":3512.0},"Retrospective / Summary":{"raw":87.0,"perc":2.4772209567198176,"total":3512.0},"Guides / Sitters":{"raw":71.0,"perc":2.0216400911161734,"total":3512.0},"Mystical Experiences":{"raw":157.0,"perc":4.4703872437357628,"total":3512.0},"Post Trip Problems":{"raw":206.0,"perc":5.8656036446469244,"total":3512.0},"Entities / Beings":{"raw":187.0,"perc":5.3246013667425967,"total":3512.0},"Glowing Experiences":{"raw":75.0,"perc":2.1355353075170842,"total":3512.0},"Multi-Day Experience":{"raw":89.0,"perc":2.5341685649202734,"total":3512.0},"Second Hand Report":{"raw":85.0,"perc":2.4202733485193622,