{"Strong":{"Drug Testing":{"raw":7.0,"perc":3.070175438596491,"total":228.0},"Sleep Deprivation":{"raw":27.0,"perc":11.842105263157894,"total":228.0},"Dreams":{"raw":31.0,"perc":13.596491228070176,"total":228.0},"Police / Customs":{"raw":30.0,"perc":13.157894736842104,"total":228.0},"Ritual":{"raw":12.0,"perc":5.2631578947368416,"total":228.0},"Yoga / Bodywork":{"raw":13.0,"perc":5.7017543859649118,"total":228.0},"Breathing":{"raw":10.0,"perc":4.3859649122807012,"total":228.0},"Hyperventilation":{"raw":3.0,"perc":1.3157894736842104,"total":228.0},"OBE":{"raw":25.0,"perc":10.964912280701753,"total":228.0},"Meditation":{"raw":26.0,"perc":11.403508771929824,"total":228.0},"Devices":{"raw":7.0,"perc":3.070175438596491,"total":228.0},"Devices - Mind Machine":{"raw":5.0,"perc":2.1929824561403506,"total":228.0},"Fasting":{"raw":5.0,"perc":2.1929824561403506,"total":228.0},"Sweating":{"raw":3.0,"perc":1.3157894736842104,"total":228.0},"Endogenous":{"raw":6.0,"perc":2.6315789473684208,"total":228.0},"Chanting":{"raw":1.0,"perc":0.43859649122807015,"total":228.0},"Floatation Tank":{"raw":1.0,"perc":0.43859649122807015,"total":228.0},"Migraines":{"raw":6.0,"perc":2.6315789473684208,"total":228.0},"Conferences":{"raw":4.0,"perc":1.7543859649122806,"total":228.0},"Humor":{"raw":2.0,"perc":0.8771929824561403,"total":228.0},"Nitrogen Narcosis":{"raw":1.0,"perc":0.43859649122807015,"total":228.0},"Music":{"raw":1.0,"perc":0.43859649122807015,"total":228.0},"Mindfulness":{"raw":2.0,"perc":0.8771929824561403,"total":228.0}},"Medium":{"Sleep Deprivation":{"raw":28.0,"perc":5.7377049180327866,"total":488.0},"Endogenous":{"raw":13.0,"perc":2.6639344262295079,"total":488.0},"Drug Testing":{"raw":82.0,"perc":16.803278688524589,"total":488.0},"Police / Customs":{"raw":59.0,"perc":12.090163934426229,"total":488.0},"Meditation":{"raw":51.0,"perc":10.450819672131148,"total":488.0},"OBE":{"raw":19.0,"perc":3.8934426229508197,"total":488.0},"Ritual":{"raw":16.0,"perc":3.278688524590164,"total":488.0},"Breathing":{"raw":14.0,"perc":2.8688524590163933,"total":488.0},"Hyperventilation":{"raw":7.0,"perc":1.4344262295081966,"total":488.0},"Migraines":{"raw":14.0,"perc":2.8688524590163933,"total":488.0},"Dreams":{"raw":94.0,"perc":19.262295081967213,"total":488.0},"Fasting":{"raw":12.0,"perc":2.459016393442623,"total":488.0},"Guiding":{"raw":3.0,"perc":0.61475409836065575,"total":488.0},"Nitrogen Narcosis":{"raw":2.0,"perc":0.4098360655737705,"total":488.0},"Yoga / Bodywork":{"raw":20.0,"perc":4.0983606557377046,"total":488.0},"Floatation Tank":{"raw":4.0,"perc":0.819672131147541,"total":488.0},"Devices":{"raw":16.0,"perc":3.278688524590164,"total":488.0},"Devices - Mind Machine":{"raw":11.0,"perc":2.2540983606557377,"total":488.0},"Mindfulness":{"raw":5.0,"perc":1.0245901639344261,"total":488.0},"Sweating":{"raw":4.0,"perc":0.819672131147541,"total":488.0},"Conferences":{"raw":9.0,"perc":1.8442622950819672,"total":488.0},"Humor":{"raw":1.0,"perc":0.20491803278688525,"total":488.0},"Music":{"raw":3.0,"perc":0.61475409836065575,"total":488.0},"Chanting":{"raw":1.0,"perc":0.20491803278688525,"total":488.0}},"Extreme":{"OBE":{"raw":11.0,"perc":15.714285714285714,"total":70.0},"Endogenous":{"raw":3.0,"perc":4.2857142857142856,"total":70.0},"Police / Customs":{"raw":30.0,"perc":42.857142857142854,"total":70.0},"Dreams":{"raw":3.0,"perc":4.2857142857142856,"total":70.0},"Drug Testing":{"raw":4.0,"perc":5.7142857142857144,"total":70.0},"Devices":{"raw":1.0,"perc":1.4285714285714286,"total":70.0},"Sleep Deprivation":{"raw":7.0,"perc":10.0,"total":70.0},"Conferences":{"raw":1.0,"perc":1.4285714285714286,"total":70.0},"Meditation":{"raw":3.0,"perc":4.2857142857142856,"total":70.0},"Music":{"raw":1.0,"perc":1.4285714285714286,"total":70.0},"Humor":{"raw":1.0,"perc":1.4285714285714286,"total":70.0},"Mindfulness":{"raw":2.0,"perc":2.8571428571428572,"total":70.0},"Fasting":{"raw":1.0,"perc":1.4285714285714286,"total":70.0},"Breathing":{"raw":1.0,"perc":1.4285714285714286,"total":70.0},"Sound (non-music)":{"raw":1.0,"perc":1.4285714285714286,"total":70.0}},"No Effect":{"Drug Testing":{"raw":34.0,"perc":65.384615384615387,"total":52.0},"Yoga / Bodywork":{"raw":1.0,"perc":1.9230769230769231,"total":52.0},"Police / Customs":{"raw":7.0,"perc":13.461538461538462,"total":52.0},"Dreams":{"raw":6.0,"perc":11.538461538461538,"total":52.0},"Devices":{"raw":1.0,"perc":1.9230769230769231,"total":52.0},"Devices - Magnetic":{"raw":1.0,"perc":1.9230769230769231,"total":52.0},"Conferences":{"raw":2.0,"perc":3.8461538461538463,"total":52.0}}}