{"Drug Testing":{"Festival / Lg. Crowd":{"raw":2.0,"perc":1.3333333333333335,"total":150.0},"Unknown Context":{"raw":16.0,"perc":10.666666666666668,"total":150.0},"Alone":{"raw":12.0,"perc":8.0,"total":150.0},"Not Applicable":{"raw":93.0,"perc":62.0,"total":150.0},"Hospital":{"raw":12.0,"perc":8.0,"total":150.0},"Small Group (2-9)":{"raw":5.0,"perc":3.3333333333333335,"total":150.0},"School":{"raw":4.0,"perc":2.666666666666667,"total":150.0},"Various":{"raw":5.0,"perc":3.3333333333333335,"total":150.0},"Military":{"raw":1.0,"perc":0.66666666666666674,"total":150.0}},"Sleep Deprivation":{"Various":{"raw":23.0,"perc":32.3943661971831,"total":71.0},"Alone":{"raw":22.0,"perc":30.985915492957744,"total":71.0},"Small Group (2-9)":{"raw":16.0,"perc":22.535211267605636,"total":71.0},"Large Group (10+)":{"raw":2.0,"perc":2.8169014084507045,"total":71.0},"Hospital":{"raw":1.0,"perc":1.4084507042253522,"total":71.0},"Festival / Lg. Crowd":{"raw":1.0,"perc":1.4084507042253522,"total":71.0},"Not Applicable":{"raw":3.0,"perc":4.225352112676056,"total":71.0},"Unknown Context":{"raw":3.0,"perc":4.225352112676056,"total":71.0}},"OBE":{"Alone":{"raw":23.0,"perc":38.333333333333336,"total":60.0},"Small Group (2-9)":{"raw":29.0,"perc":48.333333333333336,"total":60.0},"Large Group (10+)":{"raw":2.0,"perc":3.3333333333333335,"total":60.0},"Various":{"raw":3.0,"perc":5.0,"total":60.0},"School":{"raw":1.0,"perc":1.6666666666666667,"total":60.0},"Rave / Dance Event":{"raw":1.0,"perc":1.6666666666666667,"total":60.0},"Not Applicable":{"raw":1.0,"perc":1.6666666666666667,"total":60.0}},"Dreams":{"Alone":{"raw":203.0,"perc":81.854838709677423,"total":248.0},"Unknown Context":{"raw":5.0,"perc":2.0161290322580645,"total":248.0},"Small Group (2-9)":{"raw":18.0,"perc":7.2580645161290329,"total":248.0},"Hospital":{"raw":2.0,"perc":0.80645161290322576,"total":248.0},"Not Applicable":{"raw":12.0,"perc":4.838709677419355,"total":248.0},"Various":{"raw":7.0,"perc":2.82258064516129,"total":248.0},"Rave / Dance Event":{"raw":1.0,"perc":0.40322580645161288,"total":248.0}},"Endogenous":{"Alone":{"raw":9.0,"perc":37.5,"total":24.0},"Small Group (2-9)":{"raw":4.0,"perc":16.666666666666664,"total":24.0},"Various":{"raw":2.0,"perc":8.3333333333333321,"total":24.0},"Hospital":{"raw":1.0,"perc":4.1666666666666661,"total":24.0},"Not Applicable":{"raw":5.0,"perc":20.833333333333336,"total":24.0},"Unknown Context":{"raw":3.0,"perc":12.5,"total":24.0}},"Police / Customs":{"Various":{"raw":27.0,"perc":19.285714285714288,"total":140.0},"Large Group (10+)":{"raw":3.0,"perc":2.1428571428571428,"total":140.0},"Alone":{"raw":15.0,"perc":10.714285714285714,"total":140.0},"Small Group (2-9)":{"raw":64.0,"perc":45.714285714285715,"total":140.0},"Rave / Dance Event":{"raw":4.0,"perc":2.8571428571428572,"total":140.0},"School":{"raw":4.0,"perc":2.8571428571428572,"total":140.0},"Unknown Context":{"raw":2.0,"perc":1.4285714285714286,"total":140.0},"Not Applicable":{"raw":8.0,"perc":5.7142857142857144,"total":140.0},"Hospital":{"raw":9.0,"perc":6.4285714285714279,"total":140.0},"Festival / Lg. Crowd":{"raw":3.0,"perc":2.1428571428571428,"total":140.0},"Club / Bar":{"raw":1.0,"perc":0.7142857142857143,"total":140.0}},"Meditation":{"Alone":{"raw":53.0,"perc":51.456310679611647,"total":103.0},"Various":{"raw":15.0,"perc":14.563106796116504,"total":103.0},"Small Group (2-9)":{"raw":20.0,"perc":19.417475728155338,"total":103.0},"Not Applicable":{"raw":2.0,"perc":1.9417475728155338,"total":103.0},"Unknown Context":{"raw":3.0,"perc":2.912621359223301,"total":103.0},"Hospital":{"raw":1.0,"perc":0.97087378640776689,"total":103.0},"Large Group (10+)":{"raw":3.0,"perc":2.912621359223301,"total":103.0},"Group Ceremony":{"raw":4.0,"perc":3.8834951456310676,"total":103.0},"Rave / Dance Event":{"raw":2.0,"perc":1.9417475728155338,"total":103.0}},"Ritual":{"Small Group (2-9)":{"raw":7.0,"perc":21.875,"total":32.0},"Festival / Lg. Crowd":{"raw":2.0,"perc":6.25,"total":32.0},"Rave / Dance Event":{"raw":1.0,"perc":3.125,"total":32.0},"Alone":{"raw":5.0,"perc":15.625,"total":32.0},"Various":{"raw":4.0,"perc":12.5,"total":32.0},"Large Group (10+)":{"raw":1.0,"perc":3.125,"total":32.0},"Group Ceremony":{"raw":12.0,"perc":37.5,"total":32.0}},"Breathing":{"Small Group (2-9)":{"raw":9.0,"perc":31.03448275862069,"total":29.0},"Group Ceremony":{"raw":1.0,"perc":3.4482758620689653,"total":29.0},"Alone":{"raw":13.0,"perc":44.827586206896555,"total":29.0},"Unknown Context":{"raw":1.0,"perc":3.4482758620689653,"total":29.0},"Large Group (10+)":{"raw":2.0,"perc":6.8965517241379306,"total":29.0},"Not Applicable":{"raw":2.0,"perc":6.8965517241379306,"total":29.0},"Hospital":{"raw":1.0,"perc":3.4482758620689653,"total":29.0}},"Hyperventilation":{"Small Group (2-9)":{"raw":4.0,"perc":33.333333333333329,"total":12.0},"Group Ceremony":{"raw":1.0,"perc":8.3333333333333321,"total":12.0},"Alone":{"raw":5.0,"perc":41.666666666666671,"total":12.0},"Unknown Context":{"raw":1.0,"perc":8.3333333333333321,"total":12.0},"Not Applicable":{"raw":1.0,"perc":8.3333333333333321,"total":12.0}},"Migraines":{"Unknown Context":{"raw":8.0,"perc":33.333333333333329,"total":24.0},"Various":{"raw":2.0,"perc":8.3333333333333321,"total":24.0},"Not Applicable":{"raw":7.0,"perc":29.166666666666668,"total":24.0},"Small Group (2-9)":{"raw":4.0,"perc":16.666666666666664,"total":24.0},"Alone":{"raw":3.0,"perc":12.5,"total":24.0}},"Floatation Tank":{"Alone":{"raw":7.0,"perc":100.0,"total":7.0}},"Fasting":{"Unknown Context":{"raw":1.0,"perc":4.1666666666666661,"total":24.0},"Various":{"raw":7.0,"perc":29.166666666666668,"total":24.0},"Alone":{"raw":11.0,"perc":45.833333333333329,"total":24.0},"Not Applicable":{"raw":3.0,"perc":12.5,"total":24.0},"Hospital":{"raw":1.0,"perc":4.1666666666666661,"total":24.0},"Small Group (2-9)":{"raw":1.0,"perc":4.1666666666666661,"total":24.0}},"Guiding":{"Small Group (2-9)":{"raw":3.0,"perc":75.0,"total":4.0},"Rave / Dance Event":{"raw":1.0,"perc":25.0,"total":4.0}},"Nitrogen Narcosis":{"Small Group (2-9)":{"raw":2.0,"perc":40.0,"total":5.0},"Alone":{"raw":2.0,"perc":40.0,"total":5.0},"Various":{"raw":1.0,"perc":20.0,"total":5.0}},"Yoga / Bodywork":{"Alone":{"raw":16.0,"perc":39.024390243902438,"total":41.0},"Various":{"raw":3.0,"perc":7.3170731707317067,"total":41.0},"Small Group (2-9)":{"raw":16.0,"perc":39.024390243902438,"total":41.0},"Group Ceremony":{"raw":1.0,"perc":2.4390243902439024,"total":41.0},"Not Applicable":{"raw":3.0,"perc":7.3170731707317067,"total":41.0},"Unknown Context":{"raw":1.0,"perc":2.4390243902439024,"total":41.0},"Festival / Lg. Crowd":{"raw":1.0,"perc":2.4390243902439024,"total":41.0}},"Devices":{"Alone":{"raw":20.0,"perc":66.666666666666657,"total":30.0},"Unknown Context":{"raw":2.0,"perc":6.666666666666667,"total":30.0},"Various":{"raw":1.0,"perc":3.3333333333333335,"total":30.0},"Small Group (2-9)":{"raw":5.0,"perc":16.666666666666664,"total":30.0},"Not Applicable":{"raw":2.0,"perc":6.666666666666667,"total":30.0}},"Devices - Mind Machine":{"Alone":{"raw":12.0,"perc":66.666666666666657,"total":18.0},"Various":{"raw":1.0,"perc":5.5555555555555554,"total":18.0},"Unknown Context":{"raw":1.0,"perc":5.5555555555555554,"total":18.0},"Small Group (2-9)":{"raw":3.0,"perc":16.666666666666664,"total":18.0},"Not Applicable":{"raw":1.0,"perc":5.5555555555555554,"total":18.0}},"Mindfulness":{"Various":{"raw":3.0,"perc":33.333333333333329,"total":9.0},"Not Applicable":{"raw":1.0,"perc":11.111111111111111,"total":9.0},"Small Group (2-9)":{"raw":2.0,"perc":22.222222222222221,"total":9.0},"Alone":{"raw":3.0,"perc":33.333333333333329,"total":9.0}},"Devices - Magnetic":{"Alone":{"raw":1.0,"perc":50.0,"total":2.0},"Unknown Context":{"raw":1.0,"perc":50.0,"total":2.0}},"Sweating":{"Group Ceremony":{"raw":3.0,"perc":37.5,"total":8.0},"Alone":{"raw":3.0,"perc":37.5,"total":8.0},"Small Group (2-9)":{"raw":2.0,"perc":25.0,"total":8.0}},"Conferences":{"Various":{"raw":1.0,"perc":5.88235294117647,"total":17.0},"Alone":{"raw":3.0,