{"General":{"Drug Testing":{"raw":112.0,"perc":26.107226107226104},"Sleep Deprivation":{"raw":27.0,"perc":6.5853658536585371},"OBE":{"raw":20.0,"perc":5.7306590257879657},"Dreams":{"raw":105.0,"perc":23.702031602708804},"Police / Customs":{"raw":36.0,"perc":8.6538461538461533},"Meditation":{"raw":34.0,"perc":7.7097505668934234},"Endogenous":{"raw":9.0,"perc":2.0642201834862388},"Breathing":{"raw":10.0,"perc":2.2779043280182232},"Hyperventilation":{"raw":5.0,"perc":1.1363636363636365},"Floatation Tank":{"raw":3.0,"perc":0.86705202312138718},"Fasting":{"raw":8.0,"perc":1.8306636155606408},"Nitrogen Narcosis":{"raw":4.0,"perc":1.4440433212996391},"Yoga / Bodywork":{"raw":18.0,"perc":4.1763341067285378},"Ritual":{"raw":8.0,"perc":2.3668639053254439},"Devices":{"raw":9.0,"perc":2.6392961876832843},"Devices - Mind Machine":{"raw":6.0,"perc":1.7543859649122806},"Sweating":{"raw":4.0,"perc":1.2422360248447204},"Conferences":{"raw":13.0,"perc":5.3278688524590159},"Mindfulness":{"raw":4.0,"perc":0.93457943925233633},"Migraines":{"raw":1.0,"perc":1.0},"Humor":{"raw":3.0,"perc":0.847457627118644},"Guiding":{"raw":1.0,"perc":1.0},"Music":{"raw":3.0,"perc":0.78740157480314954}},"Difficult Experiences":{"Sleep Deprivation":{"raw":14.0,"perc":16.867469879518072},"Ritual":{"raw":4.0,"perc":5.1948051948051948},"Dreams":{"raw":12.0,"perc":13.636363636363635},"Endogenous":{"raw":5.0,"perc":6.9444444444444446},"Police / Customs":{"raw":25.0,"perc":28.735632183908045},"OBE":{"raw":11.0,"perc":16.923076923076923},"Devices":{"raw":1.0,"perc":1.0},"Devices - Mind Machine":{"raw":1.0,"perc":1.0},"Fasting":{"raw":3.0,"perc":4.0540540540540544},"Drug Testing":{"raw":2.0,"perc":5.0},"Chanting":{"raw":1.0,"perc":1.0},"Migraines":{"raw":1.0,"perc":1.0},"Nitrogen Narcosis":{"raw":1.0,"perc":1.0},"Meditation":{"raw":4.0,"perc":5.0632911392405067},"Humor":{"raw":1.0,"perc":1.0},"Sound (non-music)":{"raw":1.0,"perc":1.0},"Conferences":{"raw":1.0,"perc":1.0}},"Health Problems":{"Sleep Deprivation":{"raw":9.0,"perc":21.951219512195124},"Endogenous":{"raw":8.0,"perc":19.047619047619047},"Migraines":{"raw":5.0,"perc":13.513513513513514},"Floatation Tank":{"raw":1.0,"perc":1.0},"Dreams":{"raw":4.0,"perc":17.391304347826086},"Drug Testing":{"raw":3.0,"perc":11.111111111111111},"Police / Customs":{"raw":4.0,"perc":10.256410256410255},"Meditation":{"raw":2.0,"perc":6.8965517241379306},"Breathing":{"raw":2.0,"perc":5.0},"Hyperventilation":{"raw":1.0,"perc":1.0},"Yoga / Bodywork":{"raw":1.0,"perc":1.0},"Conferences":{"raw":1.0,"perc":1.0},"OBE":{"raw":1.0,"perc":1.0}},"Bad Trips":{"Endogenous":{"raw":4.0,"perc":16.666666666666664},"Police / Customs":{"raw":15.0,"perc":53.571428571428569},"Meditation":{"raw":1.0,"perc":1.0},"Sleep Deprivation":{"raw":4.0,"perc":19.047619047619047},"Drug Testing":{"raw":3.0,"perc":15.0},"OBE":{"raw":1.0,"perc":1.0}},"Retrospective / Summary":{"Drug Testing":{"raw":11.0,"perc":7.8014184397163122},"Meditation":{"raw":28.0,"perc":18.181818181818183},"Migraines":{"raw":6.0,"perc":5.4054054054054053},"Police / Customs":{"raw":13.0,"perc":8.1761006289308167},"Sleep Deprivation":{"raw":6.0,"perc":4.3165467625899279},"Dreams":{"raw":52.0,"perc":33.121019108280251},"Guiding":{"raw":2.0,"perc":7.6923076923076925},"Ritual":{"raw":6.0,"perc":6.4516129032258061},"Endogenous":{"raw":4.0,"perc":2.6490066225165565},"Yoga / Bodywork":{"raw":6.0,"perc":3.79746835443038},"Mindfulness":{"raw":3.0,"perc":1.9230769230769231},"Sweating":{"raw":2.0,"perc":1.4925373134328357},"Breathing":{"raw":3.0,"perc":1.9736842105263157},"OBE":{"raw":3.0,"perc":2.8846153846153846},"Devices":{"raw":1.0,"perc":1.0},"Devices - Mind Machine":{"raw":1.0,"perc":1.0},"Conferences":{"raw":2.0,"perc":2.5641025641025639},"Fasting":{"raw":8.0,"perc":6.2992125984251963},"Nitrogen Narcosis":{"raw":1.0,"perc":1.0},"Humor":{"raw":1.0,"perc":1.0}},"Sex Discussion":{"Ritual":{"raw":3.0,"perc":42.857142857142854},"Yoga / Bodywork":{"raw":2.0,"perc":11.111111111111111},"Dreams":{"raw":6.0,"perc":35.294117647058826},"Sleep Deprivation":{"raw":2.0,"perc":20.0},"OBE":{"raw":2.0,"perc":15.384615384615385},"Meditation":{"raw":3.0,"perc":15.0},"Breathing":{"raw":1.0,"perc":1.0},"Sweating":{"raw":1.0,"perc":1.0}},"Train Wrecks & Trip Disasters":{"OBE":{"raw":4.0,"perc":4.7058823529411766},"Police / Customs":{"raw":84.0,"perc":77.777777777777786},"Endogenous":{"raw":1.0,"perc":1.0},"Yoga / Bodywork":{"raw":1.0,"perc":1.0},"Drug Testing":{"raw":13.0,"perc":13.131313131313133},"Meditation":{"raw":3.0,"perc":2.8037383177570092},"Dreams":{"raw":1.0,"perc":1.0},"Fasting":{"raw":1.0,"perc":1.0}},"Glowing Experiences":{"Ritual":{"raw":9.0,"perc":7.0866141732283463},"Police / Customs":{"raw":6.0,"perc":4.5454545454545459},"Yoga / Bodywork":{"raw":18.0,"perc":13.432835820895523},"Dreams":{"raw":28.0,"perc":21.374045801526716},"Meditation":{"raw":31.0,"perc":22.302158273381295},"Endogenous":{"raw":2.0,"perc":14.285714285714285},"Guiding":{"raw":2.0,"perc":2.73972602739726},"Devices":{"raw":8.0,"perc":7.2072072072072073},"Devices - Mind Machine":{"raw":5.0,"perc":10.0},"Sleep Deprivation":{"raw":2.0,"perc":2.0408163265306123},"Breathing":{"raw":5.0,"perc":4.0983606557377046},"Hyperventilation":{"raw":1.0,"perc":1.0},"Fasting":{"raw":1.0,"perc":1.0},"OBE":{"raw":10.0,"perc":8.2644628099173563},"Migraines":{"raw":1.0,"perc":1.0},"Sweating":{"raw":1.0,"perc":1.0},"Conferences":{"raw":2.0,"perc":2.2988505747126435},"Humor":{"raw":1.0,"perc":1.0},"Mindfulness":{"raw":5.0,"perc":3.6231884057971016},"Music":{"raw":1.0,"perc":1.0}},"Mystical Experiences":{"Ritual":{"raw":17.0,"perc":16.831683168316832},"Dreams":{"raw":8.0,"perc":9.1954022988505741},"Yoga / Bodywork":{"raw":10.0,"perc":10.869565217391305},"Breathing":{"raw":4.0,"perc":4.3010752688172049},"Hyperventilation":{"raw":2.0,"perc":6.8965517241379306},"Meditation":{"raw":18.0,"perc":17.307692307692307},"OBE":{"raw":12.0,"perc":15.584415584415584},"Guiding":{"raw":1.0,"perc":1.0},"Sleep Deprivation":{"raw":4.0,"perc":4.7619047619047619},"Devices":{"raw":5.0,"perc":5.5555555555555554},"Devices - Mind Machine":{"raw":4.0,"perc":4.395604395604396},"Fasting":{"raw":5.0,"perc":5.88235294117647},"Chanting":{"raw":1.0,"perc":1.0},"Conferences":{"raw":1.0,"perc":1.0},"Migraines":{"raw":1.0,"perc":1.0},"Endogenous":{"raw":3.0,"perc":3.6144578313253009},"Police / Customs":{"raw":2.0,"perc":2.6315789473684208},"Music":{"raw":1.0,"perc":1.0},"Humor":{"raw":1.0,"perc":1.0},"Mindfulness":{"raw":5.0,"perc":4.7619047619047619}},"Multi-Day Experience":{"Ritual":{"raw":1.0,"perc":1.0},"Endogenous":{"raw":2.0,"perc":5.2631578947368416},"Sleep Deprivation":{"raw":20.0,"perc":42.5531914893617},"Yoga / Bodywork":{"raw":1.0,"perc":1.0},"Police / Customs":{"raw":3.0,"perc":8.1081081081081088},"Meditation":{"raw":4.0,"perc":11.76470588235294},"Fasting":{"raw":5.0,"perc":12.820512820512819},"Dreams":{"raw":5.0,"perc":11.627906976744185},"Drug Testing":{"raw":3.0,"perc":7.1428571428571423},"Humor":{"raw":2.0,"perc":7.6923076923076925},"OBE":{"raw":1.0,"perc":1.0}},"Addiction & Habituation":{"Migraines":{"raw":3.0,"perc":23.076923076923077},"Police / Customs":{"raw":8.0,"perc":42.105263157894733},"Drug Testing":{"raw":1.0,"perc":1.0},"Dreams":{"raw":4.0,"perc":18.181818181818183},"Conferences":{"raw":1.0,"perc":1.0},"Sleep Deprivation":{"raw":2.0,"perc":11.111111111111111},"Meditation":{"raw":2.0,"perc":11.76470588235294},"Chanting":{"raw":1.0,"perc":1.0}},"Depression":{"Migraines":{"raw":3.0,"perc":15.0},"Endogenous":{"raw":3.0,"perc":13.636363636363635},"Drug Testing":{"raw":1.0,"perc":1.0},"Meditation":{"raw":1.0,"perc":1.0},"Sleep Deprivation":{"raw":1.0,"perc":1.0},"Mindfulness":{"raw":1.0,"perc":1.0},"OBE":{"raw":2.0,"perc":11.76470588235294},"Police / Customs":{"raw":3.0,"perc":12.5},"Ritual":{"raw":1.0,"perc":1.0},"Sweating":{"raw":1.0,"perc":1.0},"Dreams":{"raw":6.0,"perc":31.578947368421051},"Yoga / Bodywork":{"raw":1.0,"perc":1.0},"Breathing":{"raw":1.0,"perc":1.0}},