{"First Times":{"Not-Specified":{"raw":297.0,"perc":4.7330677290836656},"Male":{"raw":5179.0,"perc":81.765077360277857},"Female":{"raw":858.0,"perc":13.558786346396968}},"General":{"Male":{"raw":7168.0,"perc":81.863864778437645},"Not-Specified":{"raw":698.0,"perc":8.0009170105456224},"Female":{"raw":890.0,"perc":10.172591153274659}},"Difficult Experiences":{"Not-Specified":{"raw":185.0,"perc":5.1966292134831464},"Male":{"raw":2813.0,"perc":78.972487366647954},"Female":{"raw":565.0,"perc":15.857423519506034}},"Nature / Outdoors":{"Not-Specified":{"raw":29.0,"perc":3.9083557951482479},"Male":{"raw":637.0,"perc":85.503355704698},"Female":{"raw":79.0,"perc":10.733695652173914}},"Music Discussion":{"Male":{"raw":809.0,"perc":86.339381003201709},"Not-Specified":{"raw":26.0,"perc":3.0878859857482186},"Female":{"raw":103.0,"perc":10.980810234541579}},"Glowing Experiences":{"Not-Specified":{"raw":131.0,"perc":3.9303930393039304},"Male":{"raw":2781.0,"perc":82.817153067301959},"Female":{"raw":446.0,"perc":13.321385902031063}},"Retrospective / Summary":{"Not-Specified":{"raw":254.0,"perc":7.2529982866933187},"Male":{"raw":2739.0,"perc":78.123217341699942},"Female":{"raw":513.0,"perc":14.678111587982833}},"Mystical Experiences":{"Male":{"raw":1182.0,"perc":84.97483824586628},"Not-Specified":{"raw":76.0,"perc":5.6129985228951256},"Female":{"raw":133.0,"perc":9.65166908563135}},"Train Wrecks & Trip Disasters":{"Not-Specified":{"raw":45.0,"perc":5.8670143415906129},"Male":{"raw":616.0,"perc":77.096370463078841},"Female":{"raw":138.0,"perc":17.402269861286253}},"Addiction & Habituation":{"Male":{"raw":1014.0,"perc":68.839103869653769},"Not-Specified":{"raw":98.0,"perc":6.6485753052917236},"Female":{"raw":362.0,"perc":24.625850340136054}},"Health Problems":{"Male":{"raw":1434.0,"perc":71.8796992481203},"Not-Specified":{"raw":142.0,"perc":7.12136409227683},"Female":{"raw":419.0,"perc":21.023582538886103}},"Multi-Day Experience":{"Not-Specified":{"raw":29.0,"perc":5.06108202443281},"Male":{"raw":487.0,"perc":81.848739495798313},"Female":{"raw":79.0,"perc":13.367174280879865}},"Post Trip Problems":{"Female":{"raw":178.0,"perc":20.770128354725788},"Not-Specified":{"raw":41.0,"perc":4.7674418604651168},"Male":{"raw":642.0,"perc":74.564459930313589}},"Sex Discussion":{"Female":{"raw":131.0,"perc":20.893141945773525},"Not-Specified":{"raw":26.0,"perc":4.220779220779221},"Male":{"raw":475.0,"perc":75.158227848101262}},"Preparation / Recipes":{"Not-Specified":{"raw":82.0,"perc":11.51685393258427},"Male":{"raw":605.0,"perc":83.333333333333343},"Female":{"raw":39.0,"perc":5.3793103448275863}},"Overdose":{"Not-Specified":{"raw":51.0,"perc":6.1968408262454435},"Male":{"raw":627.0,"perc":75.5421686746988},"Female":{"raw":153.0,"perc":18.4115523465704}},"Bad Trips":{"Not-Specified":{"raw":74.0,"perc":5.9967585089141},"Female":{"raw":242.0,"perc":19.626926196269263},"Male":{"raw":918.0,"perc":74.512987012987011}},"Depression":{"Not-Specified":{"raw":22.0,"perc":3.9215686274509802},"Female":{"raw":151.0,"perc":25.208681135225376},"Male":{"raw":442.0,"perc":71.869918699187}},"Entities / Beings":{"Not-Specified":{"raw":73.0,"perc":5.3914327917282128},"Male":{"raw":1173.0,"perc":86.568265682656829},"Female":{"raw":109.0,"perc":8.1101190476190474}},"What Was in That?":{"Not-Specified":{"raw":24.0,"perc":10.480349344978166},"Male":{"raw":162.0,"perc":69.527896995708147},"Female":{"raw":47.0,"perc":20.614035087719298}},"Health Benefits":{"Female":{"raw":110.0,"perc":16.417910447761194},"Male":{"raw":534.0,"perc":78.877400295420969},"Not-Specified":{"raw":33.0,"perc":4.9624060150375939}},"Second Hand Report":{"Female":{"raw":61.0,"perc":25.957446808510635},"Male":{"raw":161.0,"perc":66.804979253112023},"Not-Specified":{"raw":19.0,"perc":8.3700440528634363}},"Guides / Sitters":{"Male":{"raw":336.0,"perc":76.5375854214123},"Not-Specified":{"raw":21.0,"perc":5.0602409638554215},"Female":{"raw":82.0,"perc":19.294117647058822}},"Cultivation / Synthesis":{"Not-Specified":{"raw":11.0,"perc":42.307692307692307},"Male":{"raw":27.0,"perc":67.5},"Female":{"raw":2.0,"perc":12.5}},"Hangover / Days After":{"Male":{"raw":1125.0,"perc":78.671328671328666},"Not-Specified":{"raw":52.0,"perc":3.6645525017618046},"Female":{"raw":253.0,"perc":17.86723163841808}},"HPPD / Lasting Visuals":{"Not-Specified":{"raw":3.0,"perc":6.5217391304347823},"Male":{"raw":161.0,"perc":89.444444444444443},"Female":{"raw":16.0,"perc":9.63855421686747}},"Families":{"Male":{"raw":167.0,"perc":75.225225225225216},"Female":{"raw":40.0,"perc":18.181818181818183},"Not-Specified":{"raw":15.0,"perc":6.7873303167420813}},"Relationships":{"Male":{"raw":466.0,"perc":74.0858505564388},"Female":{"raw":143.0,"perc":23.101777059773827},"Not-Specified":{"raw":20.0,"perc":3.322259136212625}},"Poetry":{"Male":{"raw":59.0,"perc":75.641025641025635},"Not-Specified":{"raw":9.0,"perc":10.975609756097562},"Female":{"raw":14.0,"perc":17.5}},"Loss of Magic":{"Female":{"raw":23.0,"perc":27.380952380952383},"Male":{"raw":61.0,"perc":67.777777777777786},"Not-Specified":{"raw":6.0,"perc":6.8181818181818175}},"Pregnancy / Baby":{"Male":{"raw":3.0,"perc":50.0},"Female":{"raw":8.0,"perc":66.666666666666657},"Not-Specified":{"raw":1.0,"perc":1.0}},"Personal Preparation":{"Male":{"raw":168.0,"perc":84.422110552763812},"Female":{"raw":27.0,"perc":13.705583756345177},"Not-Specified":{"raw":4.0,"perc":2.73972602739726}},"Medical Use":{"Female":{"raw":163.0,"perc":24.622356495468278},"Not-Specified":{"raw":23.0,"perc":3.5658914728682172},"Male":{"raw":483.0,"perc":72.197309417040358}},"Therapeutic Intent or Outcome":{"Not-Specified":{"raw":19.0,"perc":4.0511727078891262},"Male":{"raw":383.0,"perc":80.293501048218033},"Female":{"raw":75.0,"perc":16.268980477223426}},"Performance Enhancement":{"Male":{"raw":102.0,"perc":85.0},"Female":{"raw":16.0,"perc":15.841584158415841},"Not-Specified":{"raw":2.0,"perc":2.5641025641025639}},"Video":{"Male":{"raw":2.0,"perc":100.0}}}