{"First Times":{"raw":6446.0,"perc":14.248767656225821},"General":{"raw":9242.0,"perc":20.42746944278673},"Difficult Experiences":{"raw":3645.0,"perc":8.0589887019390218},"Nature / Outdoors":{"raw":761.0,"perc":1.682995333613464},"Music Discussion":{"raw":985.0,"perc":2.1790107070170781},"Glowing Experiences":{"raw":3414.0,"perc":7.5484213319182816},"Post Trip Problems":{"raw":947.0,"perc":2.0932340133949294},"Retrospective / Summary":{"raw":3637.0,"perc":8.0386349571213866},"Mystical Experiences":{"raw":1405.0,"perc":3.1108847754848994},"Health Problems":{"raw":2192.0,"perc":4.84526967285588},"Multi-Day Experience":{"raw":625.0,"perc":1.3832636168470442},"Sex Discussion":{"raw":669.0,"perc":1.4803832621539688},"Preparation / Recipes":{"raw":1005.0,"perc":2.2293700088731145},"Overdose":{"raw":907.0,"perc":2.0049515893717671},"Bad Trips":{"raw":1286.0,"perc":2.8429313584613687},"Depression":{"raw":675.0,"perc":1.4925703166460287},"Entities / Beings":{"raw":1365.0,"perc":3.0169079456293515},"What Was in That?":{"raw":260.0,"perc":0.57799613187204057},"Health Benefits":{"raw":738.0,"perc":1.6384707606234183},"Second Hand Report":{"raw":280.0,"perc":0.62707157574128825},"Guides / Sitters":{"raw":439.0,"perc":0.97358674680091373},"Cultivation / Synthesis":{"raw":41.0,"perc":0.095843657955023615},"Hangover / Days After":{"raw":1472.0,"perc":3.25433321542271},"Poetry":{"raw":87.0,"perc":0.19275079758950725},"Loss of Magic":{"raw":98.0,"perc":0.22557775527115367},"Families":{"raw":236.0,"perc":0.52488768293225385},"HPPD / Lasting Visuals":{"raw":195.0,"perc":0.43110118718634627},"Relationships":{"raw":673.0,"perc":1.4895641973395897},"Pregnancy / Baby":{"raw":12.0,"perc":0.030682689849143442},"Personal Preparation":{"raw":201.0,"perc":0.44577511643379908},"Medical Use":{"raw":707.0,"perc":1.5629835964097802},"Therapeutic Intent or Outcome":{"raw":480.0,"perc":1.0614068062711453},"Performance Enhancement":{"raw":119.0,"perc":0.26329181140341174},"Video":{"raw":1.0,"perc":1.0}}