{"First Times":{"raw":6364.0,"perc":13.839596381350036},"General":{"raw":8837.0,"perc":19.215882404105418},"Difficult Experiences":{"raw":3584.0,"perc":7.795541054921153},"Nature / Outdoors":{"raw":750.0,"perc":1.6317472749820507},"Music Discussion":{"raw":940.0,"perc":2.0457018498367794},"Glowing Experiences":{"raw":3376.0,"perc":7.3432809849045118},"Retrospective / Summary":{"raw":3529.0,"perc":7.6735741155493713},"Mystical Experiences":{"raw":1397.0,"perc":3.0429763227253916},"Train Wrecks & Trip Disasters":{"raw":819.0,"perc":1.7807831967124002},"Addiction & Habituation":{"raw":1501.0,"perc":3.2675185580251211},"Health Problems":{"raw":2028.0,"perc":4.4101337392628031},"Multi-Day Experience":{"raw":602.0,"perc":1.3107472565755096},"Post Trip Problems":{"raw":891.0,"perc":1.9375462097160006},"Sex Discussion":{"raw":649.0,"perc":1.4147755760469121},"Preparation / Recipes":{"raw":741.0,"perc":1.623575810692375},"Overdose":{"raw":849.0,"perc":1.846615625543762},"Bad Trips":{"raw":1250.0,"perc":2.7185141688958483},"Depression":{"raw":629.0,"perc":1.368283663258647},"Entities / Beings":{"raw":1357.0,"perc":2.9506414437921289},"What Was in That?":{"raw":260.0,"perc":0.56857942617214841},"Health Benefits":{"raw":698.0,"perc":1.5244168777845724},"Second Hand Report":{"raw":280.0,"perc":0.6168080185042405},"Guides / Sitters":{"raw":439.0,"perc":0.95776245745702071},"Cultivation / Synthesis":{"raw":41.0,"perc":0.094276713651728017},"Hangover / Days After":{"raw":1442.0,"perc":3.136282569924747},"Poetry":{"raw":87.0,"perc":0.18962510897994769},"Loss of Magic":{"raw":98.0,"perc":0.22189516585531527},"Families":{"raw":236.0,"perc":0.51633229045879192},"HPPD / Lasting Visuals":{"raw":195.0,"perc":0.424106657387068},"Relationships":{"raw":628.0,"perc":1.3674171493271785},"Pregnancy / Baby":{"raw":12.0,"perc":0.030161363293620871},"Personal Preparation":{"raw":201.0,"perc":0.43852950801789026},"Medical Use":{"raw":681.0,"perc":1.4810787298825576},"Therapeutic Intent or Outcome":{"raw":480.0,"perc":1.0441819487045616},"Performance Enhancement":{"raw":119.0,"perc":0.25901660753542433},"Video":{"raw":1.0,"perc":1.0}}