{"General":{"raw":7604.0,"perc":18.624017242646158},"First Times":{"raw":5674.0,"perc":13.897325364945626},"Difficult Experiences":{"raw":3165.0,"perc":7.75412205698606},"Nature / Outdoors":{"raw":708.0,"perc":1.7344439000489955},"Music Discussion":{"raw":920.0,"perc":2.257724115929225},"Post Trip Problems":{"raw":782.0,"perc":1.9250178470324693},"Retrospective / Summary":{"raw":3089.0,"perc":7.570521775359655},"Glowing Experiences":{"raw":3072.0,"perc":7.5238795003673768},"Mystical Experiences":{"raw":1333.0,"perc":3.267156862745098},"Health Problems":{"raw":1722.0,"perc":4.2183136544020376},"Train Wrecks & Trip Disasters":{"raw":725.0,"perc":1.7765253614310219},"Multi-Day Experience":{"raw":562.0,"perc":1.3766411914560062},"Addiction & Habituation":{"raw":1239.0,"perc":3.0403415783274443},"Preparation / Recipes":{"raw":856.0,"perc":2.1007165995877095},"Overdose":{"raw":716.0,"perc":1.75451493543091},"Bad Trips":{"raw":1125.0,"perc":2.756947507719453},"Depression":{"raw":580.0,"perc":1.4228938717432904},"Sex Discussion":{"raw":584.0,"perc":1.4319692028541304},"Entities / Beings":{"raw":1250.0,"perc":3.06597988717194},"What Was in That?":{"raw":166.0,"perc":0.4110335264695687},"Second Hand Report":{"raw":200.0,"perc":0.49530696649248374},"Guides / Sitters":{"raw":414.0,"perc":1.0169741334839961},"Cultivation / Synthesis":{"raw":35.0,"perc":0.088198976891868064},"Hangover / Days After":{"raw":1336.0,"perc":3.27515199058639},"Health Benefits":{"raw":620.0,"perc":1.5234912522115196},"Poetry":{"raw":64.0,"perc":0.16267602053784758},"Loss of Magic":{"raw":76.0,"perc":0.19318759532282664},"HPPD / Lasting Visuals":{"raw":156.0,"perc":0.38428377879049147},"Families":{"raw":197.0,"perc":0.48900362408777243},"Relationships":{"raw":636.0,"perc":1.5651146766414017},"Pregnancy / Baby":{"raw":8.0,"perc":0.022984542894903176},"Personal Preparation":{"raw":181.0,"perc":0.4478867663070375},"Medical Use":{"raw":581.0,"perc":1.4253821054439293},"Therapeutic Intent or Outcome":{"raw":370.0,"perc":0.90717403030451615},"Performance Enhancement":{"raw":83.0,"perc":0.20365599312967736},"Video":{"raw":1.0,"perc":1.0}}