{"General":{"Medium":{"raw":4996.0,"perc":65.504130064245444},"Strong":{"raw":2230.0,"perc":29.242066614214529},"No Effect":{"raw":202.0,"perc":2.6498753771481045},"Extreme":{"raw":199.0,"perc":2.646276595744681}},"First Times":{"Strong":{"raw":1718.0,"perc":30.771986387247},"Medium":{"raw":3590.0,"perc":64.267812388113143},"Extreme":{"raw":216.0,"perc":3.8716615880982257},"No Effect":{"raw":62.0,"perc":1.1313868613138687}},"Difficult Experiences":{"Strong":{"raw":1818.0,"perc":52.78745644599303},"Medium":{"raw":1172.0,"perc":34.020319303338169},"Extreme":{"raw":452.0,"perc":13.116656993615786},"No Effect":{"raw":4.0,"perc":0.17913121361397222}},"Nature / Outdoors":{"Strong":{"raw":230.0,"perc":32.033426183844007},"Medium":{"raw":467.0,"perc":65.132496513249649},"Extreme":{"raw":19.0,"perc":2.8528528528528527},"No Effect":{"raw":2.0,"perc":0.46728971962616817}},"Music Discussion":{"Medium":{"raw":553.0,"perc":61.649944258639913},"Strong":{"raw":309.0,"perc":34.602463605823068},"Extreme":{"raw":35.0,"perc":3.9106145251396649}},"Glowing Experiences":{"Medium":{"raw":2056.0,"perc":64.6134506599623},"Strong":{"raw":1053.0,"perc":33.081998114985858},"Extreme":{"raw":73.0,"perc":2.3270640739560089},"No Effect":{"raw":1.0,"perc":1.0}},"Mystical Experiences":{"Strong":{"raw":739.0,"perc":53.902261123267692},"Medium":{"raw":485.0,"perc":35.298398835516743},"Extreme":{"raw":150.0,"perc":10.997067448680351}},"Train Wrecks & Trip Disasters":{"Strong":{"raw":247.0,"perc":31.912144702842376},"Medium":{"raw":203.0,"perc":26.193548387096776},"Extreme":{"raw":318.0,"perc":41.138421733505822},"No Effect":{"raw":7.0,"perc":0.99431818181818177}},"Retrospective / Summary":{"Medium":{"raw":2192.0,"perc":76.536312849162016},"Strong":{"raw":555.0,"perc":19.405594405594407},"No Effect":{"raw":37.0,"perc":1.3041945717307015},"Extreme":{"raw":80.0,"perc":2.8228652081863093}},"Addiction & Habituation":{"Medium":{"raw":890.0,"perc":68.9922480620155},"Strong":{"raw":315.0,"perc":24.3996901626646},"Extreme":{"raw":80.0,"perc":6.2695924764890272},"No Effect":{"raw":6.0,"perc":0.59760956175298807}},"Health Problems":{"Medium":{"raw":873.0,"perc":47.523135547087641},"Strong":{"raw":592.0,"perc":32.244008714596951},"Extreme":{"raw":360.0,"perc":19.639934533551553},"No Effect":{"raw":12.0,"perc":0.69364161849710981}},"Multi-Day Experience":{"Medium":{"raw":262.0,"perc":47.63636363636364},"Strong":{"raw":203.0,"perc":37.043795620437962},"Extreme":{"raw":80.0,"perc":14.571948998178508},"No Effect":{"raw":5.0,"perc":0.945179584120983}},"Post Trip Problems":{"Strong":{"raw":250.0,"perc":30.78817733990148},"Medium":{"raw":369.0,"perc":45.220588235294116},"Extreme":{"raw":192.0,"perc":23.558282208588956},"No Effect":{"raw":5.0,"perc":1.0}},"Sex Discussion":{"Medium":{"raw":397.0,"perc":72.577696526508234},"Strong":{"raw":133.0,"perc":24.448529411764707},"Extreme":{"raw":17.0,"perc":3.4979423868312756}},"Preparation / Recipes":{"No Effect":{"raw":31.0,"perc":6.498951781970649},"Medium":{"raw":310.0,"perc":68.888888888888886},"Extreme":{"raw":20.0,"perc":4.0733197556008145},"Strong":{"raw":133.0,"perc":26.923076923076923}},"Overdose":{"Medium":{"raw":170.0,"perc":20.858895705521473},"Strong":{"raw":309.0,"perc":37.821297429620564},"Extreme":{"raw":341.0,"perc":41.534713763702804},"No Effect":{"raw":1.0,"perc":1.0}},"Bad Trips":{"Strong":{"raw":612.0,"perc":50.287592440427275},"Medium":{"raw":288.0,"perc":23.72322899505766},"Extreme":{"raw":318.0,"perc":26.108374384236456}},"Depression":{"Medium":{"raw":342.0,"perc":66.150870406189554},"Strong":{"raw":136.0,"perc":26.356589147286826},"Extreme":{"raw":38.0,"perc":7.4074074074074066},"No Effect":{"raw":1.0,"perc":1.0}},"Entities / Beings":{"Medium":{"raw":432.0,"perc":32.628398791540789},"Strong":{"raw":713.0,"perc":53.933434190620275},"Extreme":{"raw":179.0,"perc":13.529856386999246}},"What Was in That?":{"Medium":{"raw":100.0,"perc":45.871559633027523},"Strong":{"raw":97.0,"perc":44.090909090909093},"No Effect":{"raw":7.0,"perc":3.286384976525822},"Extreme":{"raw":16.0,"perc":8.0}},"Second Hand Report":{"Medium":{"raw":93.0,"perc":40.611353711790393},"No Effect":{"raw":10.0,"perc":6.0606060606060606},"Extreme":{"raw":69.0,"perc":30.666666666666664},"Strong":{"raw":57.0,"perc":25.110132158590311}},"Guides / Sitters":{"Extreme":{"raw":70.0,"perc":16.241299303944317},"Medium":{"raw":153.0,"perc":35.664335664335667},"Strong":{"raw":210.0,"perc":48.387096774193552},"No Effect":{"raw":1.0,"perc":1.0}},"Cultivation / Synthesis":{"Medium":{"raw":25.0,"perc":75.757575757575751},"No Effect":{"raw":4.0,"perc":18.181818181818183},"Strong":{"raw":3.0,"perc":10.344827586206897},"Extreme":{"raw":1.0,"perc":1.0}},"Hangover / Days After":{"Medium":{"raw":678.0,"perc":50.824587706146929},"Strong":{"raw":526.0,"perc":39.371257485029943},"Extreme":{"raw":131.0,"perc":9.8127340823970037},"No Effect":{"raw":1.0,"perc":1.0}},"Health Benefits":{"Medium":{"raw":382.0,"perc":80.421052631578945},"Strong":{"raw":84.0,"perc":17.647058823529413},"Extreme":{"raw":7.0,"perc":1.8087855297157622},"No Effect":{"raw":3.0,"perc":0.72815533980582525}},"Poetry":{"Medium":{"raw":58.0,"perc":73.417721518987349},"Extreme":{"raw":4.0,"perc":7.2727272727272725},"Strong":{"raw":18.0,"perc":22.5}},"Loss of Magic":{"Medium":{"raw":69.0,"perc":83.132530120481931},"Strong":{"raw":12.0,"perc":14.634146341463413},"Extreme":{"raw":2.0,"perc":3.125}},"HPPD / Lasting Visuals":{"Medium":{"raw":81.0,"perc":48.214285714285715},"Strong":{"raw":58.0,"perc":34.319526627218934},"Extreme":{"raw":30.0,"perc":18.181818181818183}},"Families":{"Strong":{"raw":78.0,"perc":37.5},"Medium":{"raw":99.0,"perc":46.698113207547173},"Extreme":{"raw":33.0,"perc":15.492957746478872},"No Effect":{"raw":3.0,"perc":2.2058823529411766}},"Relationships":{"Medium":{"raw":358.0,"perc":59.866220735785959},"Strong":{"raw":190.0,"perc":32.040472175379428},"Extreme":{"raw":49.0,"perc":8.235294117647058},"No Effect":{"raw":1.0,"perc":1.0}},"Pregnancy / Baby":{"Medium":{"raw":4.0,"perc":36.363636363636367},"Strong":{"raw":3.0,"perc":33.333333333333329},"Extreme":{"raw":4.0,"perc":40.0}},"Personal Preparation":{"Strong":{"raw":71.0,"perc":36.979166666666671},"Medium":{"raw":108.0,"perc":56.544502617801051},"Extreme":{"raw":10.0,"perc":5.6179775280898872},"No Effect":{"raw":3.0,"perc":2.0689655172413794}},"Medical Use":{"No Effect":{"raw":14.0,"perc":2.8747433264887063},"Medium":{"raw":358.0,"perc":72.177419354838719},"Strong":{"raw":103.0,"perc":20.977596741344197},"Extreme":{"raw":21.0,"perc":4.2596348884381339}},"Therapeutic Intent or Outcome":{"Extreme":{"raw":24.0,"perc":6.7605633802816891},"Medium":{"raw":269.0,"perc":61.839080459770116},"Strong":{"raw":140.0,"perc":32.258064516129032},"No Effect":{"raw":2.0,"perc":0.49140049140049141}},"Performance Enhancement":{"Strong":{"raw":12.0,"perc":20.33898305084746},"Medium":{"raw":75.0,"perc":82.417582417582409},"Extreme":{"raw":3.0,"perc":5.2631578947368416},"No Effect":{"raw":1.0,"perc":1.0}},"Video":{"Medium":{"raw":1.0,"perc":1.0},"Strong":{"raw":1.0,"perc":1.0}}}