{"Small Group (2-9)":{"raw":8183.0,"perc":33.402726753204341},"Rave / Dance Event":{"raw":338.0,"perc":1.3841680658503623},"Festival / Lg. Crowd":{"raw":350.0,"perc":1.4384349827387801},"Alone":{"raw":7160.0,"perc":29.22568268092575},"Club / Bar":{"raw":269.0,"perc":1.1039520663192022},"Large Group (10+)":{"raw":471.0,"perc":1.9309609708101017},"Unknown Context":{"raw":1945.0,"perc":7.9413686101584195},"Various":{"raw":3303.0,"perc":13.496506353941079},"Not Applicable":{"raw":1766.0,"perc":7.2114010372003756},"Group Ceremony":{"raw":87.0,"perc":0.35536312392778369},"Hospital":{"raw":325.0,"perc":1.3271806599150604},"School":{"raw":264.0,"perc":1.084857201561537},"Large Party":{"raw":4.0,"perc":0.018617640214102862},"Military":{"raw":12.0,"perc":0.0501336898395722},"Workplace":{"raw":22.0,"perc":0.09492988133764832}}