{"Festival / Lg. Crowd":{"Drug Testing":{"raw":2.0,"perc":10.526315789473683},"Ritual":{"raw":2.0,"perc":50.0},"Police / Customs":{"raw":3.0,"perc":15.0},"Conferences":{"raw":12.0,"perc":75.0},"Sleep Deprivation":{"raw":1.0,"perc":1.0},"Yoga / Bodywork":{"raw":1.0,"perc":1.0}},"Various":{"Sleep Deprivation":{"raw":23.0,"perc":23.958333333333336},"Police / Customs":{"raw":26.0,"perc":25.0},"Endogenous":{"raw":2.0,"perc":2.2988505747126435},"Yoga / Bodywork":{"raw":3.0,"perc":3.296703296703297},"Ritual":{"raw":4.0,"perc":5.6338028169014089},"Meditation":{"raw":14.0,"perc":13.861386138613863},"Fasting":{"raw":7.0,"perc":10.0},"Migraines":{"raw":1.0,"perc":1.0},"Mindfulness":{"raw":3.0,"perc":2.912621359223301},"Dreams":{"raw":7.0,"perc":12.962962962962962},"Devices":{"raw":1.0,"perc":1.0},"Devices - Mind Machine":{"raw":1.0,"perc":1.0},"Conferences":{"raw":1.0,"perc":1.0},"OBE":{"raw":2.0,"perc":3.7735849056603774},"Drug Testing":{"raw":5.0,"perc":5.2631578947368416},"Music":{"raw":1.0,"perc":1.0},"Nitrogen Narcosis":{"raw":1.0,"perc":1.0},"Humor":{"raw":2.0,"perc":2.4691358024691357}},"Alone":{"OBE":{"raw":22.0,"perc":5.275779376498801},"Dreams":{"raw":197.0,"perc":45.496535796766743},"Endogenous":{"raw":9.0,"perc":2.1176470588235294},"Meditation":{"raw":50.0,"perc":11.7096018735363},"Drug Testing":{"raw":12.0,"perc":3.0612244897959182},"Police / Customs":{"raw":15.0,"perc":3.8759689922480618},"Sleep Deprivation":{"raw":21.0,"perc":4.8837209302325579},"Floatation Tank":{"raw":7.0,"perc":2.0408163265306123},"Ritual":{"raw":5.0,"perc":1.5822784810126582},"Yoga / Bodywork":{"raw":16.0,"perc":4.5197740112994351},"Nitrogen Narcosis":{"raw":2.0,"perc":0.93023255813953487},"Breathing":{"raw":13.0,"perc":3.0373831775700935},"Hyperventilation":{"raw":5.0,"perc":1.1655011655011656},"Devices":{"raw":18.0,"perc":5.1724137931034484},"Devices - Mind Machine":{"raw":12.0,"perc":3.4383954154727796},"Fasting":{"raw":11.0,"perc":2.5821596244131455},"Sweating":{"raw":3.0,"perc":0.84985835694051},"Chanting":{"raw":2.0,"perc":0.48899755501222492},"Conferences":{"raw":3.0,"perc":1.3333333333333335},"Migraines":{"raw":3.0,"perc":0.81300813008130091},"Mindfulness":{"raw":3.0,"perc":0.72639225181598066},"Humor":{"raw":1.0,"perc":1.0},"Music":{"raw":2.0,"perc":0.53763440860215062},"Sound (non-music)":{"raw":1.0,"perc":1.0}},"Unknown Context":{"Drug Testing":{"raw":15.0,"perc":36.585365853658537},"Migraines":{"raw":8.0,"perc":18.6046511627907},"Fasting":{"raw":1.0,"perc":1.0},"Dreams":{"raw":5.0,"perc":22.727272727272727},"Police / Customs":{"raw":2.0,"perc":7.4074074074074066},"Meditation":{"raw":3.0,"perc":6.8181818181818175},"Devices":{"raw":2.0,"perc":10.526315789473683},"Devices - Magnetic":{"raw":1.0,"perc":1.0},"Devices - Mind Machine":{"raw":1.0,"perc":1.0},"Endogenous":{"raw":3.0,"perc":8.1081081081081088},"Sleep Deprivation":{"raw":2.0,"perc":5.0},"Yoga / Bodywork":{"raw":1.0,"perc":1.0}},"Large Group (10+)":{"Police / Customs":{"raw":3.0,"perc":60.0},"OBE":{"raw":2.0,"perc":25.0},"Ritual":{"raw":1.0,"perc":1.0},"Sleep Deprivation":{"raw":2.0,"perc":16.666666666666664},"Breathing":{"raw":2.0,"perc":15.384615384615385},"Meditation":{"raw":3.0,"perc":27.27272727272727}},"Small Group (2-9)":{"Ritual":{"raw":7.0,"perc":3.608247422680412},"Endogenous":{"raw":4.0,"perc":2.4096385542168677},"Breathing":{"raw":8.0,"perc":4.2328042328042326},"Hyperventilation":{"raw":4.0,"perc":2.3668639053254439},"Police / Customs":{"raw":61.0,"perc":29.047619047619051},"Guiding":{"raw":3.0,"perc":2.3255813953488373},"Sleep Deprivation":{"raw":16.0,"perc":7.9207920792079207},"Nitrogen Narcosis":{"raw":2.0,"perc":5.1282051282051277},"Dreams":{"raw":17.0,"perc":8.2125603864734309},"OBE":{"raw":29.0,"perc":13.942307692307693},"Yoga / Bodywork":{"raw":16.0,"perc":7.7669902912621351},"Meditation":{"raw":19.0,"perc":9.0047393364928912},"Drug Testing":{"raw":5.0,"perc":2.6595744680851063},"Migraines":{"raw":4.0,"perc":2.2346368715083798},"Sweating":{"raw":2.0,"perc":1.0526315789473684},"Devices":{"raw":5.0,"perc":3.2679738562091507},"Devices - Mind Machine":{"raw":3.0,"perc":1.948051948051948},"Humor":{"raw":1.0,"perc":1.0},"Mindfulness":{"raw":2.0,"perc":1.3513513513513513},"Fasting":{"raw":1.0,"perc":1.0},"Music":{"raw":1.0,"perc":1.0},"Conferences":{"raw":1.0,"perc":1.0}},"Rave / Dance Event":{"Ritual":{"raw":1.0,"perc":1.0},"Police / Customs":{"raw":4.0,"perc":44.444444444444443},"Guiding":{"raw":1.0,"perc":1.0},"OBE":{"raw":1.0,"perc":1.0},"Meditation":{"raw":2.0,"perc":20.0},"Dreams":{"raw":1.0,"perc":1.0}},"School":{"Police / Customs":{"raw":4.0,"perc":44.444444444444443},"Drug Testing":{"raw":4.0,"perc":50.0},"OBE":{"raw":1.0,"perc":1.0}},"Hospital":{"Endogenous":{"raw":1.0,"perc":1.0},"Dreams":{"raw":2.0,"perc":28.571428571428569},"Drug Testing":{"raw":12.0,"perc":46.153846153846153},"Police / Customs":{"raw":9.0,"perc":32.142857142857146},"Sleep Deprivation":{"raw":1.0,"perc":1.0},"Meditation":{"raw":1.0,"perc":1.0},"Fasting":{"raw":1.0,"perc":1.0},"Breathing":{"raw":1.0,"perc":1.0}},"Not Applicable":{"Drug Testing":{"raw":83.0,"perc":63.84615384615384},"Police / Customs":{"raw":8.0,"perc":7.2072072072072073},"Endogenous":{"raw":5.0,"perc":3.9370078740157481},"Migraines":{"raw":7.0,"perc":5.6000000000000005},"Meditation":{"raw":2.0,"perc":1.5873015873015872},"Dreams":{"raw":11.0,"perc":9.1666666666666661},"Breathing":{"raw":2.0,"perc":1.5625},"Hyperventilation":{"raw":1.0,"perc":1.0},"Devices":{"raw":1.0,"perc":1.0},"Devices - Mind Machine":{"raw":1.0,"perc":1.0},"Mindfulness":{"raw":1.0,"perc":1.0},"OBE":{"raw":1.0,"perc":1.0},"Sleep Deprivation":{"raw":3.0,"perc":2.6548672566371683},"Fasting":{"raw":2.0,"perc":2.197802197802198},"Yoga / Bodywork":{"raw":3.0,"perc":2.2900763358778624}},"Group Ceremony":{"Breathing":{"raw":1.0,"perc":1.0},"Hyperventilation":{"raw":1.0,"perc":1.0},"Ritual":{"raw":12.0,"perc":57.142857142857139},"Sweating":{"raw":3.0,"perc":21.428571428571427},"Meditation":{"raw":4.0,"perc":18.181818181818183},"Yoga / Bodywork":{"raw":1.0,"perc":1.0}},"Club / Bar":{"Police / Customs":{"raw":1.0,"perc":1.0}},"Military":{"Drug Testing":{"raw":1.0,"perc":1.0}}}