{"Rave / Dance Event":{"Medium":{"raw":200.0,"perc":62.11180124223602},"Strong":{"raw":104.0,"perc":32.398753894081},"Extreme":{"raw":17.0,"perc":5.3627760252365935},"No Effect":{"raw":1.0,"perc":1.0}},"Small Group (2-9)":{"Medium":{"raw":4130.0,"perc":54.629629629629626},"Strong":{"raw":2819.0,"perc":37.293292763593065},"Extreme":{"raw":567.0,"perc":7.5039703546850189},"No Effect":{"raw":44.0,"perc":0.58370920668612369}},"Festival / Lg. Crowd":{"Strong":{"raw":119.0,"perc":36.615384615384613},"Medium":{"raw":188.0,"perc":58.0246913580247},"Extreme":{"raw":16.0,"perc":5.0314465408805038},"No Effect":{"raw":2.0,"perc":1.0416666666666665}},"Alone":{"Medium":{"raw":3536.0,"perc":59.739820915695219},"Strong":{"raw":1922.0,"perc":32.499154548528914},"No Effect":{"raw":108.0,"perc":1.8267929634641407},"Extreme":{"raw":353.0,"perc":5.9658610782491124}},"Large Group (10+)":{"Medium":{"raw":245.0,"perc":58.472553699284013},"Strong":{"raw":144.0,"perc":34.285714285714285},"No Effect":{"raw":3.0,"perc":1.4218009478672986},"Extreme":{"raw":28.0,"perc":7.07070707070707}},"Various":{"Medium":{"raw":1943.0,"perc":67.138908085694538},"Strong":{"raw":758.0,"perc":26.201175250604908},"Extreme":{"raw":180.0,"perc":6.2305295950155761},"No Effect":{"raw":13.0,"perc":0.61875297477391711}},"Unknown Context":{"No Effect":{"raw":86.0,"perc":5.7029177718832891},"Strong":{"raw":294.0,"perc":19.215686274509807},"Extreme":{"raw":45.0,"perc":2.9880478087649402},"Medium":{"raw":1105.0,"perc":72.316753926701566}},"Not Applicable":{"Medium":{"raw":1012.0,"perc":75.074183976261139},"Strong":{"raw":219.0,"perc":16.258351893095767},"No Effect":{"raw":75.0,"perc":5.6179775280898872},"Extreme":{"raw":42.0,"perc":3.1842304776345718}},"Club / Bar":{"Strong":{"raw":71.0,"perc":29.338842975206614},"Medium":{"raw":155.0,"perc":64.315352697095435},"Extreme":{"raw":14.0,"perc":6.8627450980392162},"No Effect":{"raw":2.0,"perc":1.2269938650306749}},"Group Ceremony":{"Medium":{"raw":38.0,"perc":44.705882352941181},"Strong":{"raw":41.0,"perc":47.674418604651166},"No Effect":{"raw":1.0,"perc":1.0},"Extreme":{"raw":6.0,"perc":7.8947368421052628}},"Hospital":{"Medium":{"raw":76.0,"perc":25.938566552901023},"Strong":{"raw":83.0,"perc":28.620689655172416},"Extreme":{"raw":128.0,"perc":43.835616438356162},"No Effect":{"raw":6.0,"perc":3.2608695652173911}},"School":{"Medium":{"raw":123.0,"perc":61.5},"Strong":{"raw":57.0,"perc":28.787878787878789},"Extreme":{"raw":17.0,"perc":8.8082901554404138},"No Effect":{"raw":3.0,"perc":2.4793388429752068}},"Large Party":{"Strong":{"raw":4.0,"perc":80.0},"Medium":{"raw":1.0,"perc":1.0}},"Military":{"Strong":{"raw":3.0,"perc":100.0},"Medium":{"raw":8.0,"perc":72.727272727272734}},"Workplace":{"Medium":{"raw":13.0,"perc":65.0},"Strong":{"raw":6.0,"perc":42.857142857142854},"Extreme":{"raw":1.0,"perc":1.0}}}