{"Small Group (2-9)":{"Medium":{"raw":4217.0,"perc":50.358251731550041,"total":8374.0},"Strong":{"raw":2865.0,"perc":34.213040363028419,"total":8374.0},"Light":{"raw":628.0,"perc":7.4994029137807505,"total":8374.0},"Extreme":{"raw":608.0,"perc":7.2605684260807255,"total":8374.0},"No Effect":{"raw":44.0,"perc":0.52543587294005256,"total":8374.0}},"Rave / Dance Event":{"Medium":{"raw":204.0,"perc":60.176991150442483,"total":339.0},"Strong":{"raw":105.0,"perc":30.973451327433626,"total":339.0},"Extreme":{"raw":17.0,"perc":5.0147492625368733,"total":339.0},"Light":{"raw":12.0,"perc":3.5398230088495577,"total":339.0},"No Effect":{"raw":1.0,"perc":0.29498525073746312,"total":339.0}},"Unknown Context":{"Medium":{"raw":1296.0,"perc":59.205116491548651,"total":2189.0},"Light":{"raw":396.0,"perc":18.090452261306535,"total":2189.0},"No Effect":{"raw":86.0,"perc":3.9287345820009136,"total":2189.0},"Strong":{"raw":323.0,"perc":14.755596162631338,"total":2189.0},"Extreme":{"raw":66.0,"perc":3.0150753768844218,"total":2189.0}},"Festival / Lg. Crowd":{"Strong":{"raw":122.0,"perc":34.757834757834758,"total":351.0},"Light":{"raw":15.0,"perc":4.2735042735042734,"total":351.0},"Medium":{"raw":193.0,"perc":54.985754985754987,"total":351.0},"Extreme":{"raw":18.0,"perc":5.1282051282051277,"total":351.0},"No Effect":{"raw":2.0,"perc":0.56980056980056981,"total":351.0}},"Alone":{"Medium":{"raw":3603.0,"perc":48.933858481597177,"total":7363.0},"Strong":{"raw":1952.0,"perc":26.510933043596356,"total":7363.0},"Light":{"raw":1299.0,"perc":17.64226538095885,"total":7363.0},"No Effect":{"raw":108.0,"perc":1.4667934265924216,"total":7363.0},"Extreme":{"raw":380.0,"perc":5.160939834306669,"total":7363.0}},"Club / Bar":{"Light":{"raw":17.0,"perc":6.2962962962962958,"total":270.0},"Strong":{"raw":75.0,"perc":27.777777777777779,"total":270.0},"Medium":{"raw":162.0,"perc":60.0,"total":270.0},"Extreme":{"raw":14.0,"perc":5.1851851851851851,"total":270.0},"No Effect":{"raw":2.0,"perc":0.74074074074074081,"total":270.0}},"Large Group (10+)":{"Medium":{"raw":251.0,"perc":53.177966101694921,"total":472.0},"Strong":{"raw":150.0,"perc":31.779661016949152,"total":472.0},"Light":{"raw":34.0,"perc":7.2033898305084749,"total":472.0},"No Effect":{"raw":3.0,"perc":0.63559322033898313,"total":472.0},"Extreme":{"raw":31.0,"perc":6.5677966101694922,"total":472.0}},"Various":{"Medium":{"raw":2005.0,"perc":59.196929436079124,"total":3387.0},"Strong":{"raw":775.0,"perc":22.88160614112784,"total":3387.0},"Extreme":{"raw":192.0,"perc":5.66873339238264,"total":3387.0},"Light":{"raw":381.0,"perc":11.2488928255093,"total":3387.0},"No Effect":{"raw":13.0,"perc":0.38382049010924119,"total":3387.0}},"Not Applicable":{"Medium":{"raw":1187.0,"perc":60.561224489795919,"total":1960.0},"Light":{"raw":200.0,"perc":10.204081632653061,"total":1960.0},"Strong":{"raw":229.0,"perc":11.683673469387754,"total":1960.0},"No Effect":{"raw":75.0,"perc":3.8265306122448979,"total":1960.0},"Extreme":{"raw":53.0,"perc":2.7040816326530615,"total":1960.0}},"Group Ceremony":{"Medium":{"raw":38.0,"perc":43.18181818181818,"total":88.0},"Strong":{"raw":41.0,"perc":46.590909090909086,"total":88.0},"No Effect":{"raw":1.0,"perc":1.1363636363636365,"total":88.0},"Extreme":{"raw":6.0,"perc":6.8181818181818175,"total":88.0},"Light":{"raw":2.0,"perc":2.2727272727272729,"total":88.0}},"Hospital":{"Medium":{"raw":81.0,"perc":24.846625766871167,"total":326.0},"Strong":{"raw":87.0,"perc":26.687116564417181,"total":326.0},"Extreme":{"raw":139.0,"perc":42.638036809815951,"total":326.0},"No Effect":{"raw":6.0,"perc":1.8404907975460123,"total":326.0},"Light":{"raw":10.0,"perc":3.0674846625766872,"total":326.0}},"School":{"Medium":{"raw":132.0,"perc":49.811320754716981,"total":265.0},"Strong":{"raw":62.0,"perc":23.39622641509434,"total":265.0},"Light":{"raw":48.0,"perc":18.113207547169811,"total":265.0},"Extreme":{"raw":19.0,"perc":7.1698113207547172,"total":265.0},"No Effect":{"raw":3.0,"perc":1.1320754716981132,"total":265.0}},"Public Space (Museum, Park, etc)":{"Medium":{"raw":17.0,"perc":60.714285714285708,"total":28.0},"Strong":{"raw":8.0,"perc":28.571428571428569,"total":28.0},"No Effect":{"raw":1.0,"perc":3.5714285714285712,"total":28.0},"Light":{"raw":2.0,"perc":7.1428571428571423,"total":28.0}},"Large Party":{"Strong":{"raw":4.0,"perc":80.0,"total":5.0},"Medium":{"raw":1.0,"perc":20.0,"total":5.0}},"Military":{"Strong":{"raw":3.0,"perc":23.076923076923077,"total":13.0},"Medium":{"raw":9.0,"perc":69.230769230769226,"total":13.0},"Light":{"raw":1.0,"perc":7.6923076923076925,"total":13.0}},"Workplace":{"Light":{"raw":3.0,"perc":13.043478260869565,"total":23.0},"Medium":{"raw":13.0,"perc":56.521739130434781,"total":23.0},"Strong":{"raw":6.0,"perc":26.086956521739129,"total":23.0},"Extreme":{"raw":1.0,"perc":4.3478260869565215,"total":23.0}}}