{"Small Group (2-9)":{"Not-Specified":{"raw":471.0,"perc":5.8054973499322076},"Male":{"raw":6476.0,"perc":79.6751968503937},"Female":{"raw":1181.0,"perc":14.540753508987933}},"Rave / Dance Event":{"Male":{"raw":213.0,"perc":64.545454545454547},"Not-Specified":{"raw":31.0,"perc":10.0},"Female":{"raw":86.0,"perc":26.380368098159508}},"Festival / Lg. Crowd":{"Not-Specified":{"raw":33.0,"perc":9.8802395209580833},"Male":{"raw":252.0,"perc":74.336283185840713},"Female":{"raw":54.0,"perc":16.314199395770395}},"Alone":{"Male":{"raw":6164.0,"perc":86.682604415694},"Not-Specified":{"raw":371.0,"perc":5.2194710185706246},"Female":{"raw":576.0,"perc":8.105826062482409}},"Club / Bar":{"Not-Specified":{"raw":24.0,"perc":10.256410256410255},"Male":{"raw":183.0,"perc":71.484375},"Female":{"raw":49.0,"perc":19.6}},"Large Group (10+)":{"Not-Specified":{"raw":56.0,"perc":12.698412698412698},"Female":{"raw":70.0,"perc":15.555555555555555},"Male":{"raw":327.0,"perc":72.185430463576168}},"Various":{"Not-Specified":{"raw":234.0,"perc":7.1559633027522942},"Male":{"raw":2522.0,"perc":77.101803729746251},"Female":{"raw":515.0,"perc":15.80239337220006}},"Unknown Context":{"Not-Specified":{"raw":223.0,"perc":11.931514178705189},"Male":{"raw":1474.0,"perc":77.865821447437938},"Female":{"raw":196.0,"perc":10.37037037037037}},"Not Applicable":{"Female":{"raw":323.0,"perc":18.48883800801374},"Male":{"raw":1314.0,"perc":75.085714285714289},"Not-Specified":{"raw":113.0,"perc":6.5735892961023845}},"Hospital":{"Male":{"raw":227.0,"perc":77.210884353741491},"Female":{"raw":60.0,"perc":20.833333333333336},"Not-Specified":{"raw":7.0,"perc":3.225806451612903}},"School":{"Female":{"raw":35.0,"perc":14.705882352941178},"Male":{"raw":206.0,"perc":82.730923694779108},"Not-Specified":{"raw":8.0,"perc":3.2653061224489797}},"Group Ceremony":{"Male":{"raw":61.0,"perc":70.930232558139537},"Not-Specified":{"raw":5.0,"perc":7.2463768115942031},"Female":{"raw":20.0,"perc":23.809523809523807}},"Large Party":{"Female":{"raw":1.0,"perc":1.0},"Male":{"raw":4.0,"perc":80.0}},"Military":{"Male":{"raw":12.0,"perc":100.0}},"Workplace":{"Female":{"raw":3.0,"perc":25.0},"Male":{"raw":19.0,"perc":82.6086956521739},"Not-Specified":{"raw":1.0,"perc":1.0}}}