{"Rave / Dance Event":{"raw":272.0,"perc":1.3084471810659997},"Small Group (2-9)":{"raw":7280.0,"perc":34.6749226006192},"Unknown Context":{"raw":1371.0,"perc":6.5394705461483422},"Festival / Lg. Crowd":{"raw":292.0,"perc":1.3910060975609757},"Alone":{"raw":6199.0,"perc":29.527484043059921},"Club / Bar":{"raw":209.0,"perc":0.99708983350031},"Large Group (10+)":{"raw":409.0,"perc":1.9523604945343453},"Various":{"raw":2852.0,"perc":13.601030092040631},"Not Applicable":{"raw":1540.0,"perc":7.3417238749046527},"Group Ceremony":{"raw":77.0,"perc":0.36909212923017926},"Hospital":{"raw":256.0,"perc":1.2199771254288982},"School":{"raw":211.0,"perc":1.0210994967092528},"Military":{"raw":10.0,"perc":0.052851329210929658},"Workplace":{"raw":17.0,"perc":0.082910651580179476}}