{"Rave / Dance Event":{"Male":{"raw":183.0,"perc":67.032967032967022},"Not-Specified":{"raw":27.0,"perc":10.305343511450381},"Female":{"raw":63.0,"perc":23.333333333333332}},"Small Group (2-9)":{"Male":{"raw":5837.0,"perc":80.255740409734628},"Not-Specified":{"raw":399.0,"perc":5.4883081155433286},"Female":{"raw":1037.0,"perc":14.266061356445178}},"Unknown Context":{"Not-Specified":{"raw":186.0,"perc":13.676470588235295},"Male":{"raw":1063.0,"perc":77.478134110787167},"Female":{"raw":123.0,"perc":9.0109890109890109}},"Festival / Lg. Crowd":{"Not-Specified":{"raw":26.0,"perc":9.3862815884476536},"Male":{"raw":221.0,"perc":75.684931506849324},"Female":{"raw":45.0,"perc":15.901060070671377}},"Alone":{"Male":{"raw":5428.0,"perc":87.6473437752301},"Not-Specified":{"raw":305.0,"perc":4.9504950495049505},"Female":{"raw":460.0,"perc":7.4361461364371166}},"Club / Bar":{"Not-Specified":{"raw":22.0,"perc":11.167512690355331},"Male":{"raw":149.0,"perc":71.291866028708128},"Female":{"raw":39.0,"perc":18.571428571428573}},"Large Group (10+)":{"Not-Specified":{"raw":51.0,"perc":12.686567164179104},"Female":{"raw":63.0,"perc":15.365853658536585},"Male":{"raw":296.0,"perc":72.371638141809285}},"Various":{"Not-Specified":{"raw":197.0,"perc":7.096541786743515},"Male":{"raw":2233.0,"perc":78.268489309498761},"Female":{"raw":423.0,"perc":14.920634920634921}},"Not Applicable":{"Female":{"raw":270.0,"perc":17.532467532467532},"Male":{"raw":1165.0,"perc":75.698505523066927},"Not-Specified":{"raw":105.0,"perc":6.8359375}},"Group Ceremony":{"Not-Specified":{"raw":6.0,"perc":8.5714285714285712},"Male":{"raw":56.0,"perc":71.7948717948718},"Female":{"raw":16.0,"perc":22.222222222222221}},"Hospital":{"Male":{"raw":203.0,"perc":78.988326848249031},"Female":{"raw":49.0,"perc":19.6},"Not-Specified":{"raw":5.0,"perc":2.5380710659898478}},"School":{"Female":{"raw":33.0,"perc":16.751269035532996},"Male":{"raw":173.0,"perc":81.990521327014221},"Not-Specified":{"raw":6.0,"perc":2.8301886792452833}},"Military":{"Male":{"raw":11.0,"perc":100.0}},"Workplace":{"Female":{"raw":2.0,"perc":22.222222222222221},"Male":{"raw":15.0,"perc":83.333333333333343},"Not-Specified":{"raw":1.0,"perc":1.0}}}