{"Small Group (2-9)":{"Medium":{"raw":4217.0,"perc":54.525471942073956,"total":7734.0},"Strong":{"raw":2865.0,"perc":37.044220325833983,"total":7734.0},"Extreme":{"raw":608.0,"perc":7.8613912593741926,"total":7734.0},"No Effect":{"raw":44.0,"perc":0.56891647271786916,"total":7734.0}},"Rave / Dance Event":{"Medium":{"raw":204.0,"perc":62.385321100917437,"total":327.0},"Strong":{"raw":105.0,"perc":32.11009174311927,"total":327.0},"Extreme":{"raw":17.0,"perc":5.1987767584097861,"total":327.0},"No Effect":{"raw":1.0,"perc":0.3058103975535168,"total":327.0}},"Unknown Context":{"Medium":{"raw":1296.0,"perc":73.178994918125355,"total":1771.0},"No Effect":{"raw":86.0,"perc":4.8560135516657255,"total":1771.0},"Strong":{"raw":323.0,"perc":18.238283455674761,"total":1771.0},"Extreme":{"raw":66.0,"perc":3.7267080745341614,"total":1771.0}},"Festival / Lg. Crowd":{"Strong":{"raw":122.0,"perc":36.417910447761194,"total":335.0},"Medium":{"raw":193.0,"perc":57.611940298507456,"total":335.0},"Extreme":{"raw":18.0,"perc":5.3731343283582085,"total":335.0},"No Effect":{"raw":2.0,"perc":0.59701492537313439,"total":335.0}},"Alone":{"Medium":{"raw":3603.0,"perc":59.622703954989241,"total":6043.0},"Strong":{"raw":1952.0,"perc":32.301836836008604,"total":6043.0},"No Effect":{"raw":108.0,"perc":1.7871917921562137,"total":6043.0},"Extreme":{"raw":380.0,"perc":6.2882674168459367,"total":6043.0}},"Large Group (10+)":{"Medium":{"raw":251.0,"perc":57.701149425287355,"total":435.0},"Strong":{"raw":150.0,"perc":34.482758620689658,"total":435.0},"No Effect":{"raw":3.0,"perc":0.68965517241379315,"total":435.0},"Extreme":{"raw":31.0,"perc":7.1264367816091951,"total":435.0}},"Various":{"Medium":{"raw":2005.0,"perc":67.169179229480733,"total":2985.0},"Strong":{"raw":775.0,"perc":25.963149078726964,"total":2985.0},"Extreme":{"raw":192.0,"perc":6.4321608040201008,"total":2985.0},"No Effect":{"raw":13.0,"perc":0.43551088777219427,"total":2985.0}},"Not Applicable":{"Medium":{"raw":1187.0,"perc":76.87823834196891,"total":1544.0},"Strong":{"raw":229.0,"perc":14.83160621761658,"total":1544.0},"No Effect":{"raw":75.0,"perc":4.8575129533678751,"total":1544.0},"Extreme":{"raw":53.0,"perc":3.4326424870466319,"total":1544.0}},"Club / Bar":{"Strong":{"raw":75.0,"perc":29.644268774703558,"total":253.0},"Medium":{"raw":162.0,"perc":64.031620553359687,"total":253.0},"Extreme":{"raw":14.0,"perc":5.5335968379446641,"total":253.0},"No Effect":{"raw":2.0,"perc":0.79051383399209485,"total":253.0}},"Group Ceremony":{"Medium":{"raw":38.0,"perc":44.186046511627907,"total":86.0},"Strong":{"raw":41.0,"perc":47.674418604651166,"total":86.0},"No Effect":{"raw":1.0,"perc":1.1627906976744187,"total":86.0},"Extreme":{"raw":6.0,"perc":6.9767441860465116,"total":86.0}},"Hospital":{"Medium":{"raw":81.0,"perc":25.878594249201274,"total":313.0},"Strong":{"raw":87.0,"perc":27.795527156549522,"total":313.0},"Extreme":{"raw":139.0,"perc":44.408945686900957,"total":313.0},"No Effect":{"raw":6.0,"perc":1.9169329073482428,"total":313.0}},"School":{"Medium":{"raw":132.0,"perc":61.111111111111114,"total":216.0},"Strong":{"raw":62.0,"perc":28.703703703703702,"total":216.0},"Extreme":{"raw":19.0,"perc":8.7962962962962958,"total":216.0},"No Effect":{"raw":3.0,"perc":1.3888888888888888,"total":216.0}},"Public Space (Museum, Park, etc)":{"Medium":{"raw":17.0,"perc":65.384615384615387,"total":26.0},"Strong":{"raw":8.0,"perc":30.76923076923077,"total":26.0},"No Effect":{"raw":1.0,"perc":3.8461538461538463,"total":26.0}},"Large Party":{"Strong":{"raw":4.0,"perc":80.0,"total":5.0},"Medium":{"raw":1.0,"perc":20.0,"total":5.0}},"Military":{"Strong":{"raw":3.0,"perc":25.0,"total":12.0},"Medium":{"raw":9.0,"perc":75.0,"total":12.0}},"Workplace":{"Medium":{"raw":13.0,"perc":65.0,"total":20.0},"Strong":{"raw":6.0,"perc":30.0,"total":20.0},"Extreme":{"raw":1.0,"perc":5.0,"total":20.0}}}