{"Rave / Dance Event":{"Medium":{"raw":167.0,"perc":63.49809885931559},"Strong":{"raw":84.0,"perc":32.061068702290072},"Extreme":{"raw":12.0,"perc":5.02092050209205}},"Small Group (2-9)":{"Medium":{"raw":3671.0,"perc":54.248559184276637},"Strong":{"raw":2530.0,"perc":37.392846585870529},"Extreme":{"raw":542.0,"perc":8.0165655968052061},"No Effect":{"raw":24.0,"perc":0.3638568829593693}},"Unknown Context":{"Medium":{"raw":816.0,"perc":74.793767186067825},"No Effect":{"raw":38.0,"perc":3.5217794253938832},"Strong":{"raw":209.0,"perc":19.174311926605505},"Extreme":{"raw":28.0,"perc":2.629107981220657}},"Festival / Lg. Crowd":{"Strong":{"raw":103.0,"perc":37.050359712230211},"Medium":{"raw":160.0,"perc":56.939501779359439},"Extreme":{"raw":16.0,"perc":5.7347670250896057},"No Effect":{"raw":2.0,"perc":1.1976047904191618}},"Alone":{"Medium":{"raw":3062.0,"perc":59.237763590636483},"Strong":{"raw":1712.0,"perc":33.126934984520126},"No Effect":{"raw":72.0,"perc":1.4131501472031402},"Extreme":{"raw":323.0,"perc":6.25968992248062}},"Large Group (10+)":{"Medium":{"raw":219.0,"perc":57.480314960629919},"Strong":{"raw":132.0,"perc":34.736842105263158},"Extreme":{"raw":29.0,"perc":7.9889807162534439},"No Effect":{"raw":1.0,"perc":1.0}},"Various":{"Medium":{"raw":1652.0,"perc":65.764331210191088},"Strong":{"raw":684.0,"perc":27.34906037584966},"Extreme":{"raw":167.0,"perc":6.6613482249700828},"No Effect":{"raw":9.0,"perc":0.48569886670264434}},"Not Applicable":{"Medium":{"raw":919.0,"perc":76.775271512113619},"Strong":{"raw":201.0,"perc":16.82008368200837},"No Effect":{"raw":39.0,"perc":3.4061135371179039},"Extreme":{"raw":38.0,"perc":3.1852472757753563}},"Club / Bar":{"Strong":{"raw":55.0,"perc":29.100529100529098},"Medium":{"raw":124.0,"perc":63.589743589743584},"Extreme":{"raw":14.0,"perc":8.4337349397590362},"No Effect":{"raw":2.0,"perc":1.5873015873015872}},"Group Ceremony":{"Medium":{"raw":34.0,"perc":47.222222222222221},"Strong":{"raw":36.0,"perc":47.368421052631575},"No Effect":{"raw":1.0,"perc":1.0},"Extreme":{"raw":5.0,"perc":6.666666666666667}},"Hospital":{"Medium":{"raw":61.0,"perc":25.523012552301257},"Strong":{"raw":77.0,"perc":31.300813008130078},"Extreme":{"raw":107.0,"perc":43.145161290322584},"No Effect":{"raw":3.0,"perc":1.910828025477707}},"School":{"Medium":{"raw":105.0,"perc":61.403508771929829},"Strong":{"raw":49.0,"perc":29.518072289156628},"Extreme":{"raw":16.0,"perc":9.5238095238095237},"No Effect":{"raw":1.0,"perc":1.0}},"Military":{"Strong":{"raw":3.0,"perc":100.0},"Medium":{"raw":7.0,"perc":70.0}},"Workplace":{"Medium":{"raw":10.0,"perc":58.82352941176471},"Strong":{"raw":6.0,"perc":46.153846153846153},"Extreme":{"raw":1.0,"perc":1.0}}}