{"Small Group (2-9)":{"raw":8373.0,"perc":32.917911621324109},"Rave / Dance Event":{"raw":338.0,"perc":1.3333333333333335},"Unknown Context":{"raw":2188.0,"perc":8.6043493648983453},"Festival / Lg. Crowd":{"raw":350.0,"perc":1.385644720693614},"Alone":{"raw":7362.0,"perc":28.942092227857056},"Club / Bar":{"raw":269.0,"perc":1.0634512749555247},"Large Group (10+)":{"raw":471.0,"perc":1.8601161091584062},"Various":{"raw":3386.0,"perc":13.325462416371508},"Not Applicable":{"raw":1959.0,"perc":7.7047117124203579},"Group Ceremony":{"raw":87.0,"perc":0.34226366104095363},"Hospital":{"raw":325.0,"perc":1.27826941986234},"School":{"raw":264.0,"perc":1.0450478980286595},"Public Space (Museum, Park, etc)":{"raw":27.0,"perc":0.10642910638968821},"Large Party":{"raw":4.0,"perc":0.017933198834342075},"Military":{"raw":12.0,"perc":0.048301400740621475},"Workplace":{"raw":22.0,"perc":0.09143427122729729}}