{"Mushrooms":{"Male":{"raw":1448.0,"perc":82.554161915621435},"Not-Specified":{"raw":103.0,"perc":5.9675550405561992},"Female":{"raw":204.0,"perc":11.623931623931623}},"MDMA":{"Male":{"raw":823.0,"perc":67.9042904290429},"Not-Specified":{"raw":99.0,"perc":8.2984073763621122},"Female":{"raw":290.0,"perc":23.966942148760332}},"Opiates":{"Male":{"raw":432.0,"perc":80.44692737430168},"Not-Specified":{"raw":36.0,"perc":6.8833652007648185},"Female":{"raw":69.0,"perc":13.068181818181818}},"2C-T-7":{"Male":{"raw":169.0,"perc":82.843137254901961},"Not-Specified":{"raw":18.0,"perc":9.0},"Female":{"raw":17.0,"perc":9.7701149425287355}},"Morning Glory":{"Not-Specified":{"raw":40.0,"perc":9.5011876484560567},"Male":{"raw":369.0,"perc":83.295711060948079},"Female":{"raw":34.0,"perc":7.79816513761468}},"LSD":{"Male":{"raw":948.0,"perc":78.541839270919638},"Not-Specified":{"raw":97.0,"perc":8.42013888888889},"Female":{"raw":165.0,"perc":13.636363636363635}},"Salvia divinorum":{"Not-Specified":{"raw":105.0,"perc":6.8852459016393448},"Male":{"raw":1361.0,"perc":87.467866323907444},"Female":{"raw":90.0,"perc":5.9366754617414248}},"DXM":{"Male":{"raw":450.0,"perc":76.4006791171477},"Not-Specified":{"raw":65.0,"perc":11.206896551724139},"Female":{"raw":74.0,"perc":12.60647359454855}},"Dimenhydrinate":{"Not-Specified":{"raw":21.0,"perc":11.666666666666666},"Male":{"raw":133.0,"perc":73.076923076923066},"Female":{"raw":28.0,"perc":15.469613259668508}},"Cocaine":{"Female":{"raw":127.0,"perc":28.863636363636363},"Not-Specified":{"raw":30.0,"perc":6.9444444444444446},"Male":{"raw":291.0,"perc":64.955357142857139}},"AMT":{"Not-Specified":{"raw":12.0,"perc":6.9767441860465116},"Male":{"raw":202.0,"perc":83.1275720164609},"Female":{"raw":29.0,"perc":12.033195020746888}},"Datura":{"Not-Specified":{"raw":14.0,"perc":8.9171974522293},"Male":{"raw":192.0,"perc":83.842794759825324},"Female":{"raw":23.0,"perc":10.222222222222223}},"Alcohol":{"Male":{"raw":368.0,"perc":80.0},"Not-Specified":{"raw":28.0,"perc":6.0737527114967458},"Female":{"raw":66.0,"perc":14.285714285714285}},"Inhalants":{"Male":{"raw":123.0,"perc":82.5503355704698},"Not-Specified":{"raw":14.0,"perc":9.79020979020979},"Female":{"raw":12.0,"perc":8.2758620689655178}},"GHB":{"Female":{"raw":21.0,"perc":14.893617021276595},"Not-Specified":{"raw":19.0,"perc":13.669064748201439},"Male":{"raw":107.0,"perc":72.789115646258509}},"Nitrous Oxide":{"Male":{"raw":193.0,"perc":77.510040160642575},"Not-Specified":{"raw":27.0,"perc":11.020408163265307},"Female":{"raw":29.0,"perc":12.083333333333334}},"Pharms - Zolpidem":{"Not-Specified":{"raw":10.0,"perc":7.3529411764705888},"Male":{"raw":113.0,"perc":76.870748299319729},"Female":{"raw":24.0,"perc":16.551724137931036}},"Cannabis":{"Not-Specified":{"raw":89.0,"perc":5.5210918114143919},"Male":{"raw":1325.0,"perc":80.59610705596107},"Female":{"raw":230.0,"perc":14.015843997562463}},"Harmala Alkaloids":{"Not-Specified":{"raw":23.0,"perc":8.185053380782918},"Male":{"raw":392.0,"perc":90.740740740740748},"Female":{"raw":17.0,"perc":3.9443155452436192}},"Syrian Rue":{"Not-Specified":{"raw":19.0,"perc":9.2233009708737868},"Male":{"raw":274.0,"perc":90.429042904290426},"Female":{"raw":11.0,"perc":3.6184210526315792}},"Nutmeg":{"Not-Specified":{"raw":29.0,"perc":13.063063063063062},"Male":{"raw":183.0,"perc":76.25},"Female":{"raw":28.0,"perc":12.22707423580786}},"2C-B":{"Male":{"raw":188.0,"perc":81.034482758620683},"Not-Specified":{"raw":13.0,"perc":5.9633027522935782},"Female":{"raw":31.0,"perc":13.478260869565217}},"Heroin":{"Not-Specified":{"raw":9.0,"perc":5.1136363636363642},"Male":{"raw":145.0,"perc":80.110497237569049},"Female":{"raw":27.0,"perc":16.167664670658681}},"Codeine":{"Female":{"raw":15.0,"perc":10.791366906474821},"Not-Specified":{"raw":10.0,"perc":8.19672131147541},"Male":{"raw":118.0,"perc":82.51748251748252}},"DPT":{"Not-Specified":{"raw":4.0,"perc":2.2988505747126435},"Male":{"raw":166.0,"perc":91.208791208791212},"Female":{"raw":12.0,"perc":6.6298342541436464}},"DMT":{"Male":{"raw":294.0,"perc":84.2406876790831},"Female":{"raw":37.0,"perc":10.511363636363637},"Not-Specified":{"raw":21.0,"perc":6.2314540059347179}},"Ketamine":{"Not-Specified":{"raw":18.0,"perc":6.25},"Female":{"raw":42.0,"perc":14.685314685314685},"Male":{"raw":235.0,"perc":79.66101694915254}},"H.B. Woodrose":{"Male":{"raw":257.0,"perc":84.818481848184817},"Not-Specified":{"raw":19.0,"perc":9.4059405940594054},"Female":{"raw":27.0,"perc":9.5070422535211261}},"Amanitas":{"Not-Specified":{"raw":20.0,"perc":10.638297872340425},"Male":{"raw":160.0,"perc":84.656084656084658},"Female":{"raw":9.0,"perc":4.838709677419355}},"5-MeO-DiPT":{"Not-Specified":{"raw":22.0,"perc":8.4942084942084932},"Female":{"raw":32.0,"perc":11.188811188811188},"Male":{"raw":232.0,"perc":82.269503546099287}},"Anadenanthera spp.":{"Not-Specified":{"raw":9.0,"perc":13.846153846153847},"Male":{"raw":97.0,"perc":88.9908256880734},"Female":{"raw":3.0,"perc":3.1578947368421053}},"Cacti":{"Male":{"raw":235.0,"perc":90.038314176245223},"Not-Specified":{"raw":12.0,"perc":4.6153846153846159},"Female":{"raw":14.0,"perc":5.5118110236220472}},"Diphenhydramine":{"Not-Specified":{"raw":8.0,"perc":3.8647342995169081},"Male":{"raw":180.0,"perc":80.0},"Female":{"raw":37.0,"perc":16.894977168949772}},"Methamphetamine":{"Female":{"raw":101.0,"perc":33.779264214046819},"Male":{"raw":187.0,"perc":61.51315789473685},"Not-Specified":{"raw":16.0,"perc":6.3241106719367588}},"Amphetamines":{"Not-Specified":{"raw":16.0,"perc":4.3478260869565215},"Male":{"raw":310.0,"perc":76.5432098765432},"Female":{"raw":79.0,"perc":19.849246231155778}},"Pharmaceuticals":{"Male":{"raw":379.0,"perc":74.0234375},"Not-Specified":{"raw":14.0,"perc":2.75049115913556},"Female":{"raw":119.0,"perc":23.287671232876711}},"Caffeine":{"Female":{"raw":24.0,"perc":13.259668508287293},"Not-Specified":{"raw":18.0,"perc":14.754098360655737},"Male":{"raw":143.0,"perc":77.297297297297291}},"SSRIs":{"Not-Specified":{"raw":7.0,"perc":3.0973451327433628},"Female":{"raw":61.0,"perc":23.282442748091604},"Male":{"raw":196.0,"perc":74.242424242424249}},"Tobacco":{"Not-Specified":{"raw":10.0,"perc":9.5238095238095237},"Male":{"raw":111.0,"perc":86.04651162790698},"Female":{"raw":8.0,"perc":6.2992125984251963}},"Opioids":{"Not-Specified":{"raw":16.0,"perc":3.8554216867469884},"Male":{"raw":416.0,"perc":81.889763779527556},"Female":{"raw":76.0,"perc":15.019762845849801}},"Hydrocodone":{"Not-Specified":{"raw":7.0,"perc":9.45945945945946},"Male":{"raw":137.0,"perc":80.588235294117652},"Female":{"raw":26.0,"perc":16.25}},"5-MeO-DMT":{"Not-Specified":{"raw":18.0,"perc":6.7164179104477615},"Female":{"raw":28.0,"perc":10.181818181818182},"Male":{"raw":254.0,"perc":84.666666666666671}},"Pharms - Methylphenidate":{"Male":{"raw":102.0,"perc":82.926829268292678},"Not-Specified":{"raw":4.0,"perc":4.8192771084337354},"Female":{"raw":17.0,"perc":15.596330275229359}},"Ayahuasca":{"Not-Specified":{"raw":11.0,"perc":6.0109289617486334},"Male":{"raw":161.0,"perc":80.5},"Female":{"raw":28.0,"perc":15.135135135135137}},"Mimosa spp.":{"Not-Specified":{"raw":7.0,"perc":4.9645390070921991},"Male":{"raw":129.0,"perc":90.845070422535215},"Female":{"raw":6.0,"perc":5.1282051282051277}},"Pharms - Oxycodone":{"Not-Specified":{"raw":6.0,"perc":4.6875},"Male":{"raw":175.0,"perc":84.54106280193237},"Female":{"raw":26.0,"perc":13.0}},"2C-T-2":{"Male":{"raw":140.0,"perc":91.503267973856211},"Female":{"raw":9.0,"perc":7.9646017699115044},"Not-Specified":{"raw":4.0,"perc":2.7027027027027026}},"Benzodiazepines":{"Not-Specified":{"raw":8.0,"perc":3.9215686274509802},"Male":{"raw":163.0,"perc":78.365384615384613},"Female":{"raw":37.0,"perc":18.226600985221676}},"Pharms - Alprazolam":{"Not-Specified":{"raw":5.0,"perc":4.2016806722689077},"Male":{"raw":89.0,"perc":73.553719008264466},"Female":{"raw":27.0,"perc":22.5}},"Kava":{"Not-Specified":{"raw":10.0,"perc":6.2111801242236027},"Male":{"raw":144.0,"perc":88.888888888888886},