{"Not-Specified":{"First Times":{"raw":297.0,"perc":11.335877862595419},"General":{"raw":698.0,"perc":26.519756838905771},"Difficult Experiences":{"raw":185.0,"perc":7.0235383447228541},"Nature / Outdoors":{"raw":29.0,"perc":1.1043412033511044},"Glowing Experiences":{"raw":131.0,"perc":5.0057317539166988},"Retrospective / Summary":{"raw":254.0,"perc":9.6358118361153267},"Train Wrecks & Trip Disasters":{"raw":45.0,"perc":1.7605633802816902},"Multi-Day Experience":{"raw":29.0,"perc":1.1253395421032208},"Health Problems":{"raw":142.0,"perc":5.3849070913917334},"Addiction & Habituation":{"raw":98.0,"perc":3.7149355572403335},"Mystical Experiences":{"raw":76.0,"perc":3.0412164865946378},"Preparation / Recipes":{"raw":82.0,"perc":3.3211826650465777},"Overdose":{"raw":51.0,"perc":1.9384264538198404},"Post Trip Problems":{"raw":41.0,"perc":1.5524422567209391},"Bad Trips":{"raw":74.0,"perc":2.804092459264873},"Depression":{"raw":22.0,"perc":0.92631578947368431},"Sex Discussion":{"raw":26.0,"perc":1.0065814943863725},"Entities / Beings":{"raw":73.0,"perc":2.7651515151515151},"What Was in That?":{"raw":24.0,"perc":0.91638029782359687},"Music Discussion":{"raw":26.0,"perc":1.0309278350515463},"Cultivation / Synthesis":{"raw":11.0,"perc":0.58324496288441152},"Guides / Sitters":{"raw":21.0,"perc":0.82840236686390534},"Second Hand Report":{"raw":19.0,"perc":0.749802683504341},"HPPD / Lasting Visuals":{"raw":3.0,"perc":0.19342359767891684},"Poetry":{"raw":9.0,"perc":0.34155597722960152},"Hangover / Days After":{"raw":52.0,"perc":1.9817073170731707},"Health Benefits":{"raw":33.0,"perc":1.2741312741312742},"Families":{"raw":15.0,"perc":0.57295645530939654},"Loss of Magic":{"raw":6.0,"perc":0.23932987634623054},"Medical Use":{"raw":23.0,"perc":0.8876881512929371},"Relationships":{"raw":20.0,"perc":0.79459674215335718},"Therapeutic Intent or Outcome":{"raw":19.0,"perc":0.72161033042157241},"Pregnancy / Baby":{"raw":1.0,"perc":1.0},"Personal Preparation":{"raw":4.0,"perc":0.18115942028985507},"Performance Enhancement":{"raw":2.0,"perc":0.083507306889352817}},"Male":{"General":{"raw":7168.0,"perc":19.835076650617079},"Music Discussion":{"raw":809.0,"perc":2.2427989243436555},"Nature / Outdoors":{"raw":637.0,"perc":1.7636635472617532},"First Times":{"raw":5179.0,"perc":14.33276138816627},"Glowing Experiences":{"raw":2781.0,"perc":7.6974175869799888},"Mystical Experiences":{"raw":1182.0,"perc":3.2765072765072767},"Retrospective / Summary":{"raw":2739.0,"perc":7.5790697030908429},"Addiction & Habituation":{"raw":1014.0,"perc":2.8091755319148937},"Health Problems":{"raw":1434.0,"perc":3.9684516396845164},"Train Wrecks & Trip Disasters":{"raw":616.0,"perc":1.7044354057718381},"Overdose":{"raw":627.0,"perc":1.7363130348093379},"Preparation / Recipes":{"raw":605.0,"perc":1.6878696574043075},"Difficult Experiences":{"raw":2813.0,"perc":7.7864201289893993},"Bad Trips":{"raw":918.0,"perc":2.5571030640668524},"Sex Discussion":{"raw":475.0,"perc":1.3178337587393185},"Guides / Sitters":{"raw":336.0,"perc":0.93315188713305741},"Multi-Day Experience":{"raw":487.0,"perc":1.3493294913000111},"What Was in That?":{"raw":162.0,"perc":0.45101478326234024},"Post Trip Problems":{"raw":642.0,"perc":1.7766216515386319},"Entities / Beings":{"raw":1173.0,"perc":3.2457111234089653},"Hangover / Days After":{"raw":1125.0,"perc":3.1136697019180204},"Cultivation / Synthesis":{"raw":27.0,"perc":0.079097700307602159},"Second Hand Report":{"raw":161.0,"perc":0.45152424488880161},"Health Benefits":{"raw":534.0,"perc":1.4846943031111852},"Depression":{"raw":442.0,"perc":1.223529411764706},"HPPD / Lasting Visuals":{"raw":161.0,"perc":0.44558839809587075},"Families":{"raw":167.0,"perc":0.46516810116709839},"Relationships":{"raw":466.0,"perc":1.2912164034358549},"Poetry":{"raw":59.0,"perc":0.18038400391341566},"Pregnancy / Baby":{"raw":3.0,"perc":0.014308881045502242},"Loss of Magic":{"raw":61.0,"perc":0.17589895902419331},"Personal Preparation":{"raw":168.0,"perc":0.46658890184969171},"Medical Use":{"raw":483.0,"perc":1.336728198599618},"Performance Enhancement":{"raw":102.0,"perc":0.28254064984349464},"Therapeutic Intent or Outcome":{"raw":383.0,"perc":1.060236961576791},"Video":{"raw":2.0,"perc":0.0058380524257107833}},"Female":{"First Times":{"raw":858.0,"perc":12.87515006002401},"Health Problems":{"raw":419.0,"perc":6.2903467947755587},"Post Trip Problems":{"raw":178.0,"perc":2.6730740351404112},"Sex Discussion":{"raw":131.0,"perc":1.9806471121862717},"General":{"raw":890.0,"perc":13.353338334583645},"Addiction & Habituation":{"raw":362.0,"perc":5.4403366396152686},"Retrospective / Summary":{"raw":513.0,"perc":7.706173952230734},"Nature / Outdoors":{"raw":79.0,"perc":1.1958825310323948},"Bad Trips":{"raw":242.0,"perc":3.634725142685491},"Mystical Experiences":{"raw":133.0,"perc":2.0342612419700217},"Train Wrecks & Trip Disasters":{"raw":138.0,"perc":2.0915428917853895},"Difficult Experiences":{"raw":565.0,"perc":8.47457627118644},"Health Benefits":{"raw":110.0,"perc":1.6697024893746206},"Depression":{"raw":151.0,"perc":2.3198648025810416},"Second Hand Report":{"raw":61.0,"perc":0.94617651620908949},"Overdose":{"raw":153.0,"perc":2.2945410917816438},"Glowing Experiences":{"raw":446.0,"perc":6.7037426724785814},"What Was in That?":{"raw":47.0,"perc":0.71222912562509466},"Entities / Beings":{"raw":109.0,"perc":1.6455314009661837},"Multi-Day Experience":{"raw":79.0,"perc":1.1890427453341361},"Music Discussion":{"raw":103.0,"perc":1.5451545154515451},"Preparation / Recipes":{"raw":39.0,"perc":0.58948004836759371},"Families":{"raw":40.0,"perc":0.61078027179722094},"Loss of Magic":{"raw":23.0,"perc":0.40315512708150747},"Guides / Sitters":{"raw":82.0,"perc":1.2717121588089331},"Pregnancy / Baby":{"raw":8.0,"perc":0.14008054631413064},"HPPD / Lasting Visuals":{"raw":16.0,"perc":0.26028957214901582},"Hangover / Days After":{"raw":253.0,"perc":3.8205980066445182},"Relationships":{"raw":143.0,"perc":2.22568093385214},"Cultivation / Synthesis":{"raw":2.0,"perc":0.13531799729364005},"Medical Use":{"raw":163.0,"perc":2.4492862509391435},"Personal Preparation":{"raw":27.0,"perc":0.41284403669724773},"Poetry":{"raw":14.0,"perc":0.22468303643074947},"Therapeutic Intent or Outcome":{"raw":75.0,"perc":1.1290079783230469},"Performance Enhancement":{"raw":16.0,"perc":0.24676125848241826}}}