{"Not-Specified":{"raw":1640.0,"perc":6.7248944109566571},"Male":{"raw":19542.0,"perc":80.119716288795047},"Female":{"raw":3209.0,"perc":13.160808760201782}}