{"Male":{"Mushrooms":{"raw":1448.0,"perc":8.26625563738083},"MDMA":{"raw":823.0,"perc":4.6394948982468005},"Opiates":{"raw":432.0,"perc":2.4874762480566592},"2C-T-7":{"raw":169.0,"perc":0.96450176920442865},"LSD":{"raw":948.0,"perc":5.3507930236496017},"DXM":{"raw":450.0,"perc":2.6718916993231208},"AMT":{"raw":202.0,"perc":1.1390549227472651},"Alcohol":{"raw":368.0,"perc":2.0762807492665312},"Inhalants":{"raw":123.0,"perc":0.7424846070264397},"Nitrous Oxide":{"raw":193.0,"perc":1.1005303073501738},"Cannabis":{"raw":1325.0,"perc":7.466892082276698},"Cocaine":{"raw":291.0,"perc":1.6855885078776647},"2C-B":{"raw":188.0,"perc":1.0608283489448143},"DMT":{"raw":294.0,"perc":1.673687805988842},"H.B. Woodrose":{"raw":257.0,"perc":1.454689534159733},"GHB":{"raw":107.0,"perc":0.60640408047605554},"Salvia divinorum":{"raw":1361.0,"perc":7.6910036166365288},"Ketamine":{"raw":235.0,"perc":1.3252128799413523},"Cacti":{"raw":235.0,"perc":1.3375832432124766},"Morning Glory":{"raw":369.0,"perc":2.0822752666328088},"Amanitas":{"raw":160.0,"perc":0.92160589827774908},"Pharmaceuticals":{"raw":379.0,"perc":2.1379816099734867},"Amphetamines":{"raw":310.0,"perc":1.7470694319206492},"Nutmeg":{"raw":183.0,"perc":1.0742588787789844},"Methamphetamine":{"raw":187.0,"perc":1.0559006211180124},"Dimenhydrinate":{"raw":133.0,"perc":0.837953629032258},"5-MeO-DiPT":{"raw":232.0,"perc":1.4115356534436603},"Codeine":{"raw":118.0,"perc":0.68760561738826409},"Datura":{"raw":192.0,"perc":1.0916534000454856},"Caffeine":{"raw":143.0,"perc":0.80722551510019747},"Heroin":{"raw":145.0,"perc":0.83482065749323509},"Pharms - Methylphenidate":{"raw":102.0,"perc":0.57757644394110985},"DPT":{"raw":166.0,"perc":0.93827718742934652},"2C-T-2":{"raw":140.0,"perc":0.80073209791809652},"Ayahuasca":{"raw":161.0,"perc":0.911406736484574},"Mimosa spp.":{"raw":129.0,"perc":0.74373018160853277},"Harmala Alkaloids":{"raw":392.0,"perc":2.2109419063733782},"Syrian Rue":{"raw":274.0,"perc":1.5797970479704797},"5-MeO-DMT":{"raw":254.0,"perc":1.4357582951783392},"Pharms - Bupropion":{"raw":83.0,"perc":0.48783354884213},"Tobacco":{"raw":111.0,"perc":0.62814781280063381},"Kava":{"raw":144.0,"perc":0.84215451195976376},"Benzodiazepines":{"raw":163.0,"perc":0.91867215239812894},"Pharms - Alprazolam":{"raw":89.0,"perc":0.50200236899994366},"Opioids":{"raw":416.0,"perc":2.3477622890682319},"Diphenhydramine":{"raw":180.0,"perc":1.0347801092267894},"5-MeO-AMT":{"raw":106.0,"perc":0.63671311869293612},"2C-E":{"raw":259.0,"perc":1.4638557621658281},"Pharms - Zolpidem":{"raw":113.0,"perc":0.642593119135627},"Hydrocodone":{"raw":137.0,"perc":0.780849244799088},"Pharms - Tramadol":{"raw":175.0,"perc":1.0013160153344396},"Pharms - Oxycodone":{"raw":175.0,"perc":1.0306242638398115},"SSRIs":{"raw":196.0,"perc":1.1183384685609949},"Pharms - Paroxetine":{"raw":74.0,"perc":0.49491706795077584},"Cannabinoid Receptor Agonists":{"raw":109.0,"perc":0.61439603179076707},"2C-I":{"raw":393.0,"perc":2.2204644330188148},"Anadenanthera spp.":{"raw":97.0,"perc":0.54687940463438012},"Methylone":{"raw":111.0,"perc":0.63118389628113269},"Kratom":{"raw":206.0,"perc":1.1618070046810671},"Modafinil":{"raw":82.0,"perc":0.47207829591249278},"Pharms - Venlafaxine":{"raw":80.0,"perc":0.46945601783932867},"AB-FUBINACA":{"raw":104.0,"perc":0.58631187281542452},"Products - Spice and Synthetic Cannabinoids":{"raw":102.0,"perc":0.58007279344858964},"4-AcO-DMT":{"raw":89.0,"perc":0.50208732934672229},"NBOMe Series":{"raw":214.0,"perc":1.2066535100084579},"Methoxetamine":{"raw":2.0,"perc":0.011915400655347037},"25I-NBOMe":{"raw":117.0,"perc":0.65967523680649531}},"Not-Specified":{"2C-T-7":{"raw":18.0,"perc":1.4563106796116505},"Morning Glory":{"raw":40.0,"perc":3.3195020746887969},"Mushrooms":{"raw":103.0,"perc":8.161648177496037},"Salvia divinorum":{"raw":105.0,"perc":8.440514469453376},"Dimenhydrinate":{"raw":21.0,"perc":1.728395061728395},"AMT":{"raw":12.0,"perc":1.405152224824356},"Datura":{"raw":14.0,"perc":1.2832263978001834},"Inhalants":{"raw":14.0,"perc":1.140994295028525},"Nitrous Oxide":{"raw":27.0,"perc":2.112676056338028},"DXM":{"raw":65.0,"perc":5.241935483870968},"Pharms - Zolpidem":{"raw":10.0,"perc":0.8136696501220505},"Cannabis":{"raw":89.0,"perc":6.7835365853658542},"Harmala Alkaloids":{"raw":23.0,"perc":2.0462633451957295},"Syrian Rue":{"raw":19.0,"perc":1.6888888888888887},"GHB":{"raw":19.0,"perc":1.529790660225443},"Cocaine":{"raw":30.0,"perc":2.4630541871921183},"LSD":{"raw":97.0,"perc":7.7106518282988867},"Nutmeg":{"raw":29.0,"perc":2.5550660792951541},"MDMA":{"raw":99.0,"perc":7.609531129900077},"Opiates":{"raw":36.0,"perc":2.877697841726619},"Heroin":{"raw":9.0,"perc":0.71884984025559107},"DPT":{"raw":4.0,"perc":0.31670625494853522},"Ketamine":{"raw":18.0,"perc":1.4150943396226416},"Amanitas":{"raw":20.0,"perc":1.5337423312883436},"5-MeO-DiPT":{"raw":22.0,"perc":2.1568627450980391},"H.B. Woodrose":{"raw":19.0,"perc":1.725703905540418},"Anadenanthera spp.":{"raw":9.0,"perc":0.81154192966636607},"Diphenhydramine":{"raw":8.0,"perc":0.65573770491803274},"Codeine":{"raw":10.0,"perc":0.85251491901108278},"Amphetamines":{"raw":16.0,"perc":1.2997562956945572},"Methamphetamine":{"raw":16.0,"perc":1.4981273408239701},"Caffeine":{"raw":18.0,"perc":1.7716535433070866},"Pharmaceuticals":{"raw":14.0,"perc":1.06951871657754},"SSRIs":{"raw":7.0,"perc":0.58577405857740583},"Tobacco":{"raw":10.0,"perc":0.84245998315080028},"Opioids":{"raw":16.0,"perc":1.3605442176870748},"Hydrocodone":{"raw":7.0,"perc":0.72239422084623317},"5-MeO-DMT":{"raw":18.0,"perc":1.4863748967795209},"Alcohol":{"raw":28.0,"perc":2.1260440394836748},"2C-B":{"raw":13.0,"perc":0.9976976208749041},"Ayahuasca":{"raw":11.0,"perc":0.88141025641025639},"Mimosa spp.":{"raw":7.0,"perc":0.5573248407643312},"Pharms - Oxycodone":{"raw":6.0,"perc":0.54347826086956519},"Benzodiazepines":{"raw":8.0,"perc":0.60790273556231},"Pharms - Alprazolam":{"raw":5.0,"perc":0.38138825324180015},"Cacti":{"raw":12.0,"perc":0.92165898617511521},"Kava":{"raw":10.0,"perc":0.78864353312302837},"5-MeO-AMT":{"raw":6.0,"perc":0.63424947145877375},"DMT":{"raw":21.0,"perc":1.6457680250783697},"2C-T-2":{"raw":4.0,"perc":0.315955766192733},"Pharms - Tramadol":{"raw":8.0,"perc":0.66500415627597675},"Pharms - Methylphenidate":{"raw":4.0,"perc":0.3656307129798903},"2C-I":{"raw":10.0,"perc":0.89847259658580414},"Pharms - Paroxetine":{"raw":4.0,"perc":0.36798528058877644},"Pharms - Venlafaxine":{"raw":3.0,"perc":0.23529411764705879},"Pharms - Bupropion":{"raw":4.0,"perc":0.34602076124567477},"Kratom":{"raw":9.0,"perc":0.70477682067345337},"Methylone":{"raw":5.0,"perc":0.39651070578905628},"Modafinil":{"raw":4.0,"perc":0.32520325203252032},"2C-E":{"raw":8.0,"perc":0.6116207951070336},"Cannabinoid Receptor Agonists":{"raw":3.0,"perc":0.23734177215189875},"AB-FUBINACA":{"raw":3.0,"perc":0.228310502283105},"Products - Spice and Synthetic Cannabinoids":{"raw":3.0,"perc":0.22813688212927757},"4-AcO-DMT":{"raw":4.0,"perc":0.31520882584712373},"NBOMe Series":{"raw":2.0,"perc":0.15232292460015232},"25I-NBOMe":{"raw":1.0,"perc":1.0}},"Female":{"Cocaine":{"raw":127.0,"perc":4.7159301893798737},"GHB":{"raw":21.0,"perc":0.78917700112739564},"Opiates":{"raw":69.0,"perc":2.5660096690219412},"Codeine":{"raw":15.0,"perc":0.55741360089186176},"Ketamine":{"raw":42.0,"perc":1.5362106803218727},"DXM":{"raw":74.0,"perc":2.7788208787082236},"MDMA":{"raw":290.0,"perc":10.093978419770275},"LSD":{"raw":165.0,"perc":5.7491289198606275},"Mushrooms":{"raw":204.0,"perc":7.1428571428571423},"5-MeO-DiPT":{"raw":32.0,"perc":1.1192724728926198},"Methamphetamine":{"raw":101.0,"perc":4.0223018717642374},"Cannabis":{"raw":230.0,"perc":8.0111459421804252},"Caffeine":{"raw":24.0,"perc":0.87431693989071035},"Nutmeg":{"raw":28.0,"perc":1.2345679012345678},"DMT":{"raw":37.0,"perc":1.2918994413407821},"H.B. Woodrose":{"raw":27.0,"perc":1.1056511056511056},"Amphetamines":{"raw":79.0,"perc":2.8737722808293924},"Datura":{"raw":23.0,"perc":0.86110071134406585},