{"Not-Specified":{"Medium":{"raw":1002.0,"perc":58.459743290548424,"total":1714.0},"Strong":{"raw":351.0,"perc":20.478413068844809,"total":1714.0},"No Effect":{"raw":35.0,"perc":2.0420070011668612,"total":1714.0},"Extreme":{"raw":59.0,"perc":3.4422403733955655,"total":1714.0}},"Male":{"Medium":{"raw":10643.0,"perc":52.563216120110624,"total":20248.0},"Strong":{"raw":5525.0,"perc":27.286645594626631,"total":20248.0},"No Effect":{"raw":272.0,"perc":1.3433425523508493,"total":20248.0},"Extreme":{"raw":1129.0,"perc":5.5758593441327537,"total":20248.0}},"Female":{"Medium":{"raw":1746.0,"perc":51.995235259082783,"total":3358.0},"Strong":{"raw":925.0,"perc":27.546158427635497,"total":3358.0},"Extreme":{"raw":266.0,"perc":7.921381774865992,"total":3358.0},"No Effect":{"raw":37.0,"perc":1.10184633710542,"total":3358.0}}}