{"Not-Specified":{"Drug Testing":{"raw":12.0,"perc":21.428571428571427},"Sleep Deprivation":{"raw":5.0,"perc":8.3333333333333321},"OBE":{"raw":3.0,"perc":5.7692307692307692},"Endogenous":{"raw":2.0,"perc":15.384615384615385},"Ritual":{"raw":1.0,"perc":1.0},"Dreams":{"raw":16.0,"perc":23.52941176470588},"Breathing":{"raw":1.0,"perc":1.0},"Hyperventilation":{"raw":1.0,"perc":1.0},"Meditation":{"raw":7.0,"perc":10.9375},"Yoga / Bodywork":{"raw":2.0,"perc":3.0769230769230771},"Fasting":{"raw":2.0,"perc":4.5454545454545459},"Migraines":{"raw":3.0,"perc":4.838709677419355},"Police / Customs":{"raw":1.0,"perc":1.0},"Conferences":{"raw":10.0,"perc":25.0},"Floatation Tank":{"raw":1.0,"perc":1.0},"Devices":{"raw":1.0,"perc":1.0}},"Male":{"Sleep Deprivation":{"raw":58.0,"perc":6.9295101553166063},"Dreams":{"raw":202.0,"perc":24.047619047619047},"Drug Testing":{"raw":107.0,"perc":13.001215066828674},"Police / Customs":{"raw":117.0,"perc":14.028776978417264},"Meditation":{"raw":81.0,"perc":9.6658711217183768},"OBE":{"raw":51.0,"perc":6.1594202898550732},"Ritual":{"raw":25.0,"perc":3.259452411994785},"Endogenous":{"raw":20.0,"perc":2.4067388688327318},"Breathing":{"raw":24.0,"perc":2.874251497005988},"Hyperventilation":{"raw":10.0,"perc":1.1961722488038278},"Floatation Tank":{"raw":5.0,"perc":0.73964497041420119},"Fasting":{"raw":18.0,"perc":2.1634615384615383},"Guiding":{"raw":3.0,"perc":0.61855670103092786},"Nitrogen Narcosis":{"raw":5.0,"perc":0.94339622641509435},"Yoga / Bodywork":{"raw":30.0,"perc":3.6363636363636362},"Migraines":{"raw":15.0,"perc":1.9083969465648856},"Devices":{"raw":22.0,"perc":3.225806451612903},"Devices - Mind Machine":{"raw":15.0,"perc":2.1961932650073206},"Mindfulness":{"raw":7.0,"perc":0.85574572127139359},"Devices - Magnetic":{"raw":2.0,"perc":1.0471204188481675},"Sweating":{"raw":7.0,"perc":0.922266139657444},"Conferences":{"raw":5.0,"perc":0.62266500622665},"Chanting":{"raw":2.0,"perc":0.24600246002460024},"Humor":{"raw":4.0,"perc":0.58224163027656484},"Music":{"raw":4.0,"perc":0.53908355795148255},"Sound (non-music)":{"raw":1.0,"perc":1.0}},"Female":{"Migraines":{"raw":5.0,"perc":4.9504950495049505},"Yoga / Bodywork":{"raw":9.0,"perc":7.82608695652174},"Meditation":{"raw":10.0,"perc":8.2644628099173563},"Dreams":{"raw":24.0,"perc":20.0},"Police / Customs":{"raw":17.0,"perc":14.285714285714285},"Drug Testing":{"raw":18.0,"perc":16.822429906542055},"Ritual":{"raw":6.0,"perc":6.4516129032258061},"Fasting":{"raw":3.0,"perc":3.5714285714285712},"Sleep Deprivation":{"raw":6.0,"perc":5.6603773584905666},"OBE":{"raw":4.0,"perc":4.3478260869565215},"Sweating":{"raw":1.0,"perc":1.0},"Guiding":{"raw":1.0,"perc":1.0},"Devices":{"raw":5.0,"perc":5.3191489361702127},"Devices - Mind Machine":{"raw":3.0,"perc":3.1578947368421053},"Conferences":{"raw":2.0,"perc":2.73972602739726},"Breathing":{"raw":2.0,"perc":2.2727272727272729},"Endogenous":{"raw":2.0,"perc":2.0408163265306123},"Floatation Tank":{"raw":1.0,"perc":1.0},"Mindfulness":{"raw":2.0,"perc":1.7094017094017095}}}