{"Not-Specified":{"raw":1713.0,"perc":6.7675410872313533},"Male":{"raw":20247.0,"perc":79.973930560492946},"Female":{"raw":3357.0,"perc":13.264580369843529}}