{"Male":{"Medium":{"raw":8887.0,"perc":59.67232928221312},"Strong":{"raw":4827.0,"perc":32.415553018601841},"No Effect":{"raw":156.0,"perc":1.0568389675496239},"Extreme":{"raw":1023.0,"perc":6.8736141906873618}},"Not-Specified":{"Medium":{"raw":779.0,"perc":68.634361233480178},"Strong":{"raw":289.0,"perc":25.643300798580306},"No Effect":{"raw":22.0,"perc":2.0715630885122414},"Extreme":{"raw":45.0,"perc":3.9717563989408649}},"Female":{"Strong":{"raw":766.0,"perc":32.8755364806867},"Medium":{"raw":1339.0,"perc":57.49248604551309},"Extreme":{"raw":212.0,"perc":9.1182795698924739},"No Effect":{"raw":13.0,"perc":0.57268722466960353}}}