{"Not-Specified":{"Small Group (2-9)":{"raw":471.0,"perc":29.904761904761905},"Festival / Lg. Crowd":{"raw":33.0,"perc":2.1181001283697047},"Rave / Dance Event":{"raw":31.0,"perc":2.0448548812664908},"Club / Bar":{"raw":24.0,"perc":1.5883520847121111},"Large Group (10+)":{"raw":56.0,"perc":3.7184594953519259},"Various":{"raw":234.0,"perc":14.847715736040609},"Unknown Context":{"raw":223.0,"perc":14.185750636132315},"Alone":{"raw":371.0,"perc":23.525681674064678},"Not Applicable":{"raw":113.0,"perc":7.3044602456367169},"School":{"raw":8.0,"perc":0.52117263843648209},"Group Ceremony":{"raw":5.0,"perc":0.350140056022409},"Hospital":{"raw":7.0,"perc":0.53846153846153844},"Workplace":{"raw":1.0,"perc":1.0}},"Male":{"Rave / Dance Event":{"raw":213.0,"perc":1.0987310430207367},"Small Group (2-9)":{"raw":6476.0,"perc":33.290495039325549},"Alone":{"raw":6164.0,"perc":31.685000514033103},"Various":{"raw":2522.0,"perc":12.978592013174145},"Club / Bar":{"raw":183.0,"perc":0.946029776674938},"Large Group (10+)":{"raw":327.0,"perc":1.6886134779240898},"Not Applicable":{"raw":1314.0,"perc":6.7571737118173409},"Unknown Context":{"raw":1474.0,"perc":7.5791855203619907},"Festival / Lg. Crowd":{"raw":252.0,"perc":1.3048205871692642},"Hospital":{"raw":227.0,"perc":1.1673952172795063},"Group Ceremony":{"raw":61.0,"perc":0.31378600823045266},"School":{"raw":206.0,"perc":1.0664733899358045},"Military":{"raw":12.0,"perc":0.063167868610833289},"Workplace":{"raw":19.0,"perc":0.10330578512396695},"Large Party":{"raw":4.0,"perc":0.023454907939486336}},"Female":{"Small Group (2-9)":{"raw":1181.0,"perc":37.2790404040404},"Large Group (10+)":{"raw":70.0,"perc":2.2661055357720947},"Not Applicable":{"raw":323.0,"perc":10.21505376344086},"Rave / Dance Event":{"raw":86.0,"perc":2.7768808524378432},"Various":{"raw":515.0,"perc":16.328471781864298},"Unknown Context":{"raw":196.0,"perc":6.1888222292390269},"Alone":{"raw":576.0,"perc":18.176080782581256},"Festival / Lg. Crowd":{"raw":54.0,"perc":1.7827665896335425},"Club / Bar":{"raw":49.0,"perc":1.5826873385012918},"School":{"raw":35.0,"perc":1.2319605772615276},"Hospital":{"raw":60.0,"perc":1.9474196689386565},"Group Ceremony":{"raw":20.0,"perc":0.63471913678197389},"Large Party":{"raw":1.0,"perc":1.0},"Workplace":{"raw":3.0,"perc":0.11307953260459858}}}