{"Male":{"General":{"Medium":{"raw":3569.0,"perc":64.985433357611072},"Strong":{"raw":1674.0,"perc":30.491803278688522},"Extreme":{"raw":166.0,"perc":3.0275396680649278},"No Effect":{"raw":83.0,"perc":1.532213402252169}},"Music Discussion":{"Medium":{"raw":488.0,"perc":63.459037711313393},"Strong":{"raw":252.0,"perc":32.898172323759788},"Extreme":{"raw":29.0,"perc":4.0559440559440558}},"Nature / Outdoors":{"Medium":{"raw":375.0,"perc":64.212328767123282},"Strong":{"raw":193.0,"perc":32.991452991452988},"Extreme":{"raw":15.0,"perc":3.0991735537190084},"No Effect":{"raw":2.0,"perc":0.56818181818181823}},"First Times":{"Medium":{"raw":2642.0,"perc":63.724071394114809},"Strong":{"raw":1284.0,"perc":30.984555984555982},"Extreme":{"raw":187.0,"perc":4.5267489711934159},"No Effect":{"raw":33.0,"perc":0.8293541090726313}},"Glowing Experiences":{"Strong":{"raw":829.0,"perc":34.1996699669967},"Medium":{"raw":1535.0,"perc":63.272877164056062},"Extreme":{"raw":62.0,"perc":2.5567010309278349}},"Mystical Experiences":{"Strong":{"raw":610.0,"perc":54.415700267618192},"Medium":{"raw":381.0,"perc":34.017857142857146},"Extreme":{"raw":132.0,"perc":11.754229741763135}},"Health Problems":{"Medium":{"raw":536.0,"perc":47.058823529411761},"Strong":{"raw":375.0,"perc":33.039647577092509},"Extreme":{"raw":225.0,"perc":19.77152899824253},"No Effect":{"raw":3.0,"perc":0.36719706242350064}},"Train Wrecks & Trip Disasters":{"Medium":{"raw":132.0,"perc":24.399260628465804},"Extreme":{"raw":260.0,"perc":47.794117647058826},"Strong":{"raw":148.0,"perc":27.509293680297397},"No Effect":{"raw":4.0,"perc":0.79051383399209485}},"Retrospective / Summary":{"Medium":{"raw":1464.0,"perc":74.846625766871171},"No Effect":{"raw":26.0,"perc":1.4023732470334414},"Extreme":{"raw":55.0,"perc":2.9681597409606044},"Strong":{"raw":411.0,"perc":21.044546850998465}},"Addiction & Habituation":{"Medium":{"raw":492.0,"perc":65.775401069518708},"Strong":{"raw":200.0,"perc":26.809651474530831},"Extreme":{"raw":52.0,"perc":6.97986577181208},"No Effect":{"raw":4.0,"perc":0.67340067340067333}},"Overdose":{"Strong":{"raw":214.0,"perc":40.301318267419958},"Medium":{"raw":109.0,"perc":20.683111954459203},"Extreme":{"raw":211.0,"perc":39.513108614232209}},"Preparation / Recipes":{"No Effect":{"raw":14.0,"perc":2.88659793814433},"Medium":{"raw":417.0,"perc":75.270758122743686},"Strong":{"raw":111.0,"perc":20.21857923497268},"Extreme":{"raw":12.0,"perc":2.18978102189781}},"Difficult Experiences":{"Medium":{"raw":802.0,"perc":32.548701298701296},"Extreme":{"raw":356.0,"perc":14.453917986195696},"Strong":{"raw":1304.0,"perc":53.008130081300806},"No Effect":{"raw":2.0,"perc":0.12531328320802004}},"Sex Discussion":{"Medium":{"raw":287.0,"perc":74.934725848563971},"Strong":{"raw":86.0,"perc":23.822714681440445},"Extreme":{"raw":10.0,"perc":2.8328611898017}},"Bad Trips":{"Medium":{"raw":182.0,"perc":21.692491060786651},"Extreme":{"raw":227.0,"perc":26.991676575505352},"Strong":{"raw":432.0,"perc":51.551312649164686}},"Guides / Sitters":{"Extreme":{"raw":58.0,"perc":18.296529968454259},"Strong":{"raw":158.0,"perc":50.0},"Medium":{"raw":102.0,"perc":32.075471698113205}},"Multi-Day Experience":{"Medium":{"raw":205.0,"perc":47.126436781609193},"Strong":{"raw":159.0,"perc":36.890951276102093},"Extreme":{"raw":67.0,"perc":15.43778801843318},"No Effect":{"raw":4.0,"perc":0.93023255813953487}},"What Was in That?":{"Strong":{"raw":50.0,"perc":45.045045045045043},"Medium":{"raw":52.0,"perc":45.614035087719294},"No Effect":{"raw":2.0,"perc":4.0816326530612246},"Extreme":{"raw":10.0,"perc":12.658227848101266}},"Post Trip Problems":{"Medium":{"raw":223.0,"perc":40.035906642728904},"Extreme":{"raw":136.0,"perc":24.372759856630825},"Strong":{"raw":201.0,"perc":35.828877005347593},"No Effect":{"raw":1.0,"perc":1.0}},"Entities / Beings":{"Strong":{"raw":588.0,"perc":54.901960784313729},"Medium":{"raw":340.0,"perc":31.627906976744185},"Extreme":{"raw":148.0,"perc":13.754646840148698}},"Hangover / Days After":{"Medium":{"raw":521.0,"perc":52.414486921529182},"Strong":{"raw":380.0,"perc":38.306451612903224},"Extreme":{"raw":93.0,"perc":9.4608341810783312}},"Cultivation / Synthesis":{"Medium":{"raw":16.0,"perc":80.0},"Strong":{"raw":3.0,"perc":18.75},"Extreme":{"raw":1.0,"perc":1.0}},"Second Hand Report":{"Medium":{"raw":50.0,"perc":38.167938931297712},"No Effect":{"raw":2.0,"perc":14.285714285714285},"Extreme":{"raw":45.0,"perc":35.714285714285715},"Strong":{"raw":34.0,"perc":26.153846153846157}},"Health Benefits":{"Medium":{"raw":291.0,"perc":81.5126050420168},"Strong":{"raw":60.0,"perc":17.341040462427745},"No Effect":{"raw":2.0,"perc":0.61919504643962853},"Extreme":{"raw":4.0,"perc":1.3201320132013201}},"Depression":{"Medium":{"raw":204.0,"perc":57.464788732394368},"Strong":{"raw":122.0,"perc":34.560906515580733},"Extreme":{"raw":28.0,"perc":8.2595870206489668},"No Effect":{"raw":1.0,"perc":1.0}},"HPPD / Lasting Visuals":{"Strong":{"raw":51.0,"perc":39.84375},"Medium":{"raw":57.0,"perc":43.846153846153847},"Extreme":{"raw":23.0,"perc":17.557251908396946}},"Families":{"Medium":{"raw":63.0,"perc":44.05594405594406},"Strong":{"raw":57.0,"perc":39.310344827586206},"Extreme":{"raw":25.0,"perc":18.115942028985508}},"Relationships":{"Medium":{"raw":249.0,"perc":54.366812227074234},"Strong":{"raw":172.0,"perc":37.472766884531588},"Extreme":{"raw":38.0,"perc":9.5477386934673358}},"Pregnancy / Baby":{"Medium":{"raw":1.0,"perc":1.0},"Strong":{"raw":1.0,"perc":1.0},"Extreme":{"raw":1.0,"perc":1.0}},"Personal Preparation":{"Strong":{"raw":58.0,"perc":39.455782312925166},"Medium":{"raw":80.0,"perc":55.172413793103445},"Extreme":{"raw":8.0,"perc":5.8394160583941606},"No Effect":{"raw":1.0,"perc":1.0}},"Loss of Magic":{"Strong":{"raw":9.0,"perc":18.75},"Medium":{"raw":37.0,"perc":78.723404255319153},"Extreme":{"raw":2.0,"perc":5.4054054054054053}},"Poetry":{"Medium":{"raw":27.0,"perc":64.285714285714292},"Strong":{"raw":12.0,"perc":31.578947368421051},"Extreme":{"raw":3.0,"perc":10.0}},"Medical Use":{"Medium":{"raw":228.0,"perc":73.7864077669903},"Strong":{"raw":59.0,"perc":19.218241042345277},"No Effect":{"raw":7.0,"perc":2.4390243902439024},"Extreme":{"raw":15.0,"perc":4.8701298701298708}},"Performance Enhancement":{"Strong":{"raw":8.0,"perc":18.6046511627907},"Medium":{"raw":45.0,"perc":78.94736842105263},"Extreme":{"raw":3.0,"perc":7.1428571428571423},"No Effect":{"raw":1.0,"perc":1.0}},"Therapeutic Intent or Outcome":{"Medium":{"raw":158.0,"perc":57.45454545454546},"Strong":{"raw":98.0,"perc":35.766423357664237},"Extreme":{"raw":19.0,"perc":7.4509803921568629}},"Video":{"Medium":{"raw":1.0,"perc":1.0},"Strong":{"raw":1.0,"perc":1.0}}},"Not-Specified":{"General":{"Medium":{"raw":321.0,"perc":70.39473684210526},"Strong":{"raw":115.0,"perc":25.386313465783665},"No Effect":{"raw":13.0,"perc":3.4946236559139781},"Extreme":{"raw":7.0,"perc":1.7994858611825193}},"First Times":{"Strong":{"raw":59.0,"perc":28.502415458937197},"Medium":{"raw":148.0,"perc":69.811320754716974},"Extreme":{"raw":5.0,"perc":2.7777777777777777}},"Difficult Experiences":{"Strong":{"raw":71.0,"perc":46.710526315789473},"Medium":{"raw":70.0,"perc":46.357615894039732},"Extreme":{"raw":11.0,"perc":7.8014184397163122}},"Nature / Outdoors":{"Strong":{"raw":7.0,"perc":33.333333333333329},"Medium":{"raw":14.0,"perc":63.636363636363633},"Extreme":{"raw":1.0,"perc":1.0}},"Post Trip Problems":{"Strong":{"raw":9.0,"perc":29.032258064516132},"Medium":{"raw":17.0,"perc":51.515151515151516},"Extreme":{"raw":7.0,"perc":23.333333333333332}},"Multi-Day Experience":{"Medium":{"raw":11.0,"perc":45.833333333333329},"Strong":{"raw":11.0,"perc":47.826086956521742},"Extreme":{"raw":2.0,"perc":10.526315789473683}},"Retrospective / Summary":{"Medium":{"raw":157.0,"perc":85.792349726775953},"Strong":{"raw":23.0,"perc":13.142857142857142},"Extreme":{"raw":3.0,"perc":2.3255813953488373}},"Health Problems":{"Medium":{"raw":66.0,"perc":60.550458715596335},"Extreme":{"raw":14.0,"perc":13.20754716981132},