{"Male":{"Medium":{"raw":10255.0,"perc":60.234948604992653},"Strong":{"raw":5395.0,"perc":31.696140062276012},"No Effect":{"raw":270.0,"perc":1.5992418409050524},"Extreme":{"raw":1105.0,"perc":6.496178718400941}},"Not-Specified":{"Medium":{"raw":939.0,"perc":68.640350877192986},"Strong":{"raw":346.0,"perc":25.255474452554743},"No Effect":{"raw":35.0,"perc":2.8157683024939661},"Extreme":{"raw":51.0,"perc":3.7199124726477026}},"Female":{"Medium":{"raw":1643.0,"perc":58.283079106065983},"Strong":{"raw":906.0,"perc":32.150461320085164},"Extreme":{"raw":234.0,"perc":8.2978723404255312},"No Effect":{"raw":37.0,"perc":1.3157894736842104}}}