{"Strong":{"Not-Specified":{"Drug Testing":{"raw":1.0,"perc":11.111111111111111,"total":9.0},"Sleep Deprivation":{"raw":2.0,"perc":22.222222222222221,"total":9.0},"Ritual":{"raw":1.0,"perc":11.111111111111111,"total":9.0},"Police / Customs":{"raw":1.0,"perc":11.111111111111111,"total":9.0},"OBE":{"raw":2.0,"perc":22.222222222222221,"total":9.0},"Conferences":{"raw":1.0,"perc":11.111111111111111,"total":9.0},"Devices":{"raw":1.0,"perc":11.111111111111111,"total":9.0}},"Male":{"Dreams":{"raw":28.0,"perc":14.583333333333334,"total":192.0},"Police / Customs":{"raw":23.0,"perc":11.979166666666668,"total":192.0},"Sleep Deprivation":{"raw":24.0,"perc":12.5,"total":192.0},"Ritual":{"raw":8.0,"perc":4.1666666666666661,"total":192.0},"Yoga / Bodywork":{"raw":10.0,"perc":5.2083333333333339,"total":192.0},"Breathing":{"raw":9.0,"perc":4.6875,"total":192.0},"Hyperventilation":{"raw":3.0,"perc":1.5625,"total":192.0},"OBE":{"raw":22.0,"perc":11.458333333333332,"total":192.0},"Meditation":{"raw":24.0,"perc":12.5,"total":192.0},"Drug Testing":{"raw":5.0,"perc":2.604166666666667,"total":192.0},"Devices":{"raw":6.0,"perc":3.125,"total":192.0},"Devices - Mind Machine":{"raw":5.0,"perc":2.604166666666667,"total":192.0},"Fasting":{"raw":5.0,"perc":2.604166666666667,"total":192.0},"Sweating":{"raw":3.0,"perc":1.5625,"total":192.0},"Endogenous":{"raw":5.0,"perc":2.604166666666667,"total":192.0},"Chanting":{"raw":1.0,"perc":0.52083333333333326,"total":192.0},"Floatation Tank":{"raw":1.0,"perc":0.52083333333333326,"total":192.0},"Migraines":{"raw":4.0,"perc":2.083333333333333,"total":192.0},"Humor":{"raw":2.0,"perc":1.0416666666666665,"total":192.0},"Nitrogen Narcosis":{"raw":1.0,"perc":0.52083333333333326,"total":192.0},"Music":{"raw":1.0,"perc":0.52083333333333326,"total":192.0},"Conferences":{"raw":1.0,"perc":0.52083333333333326,"total":192.0},"Mindfulness":{"raw":1.0,"perc":0.52083333333333326,"total":192.0}},"Female":{"Police / Customs":{"raw":6.0,"perc":22.222222222222221,"total":27.0},"Yoga / Bodywork":{"raw":3.0,"perc":11.111111111111111,"total":27.0},"Dreams":{"raw":3.0,"perc":11.111111111111111,"total":27.0},"Ritual":{"raw":3.0,"perc":11.111111111111111,"total":27.0},"Drug Testing":{"raw":1.0,"perc":3.7037037037037033,"total":27.0},"Migraines":{"raw":2.0,"perc":7.4074074074074066,"total":27.0},"Conferences":{"raw":2.0,"perc":7.4074074074074066,"total":27.0},"Sleep Deprivation":{"raw":1.0,"perc":3.7037037037037033,"total":27.0},"Meditation":{"raw":2.0,"perc":7.4074074074074066,"total":27.0},"Breathing":{"raw":1.0,"perc":3.7037037037037033,"total":27.0},"Endogenous":{"raw":1.0,"perc":3.7037037037037033,"total":27.0},"OBE":{"raw":1.0,"perc":3.7037037037037033,"total":27.0},"Mindfulness":{"raw":1.0,"perc":3.7037037037037033,"total":27.0}}},"Medium":{"Male":{"Sleep Deprivation":{"raw":24.0,"perc":6.0606060606060606,"total":396.0},"Drug Testing":{"raw":65.0,"perc":16.414141414141415,"total":396.0},"Police / Customs":{"raw":49.0,"perc":12.373737373737374,"total":396.0},"Meditation":{"raw":41.0,"perc":10.353535353535353,"total":396.0},"OBE":{"raw":17.0,"perc":4.2929292929292924,"total":396.0},"Ritual":{"raw":15.0,"perc":3.7878787878787881,"total":396.0},"Breathing":{"raw":13.0,"perc":3.2828282828282833,"total":396.0},"Hyperventilation":{"raw":6.0,"perc":1.5151515151515151,"total":396.0},"Endogenous":{"raw":10.0,"perc":2.5252525252525251,"total":396.0},"Dreams":{"raw":79.0,"perc":19.949494949494952,"total":396.0},"Fasting":{"raw":10.0,"perc":2.5252525252525251,"total":396.0},"Guiding":{"raw":2.0,"perc":0.50505050505050508,"total":396.0},"Nitrogen Narcosis":{"raw":2.0,"perc":0.50505050505050508,"total":396.0},"Yoga / Bodywork":{"raw":15.0,"perc":3.7878787878787881,"total":396.0},"Floatation Tank":{"raw":3.0,"perc":0.75757575757575757,"total":396.0},"Migraines":{"raw":9.0,"perc":2.2727272727272729,"total":396.0},"Devices":{"raw":13.0,"perc":3.2828282828282833,"total":396.0},"Devices - Mind Machine":{"raw":9.0,"perc":2.2727272727272729,"total":396.0},"Mindfulness":{"raw":4.0,"perc":1.0101010101010102,"total":396.0},"Conferences":{"raw":2.0,"perc":0.50505050505050508,"total":396.0},"Humor":{"raw":1.0,"perc":0.25252525252525254,"total":396.0},"Sweating":{"raw":3.0,"perc":0.75757575757575757,"total":396.0},"Music":{"raw":3.0,"perc":0.75757575757575757,"total":396.0},"Chanting":{"raw":1.0,"perc":0.25252525252525254,"total":396.0}},"Not-Specified":{"Endogenous":{"raw":2.0,"perc":5.1282051282051277,"total":39.0},"Drug Testing":{"raw":8.0,"perc":20.512820512820511,"total":39.0},"Breathing":{"raw":1.0,"perc":2.5641025641025639,"total":39.0},"Hyperventilation":{"raw":1.0,"perc":2.5641025641025639,"total":39.0},"OBE":{"raw":1.0,"perc":2.5641025641025639,"total":39.0},"Dreams":{"raw":5.0,"perc":12.820512820512819,"total":39.0},"Meditation":{"raw":5.0,"perc":12.820512820512819,"total":39.0},"Yoga / Bodywork":{"raw":2.0,"perc":5.1282051282051277,"total":39.0},"Fasting":{"raw":1.0,"perc":2.5641025641025639,"total":39.0},"Migraines":{"raw":3.0,"perc":7.6923076923076925,"total":39.0},"Police / Customs":{"raw":1.0,"perc":2.5641025641025639,"total":39.0},"Conferences":{"raw":7.0,"perc":17.948717948717949,"total":39.0},"Floatation Tank":{"raw":1.0,"perc":2.5641025641025639,"total":39.0},"Sleep Deprivation":{"raw":1.0,"perc":2.5641025641025639,"total":39.0}},"Female":{"Migraines":{"raw":2.0,"perc":3.7735849056603774,"total":53.0},"Drug Testing":{"raw":9.0,"perc":16.9811320754717,"total":53.0},"Police / Customs":{"raw":9.0,"perc":16.9811320754717,"total":53.0},"Dreams":{"raw":10.0,"perc":18.867924528301888,"total":53.0},"Sweating":{"raw":1.0,"perc":1.8867924528301887,"total":53.0},"Meditation":{"raw":5.0,"perc":9.433962264150944,"total":53.0},"Guiding":{"raw":1.0,"perc":1.8867924528301887,"total":53.0},"OBE":{"raw":1.0,"perc":1.8867924528301887,"total":53.0},"Devices":{"raw":3.0,"perc":5.6603773584905666,"total":53.0},"Devices - Mind Machine":{"raw":2.0,"perc":3.7735849056603774,"total":53.0},"Sleep Deprivation":{"raw":3.0,"perc":5.6603773584905666,"total":53.0},"Ritual":{"raw":1.0,"perc":1.8867924528301887,"total":53.0},"Fasting":{"raw":1.0,"perc":1.8867924528301887,"total":53.0},"Endogenous":{"raw":1.0,"perc":1.8867924528301887,"total":53.0},"Yoga / Bodywork":{"raw":3.0,"perc":5.6603773584905666,"total":53.0},"Mindfulness":{"raw":1.0,"perc":1.8867924528301887,"total":53.0}}},"Extreme":{"Male":{"OBE":{"raw":9.0,"perc":15.254237288135593,"total":59.0},"Endogenous":{"raw":3.0,"perc":5.0847457627118651,"total":59.0},"Police / Customs":{"raw":27.0,"perc":45.762711864406782,"total":59.0},"Drug Testing":{"raw":2.0,"perc":3.3898305084745761,"total":59.0},"Devices":{"raw":1.0,"perc":1.6949152542372881,"total":59.0},"Sleep Deprivation":{"raw":4.0,"perc":6.7796610169491522,"total":59.0},"Conferences":{"raw":1.0,"perc":1.6949152542372881,"total":59.0},"Meditation":{"raw":3.0,"perc":5.0847457627118651,"total":59.0},"Dreams":{"raw":2.0,"perc":3.3898305084745761,"total":59.0},"Music":{"raw":1.0,"perc":1.6949152542372881,"total":59.0},"Humor":{"raw":1.0,"perc":1.6949152542372881,"total":59.0},"Mindfulness":{"raw":2.0,"perc":3.3898305084745761,"total":59.0},"Fasting":{"raw":1.0,"perc":1.6949152542372881,"total":59.0},"Breathing":{"raw":1.0,"perc":1.6949152542372881,"total":59.0},"Sound (non-music)":{"raw":1.0,"perc":1.6949152542372881,"total":59.0}},"Female":{"Dreams":{"raw":1.0,"perc":11.111111111111111,"total":9.0},"Police / Customs":{"raw":2.0,"perc":22.222222222222221,"total":9.0},"OBE":{"raw":2.0,"perc":22.222222222222221,"total":9.0},"Drug Testing":{"raw":2.0,"perc":22.222222222222221,"total":9.0},"Sleep Deprivation":{"raw":2.0,"perc":22.222222222222221,"total":9.0}},"Not-Specified":{"Sleep Deprivation":{"raw":1.0,"perc":100.0,"total":1.0}}},"No Effect":{"Male":{"Drug Testing":{"raw":26.0,"perc":63.414634146341463,"total":41.0},"Police / Customs":{"raw":7.0,"perc":17.073170731707318,"total":41.0},"Dreams":{"raw":6.0,"perc":14.634146341463413,"total":41.0},"Devices":{"raw":1.0,"perc":2.4390243902439024,