{"Strong":{"Drug Testing":{"raw":7.0,"perc":4.8275862068965516},"Sleep Deprivation":{"raw":27.0,"perc":12.616822429906541},"Dreams":{"raw":31.0,"perc":13.839285714285715},"Police / Customs":{"raw":28.0,"perc":12.556053811659194},"Ritual":{"raw":12.0,"perc":5.8536585365853666},"Yoga / Bodywork":{"raw":13.0,"perc":6.0185185185185182},"Breathing":{"raw":10.0,"perc":4.9019607843137258},"Hyperventilation":{"raw":3.0,"perc":1.7964071856287425},"OBE":{"raw":25.0,"perc":11.312217194570136},"Meditation":{"raw":25.0,"perc":11.415525114155251},"Devices":{"raw":7.0,"perc":4.2424242424242431},"Devices - Mind Machine":{"raw":5.0,"perc":5.2083333333333339},"Fasting":{"raw":5.0,"perc":2.604166666666667},"Sweating":{"raw":3.0,"perc":1.6216216216216217},"Endogenous":{"raw":6.0,"perc":3.5294117647058822},"Chanting":{"raw":1.0,"perc":1.0},"Floatation Tank":{"raw":1.0,"perc":1.0},"Migraines":{"raw":6.0,"perc":3.0927835051546393},"Conferences":{"raw":4.0,"perc":1.8779342723004695},"Humor":{"raw":1.0,"perc":1.0},"Nitrogen Narcosis":{"raw":1.0,"perc":1.0},"Music":{"raw":1.0,"perc":1.0},"Mindfulness":{"raw":2.0,"perc":0.90090090090090091}},"Medium":{"Sleep Deprivation":{"raw":27.0,"perc":5.9080962800875279},"Endogenous":{"raw":13.0,"perc":2.8761061946902653},"Drug Testing":{"raw":71.0,"perc":17.191283292978206},"Police / Customs":{"raw":56.0,"perc":12.993039443155451},"Meditation":{"raw":50.0,"perc":10.91703056768559},"OBE":{"raw":18.0,"perc":4.0178571428571432},"Ritual":{"raw":16.0,"perc":4.0506329113924053},"Breathing":{"raw":12.0,"perc":2.6373626373626373},"Hyperventilation":{"raw":6.0,"perc":1.3157894736842104},"Migraines":{"raw":13.0,"perc":3.0092592592592591},"Dreams":{"raw":90.0,"perc":19.565217391304348},"Fasting":{"raw":11.0,"perc":2.4282560706401766},"Guiding":{"raw":3.0,"perc":1.1857707509881421},"Nitrogen Narcosis":{"raw":2.0,"perc":0.88888888888888884},"Yoga / Bodywork":{"raw":20.0,"perc":4.5558086560364464},"Floatation Tank":{"raw":4.0,"perc":1.1461318051575931},"Devices":{"raw":15.0,"perc":4.2492917847025495},"Devices - Mind Machine":{"raw":11.0,"perc":3.1073446327683616},"Mindfulness":{"raw":5.0,"perc":1.1261261261261262},"Sweating":{"raw":4.0,"perc":1.0050251256281406},"Conferences":{"raw":9.0,"perc":3.6734693877551026},"Humor":{"raw":1.0,"perc":1.0},"Music":{"raw":2.0,"perc":0.516795865633075},"Chanting":{"raw":1.0,"perc":1.0}},"Extreme":{"OBE":{"raw":11.0,"perc":19.298245614035086},"Endogenous":{"raw":3.0,"perc":5.1724137931034484},"Police / Customs":{"raw":30.0,"perc":44.776119402985074},"Dreams":{"raw":3.0,"perc":4.3478260869565215},"Drug Testing":{"raw":4.0,"perc":7.4074074074074066},"Devices":{"raw":1.0,"perc":1.0},"Sleep Deprivation":{"raw":6.0,"perc":9.2307692307692317},"Conferences":{"raw":1.0,"perc":1.0},"Meditation":{"raw":3.0,"perc":6.25},"Music":{"raw":1.0,"perc":1.0},"Humor":{"raw":1.0,"perc":1.0},"Mindfulness":{"raw":2.0,"perc":3.3898305084745761},"Fasting":{"raw":1.0,"perc":1.0},"Breathing":{"raw":1.0,"perc":1.0},"Sound (non-music)":{"raw":1.0,"perc":1.0}},"No Effect":{"Drug Testing":{"raw":34.0,"perc":65.384615384615387},"Yoga / Bodywork":{"raw":1.0,"perc":1.0},"Police / Customs":{"raw":7.0,"perc":13.725490196078432},"Dreams":{"raw":6.0,"perc":12.5},"Devices":{"raw":1.0,"perc":1.0},"Devices - Magnetic":{"raw":1.0,"perc":1.0},"Conferences":{"raw":2.0,"perc":5.5555555555555554}}}