{"Medium":{"raw":13390.0,"perc":60.656851642129105},"Strong":{"raw":6800.0,"perc":30.812451855543976},"No Effect":{"raw":343.0,"perc":1.5549208939661816},"Extreme":{"raw":1542.0,"perc":6.9862268938021028}}