{"Medium":{"First Times":{"raw":3629.0,"perc":27.100291240385332,"total":13391.0},"General":{"raw":5195.0,"perc":38.794712866850872,"total":13391.0},"Music Discussion":{"raw":598.0,"perc":4.4656859084459715,"total":13391.0},"Nature / Outdoors":{"raw":481.0,"perc":3.5919647524456728,"total":13391.0},"Glowing Experiences":{"raw":2089.0,"perc":15.600029870808751,"total":13391.0},"Retrospective / Summary":{"raw":2258.0,"perc":16.86207154058696,"total":13391.0},"Addiction & Habituation":{"raw":956.0,"perc":7.1391232917631244,"total":13391.0},"Health Problems":{"raw":972.0,"perc":7.2586065267717119,"total":13391.0},"Train Wrecks & Trip Disasters":{"raw":209.0,"perc":1.5607497572996789,"total":13391.0},"Multi-Day Experience":{"raw":265.0,"perc":1.9789410798297362,"total":13391.0},"Sex Discussion":{"raw":418.0,"perc":3.1214995145993578,"total":13391.0},"Post Trip Problems":{"raw":393.0,"perc":2.934806959898439,"total":13391.0},"Difficult Experiences":{"raw":1206.0,"perc":9.00604883877231,"total":13391.0},"Overdose":{"raw":175.0,"perc":1.3068478829064296,"total":13391.0},"Mystical Experiences":{"raw":494.0,"perc":3.68904488089015,"total":13391.0},"Depression":{"raw":353.0,"perc":2.6360988723769694,"total":13391.0},"Preparation / Recipes":{"raw":579.0,"perc":4.3237995668732729,"total":13391.0},"Entities / Beings":{"raw":435.0,"perc":3.2484504517959825,"total":13391.0},"Bad Trips":{"raw":296.0,"perc":2.2104398476588756,"total":13391.0},"What Was in That?":{"raw":110.0,"perc":0.82144724068404162,"total":13391.0},"Second Hand Report":{"raw":103.0,"perc":0.76917332536778438,"total":13391.0},"Cultivation / Synthesis":{"raw":27.0,"perc":0.20162795907699202,"total":13391.0},"Guides / Sitters":{"raw":153.0,"perc":1.1425584347696214,"total":13391.0},"Hangover / Days After":{"raw":700.0,"perc":5.2273915316257185,"total":13391.0},"Health Benefits":{"raw":438.0,"perc":3.2708535583600931,"total":13391.0},"Poetry":{"raw":60.0,"perc":0.44806213128220451,"total":13391.0},"Loss of Magic":{"raw":75.0,"perc":0.56007766410275561,"total":13391.0},"Families":{"raw":106.0,"perc":0.79157643193189453,"total":13391.0},"HPPD / Lasting Visuals":{"raw":93.0,"perc":0.69449630348741687,"total":13391.0},"Relationships":{"raw":358.0,"perc":2.6734373833171534,"total":13391.0},"Pregnancy / Baby":{"raw":5.0,"perc":0.037338510940183707,"total":13391.0},"Personal Preparation":{"raw":109.0,"perc":0.8139795384960048,"total":13391.0},"Medical Use":{"raw":386.0,"perc":2.882533044582182,"total":13391.0},"Therapeutic Intent or Outcome":{"raw":273.0,"perc":2.0386826973340306,"total":13391.0},"Performance Enhancement":{"raw":75.0,"perc":0.56007766410275561,"total":13391.0},"Video":{"raw":1.0,"perc":0.00746770218803674,"total":13391.0}},"Strong":{"General":{"raw":2280.0,"perc":33.524481693868545,"total":6801.0},"First Times":{"raw":1734.0,"perc":25.496250551389497,"total":6801.0},"Difficult Experiences":{"raw":1839.0,"perc":27.040141155712394,"total":6801.0},"Nature / Outdoors":{"raw":230.0,"perc":3.3818556094691954,"total":6801.0},"Post Trip Problems":{"raw":297.0,"perc":4.3670048522276135,"total":6801.0},"Glowing Experiences":{"raw":1063.0,"perc":15.630054403764152,"total":6801.0},"Mystical Experiences":{"raw":740.0,"perc":10.880752830466108,"total":6801.0},"Train Wrecks & Trip Disasters":{"raw":258.0,"perc":3.7935597706219673,"total":6801.0},"Health Problems":{"raw":619.0,"perc":9.1016027054844884,"total":6801.0},"Retrospective / Summary":{"raw":566.0,"perc":8.3223055433024555,"total":6801.0},"Bad Trips":{"raw":638.0,"perc":9.3809733862667244,"total":6801.0},"Overdose":{"raw":348.0,"perc":5.1168945743273051,"total":6801.0},"Addiction & Habituation":{"raw":325.0,"perc":4.7787090133803858,"total":6801.0},"Music Discussion":{"raw":310.0,"perc":4.5581532127628295,"total":6801.0},"Preparation / Recipes":{"raw":135.0,"perc":1.9850022055580063,"total":6801.0},"What Was in That?":{"raw":103.0,"perc":1.514483164240553,"total":6801.0},"Entities / Beings":{"raw":718.0,"perc":10.55727098956036,"total":6801.0},"Depression":{"raw":179.0,"perc":2.6319658873695047,"total":6801.0},"Sex Discussion":{"raw":145.0,"perc":2.1320394059697105,"total":6801.0},"Multi-Day Experience":{"raw":224.0,"perc":3.2936332892221731,"total":6801.0},"Guides / Sitters":{"raw":210.0,"perc":3.0877812086457874,"total":6801.0},"HPPD / Lasting Visuals":{"raw":61.0,"perc":0.89692692251139539,"total":6801.0},"Families":{"raw":82.0,"perc":1.2057050433759742,"total":6801.0},"Health Benefits":{"raw":84.0,"perc":1.2351124834583149,"total":6801.0},"Second Hand Report":{"raw":65.0,"perc":0.955741802676077,"total":6801.0},"Hangover / Days After":{"raw":539.0,"perc":7.9253051021908547,"total":6801.0},"Personal Preparation":{"raw":72.0,"perc":1.05866784296427,"total":6801.0},"Relationships":{"raw":234.0,"perc":3.4406704896338769,"total":6801.0},"Loss of Magic":{"raw":13.0,"perc":0.19114836053521542,"total":6801.0},"Cultivation / Synthesis":{"raw":3.0,"perc":0.044111160123511246,"total":6801.0},"Medical Use":{"raw":105.0,"perc":1.5438906043228937,"total":6801.0},"Poetry":{"raw":19.0,"perc":0.27937068078223792,"total":6801.0},"Performance Enhancement":{"raw":12.0,"perc":0.17644464049404499,"total":6801.0},"Pregnancy / Baby":{"raw":3.0,"perc":0.044111160123511246,"total":6801.0},"Therapeutic Intent or Outcome":{"raw":140.0,"perc":2.058520805763858,"total":6801.0},"Video":{"raw":1.0,"perc":0.014703720041170416,"total":6801.0}},"No Effect":{"General":{"raw":202.0,"perc":58.720930232558146,"total":344.0},"Preparation / Recipes":{"raw":31.0,"perc":9.0116279069767433,"total":344.0},"Retrospective / Summary":{"raw":37.0,"perc":10.755813953488373,"total":344.0},"What Was in That?":{"raw":7.0,"perc":2.0348837209302326,"total":344.0},"First Times":{"raw":62.0,"perc":18.023255813953487,"total":344.0},"Post Trip Problems":{"raw":5.0,"perc":1.4534883720930232,"total":344.0},"Health Problems":{"raw":12.0,"perc":3.4883720930232558,"total":344.0},"Difficult Experiences":{"raw":4.0,"perc":1.1627906976744187,"total":344.0},"Second Hand Report":{"raw":10.0,"perc":2.9069767441860463,"total":344.0},"Train Wrecks & Trip Disasters":{"raw":7.0,"perc":2.0348837209302326,"total":344.0},"Cultivation / Synthesis":{"raw":4.0,"perc":1.1627906976744187,"total":344.0},"Medical Use":{"raw":14.0,"perc":4.0697674418604652,"total":344.0},"Overdose":{"raw":1.0,"perc":0.29069767441860467,"total":344.0},"Hangover / Days After":{"raw":1.0,"perc":0.29069767441860467,"total":344.0},"Depression":{"raw":1.0,"perc":0.29069767441860467,"total":344.0},"Personal Preparation":{"raw":3.0,"perc":0.872093023255814,"total":344.0},"Addiction & Habituation":{"raw":6.0,"perc":1.7441860465116279,"total":344.0},"Relationships":{"raw":1.0,"perc":0.29069767441860467,"total":344.0},"Families":{"raw":3.0,"perc":0.872093023255814,"total":344.0},"Guides / Sitters":{"raw":1.0,"perc":0.29069767441860467,"total":344.0},"Health Benefits":{"raw":3.0,"perc":0.872093023255814,"total":344.0},"Glowing Experiences":{"raw":1.0,"perc":0.29069767441860467,"total":344.0},"Nature / Outdoors":{"raw":2.0,"perc":0.58139534883720934,"total":344.0},"Multi-Day Experience":{"raw":5.0,"perc":1.4534883720930232,"total":344.0},"Therapeutic Intent or Outcome":{"raw":2.0,"perc":0.58139534883720934,"total":344.0},"Performance Enhancement":{"raw":1.0,"perc":0.29069767441860467,"total":344.0}},"Extreme":{"First Times":{"raw":231.0,"perc":14.970836033700582,"total":1543.0},"Bad Trips":{"raw":341.0,"perc":22.099805573558005,"total":1543.0},"Train Wrecks & Trip Disasters":{"raw":395.0,"perc":25.59948152948801,"total":1543.0},"General":{"raw":223.0,"perc":14.452365521710952,"total":1543.0},"Preparation / Recipes":{"raw":20.0,"perc":1.2961762799740766,"total":1543.0},"Difficult Experiences":{"raw":485.0,"perc":31.432274789371355,"total":1543.0},"Health Problems":{"raw":411.0,"perc":26.63642255346727,"total":1543.0},"Overdose":{"raw":377.0,"perc":24.432922877511341,"total":1543.0},"Retrospective / Summary":{"raw":87.0,"perc":5.6383668178872322,