{"Medium":{"Mushrooms":{"raw":903.0,"perc":7.8850855745721278},"MDMA":{"raw":788.0,"perc":6.78316260652492},"Opiates":{"raw":334.0,"perc":2.9455860305141548},"2C-T-7":{"raw":100.0,"perc":0.87328617587983592},"LSD":{"raw":625.0,"perc":5.3874665977070944},"Salvia divinorum":{"raw":598.0,"perc":5.2095130237825593},"AMT":{"raw":156.0,"perc":1.3630406290956749},"Inhalants":{"raw":67.0,"perc":0.62775227208844753},"Nitrous Oxide":{"raw":142.0,"perc":1.2413672523822012},"Harmala Alkaloids":{"raw":173.0,"perc":1.4978354978354977},"Syrian Rue":{"raw":121.0,"perc":1.0480727587700305},"GHB":{"raw":74.0,"perc":0.64158141147910519},"DXM":{"raw":320.0,"perc":2.917312425927614},"Cannabis":{"raw":806.0,"perc":6.93631669535284},"Cocaine":{"raw":296.0,"perc":2.6278409090909092},"2C-B":{"raw":149.0,"perc":1.2852583455533511},"Heroin":{"raw":111.0,"perc":0.978749669341328},"DMT":{"raw":125.0,"perc":1.0778649650771752},"Ketamine":{"raw":142.0,"perc":1.2227675880478774},"H.B. Woodrose":{"raw":175.0,"perc":1.5146269690150598},"5-MeO-DiPT":{"raw":193.0,"perc":1.6681071737251512},"Morning Glory":{"raw":258.0,"perc":2.223179663937958},"Codeine":{"raw":89.0,"perc":0.79677708146821835},"Methamphetamine":{"raw":186.0,"perc":1.6046932965231644},"Amanitas":{"raw":87.0,"perc":0.76746647847565286},"Pharmaceuticals":{"raw":268.0,"perc":2.3089514947876282},"Amphetamines":{"raw":239.0,"perc":2.0569756433428008},"Datura":{"raw":71.0,"perc":0.64510267127021625},"Nutmeg":{"raw":143.0,"perc":1.2914296035401427},"Dimenhydrinate":{"raw":79.0,"perc":0.7557638955323831},"SSRIs":{"raw":135.0,"perc":1.1899515204936095},"Diphenhydramine":{"raw":108.0,"perc":0.95078792147196056},"Opioids":{"raw":357.0,"perc":3.0767904852193397},"Hydrocodone":{"raw":126.0,"perc":1.0980392156862746},"Caffeine":{"raw":81.0,"perc":0.69851672990686442},"5-MeO-DMT":{"raw":111.0,"perc":0.96816397732228521},"Pharms - Methylphenidate":{"raw":77.0,"perc":0.6668976268837693},"Ayahuasca":{"raw":66.0,"perc":0.5768222338751966},"Alcohol":{"raw":229.0,"perc":1.9714187327823693},"Mimosa spp.":{"raw":40.0,"perc":0.35316969803990816},"Pharms - Oxycodone":{"raw":150.0,"perc":1.3598041881968996},"2C-T-2":{"raw":91.0,"perc":0.79608083282302522},"Benzodiazepines":{"raw":107.0,"perc":0.92098467894646241},"Pharms - Alprazolam":{"raw":62.0,"perc":0.53406839521061245},"Kava":{"raw":84.0,"perc":0.75512405609492994},"Cacti":{"raw":162.0,"perc":1.4102898929224341},"DPT":{"raw":90.0,"perc":0.77773937089526446},"Tobacco":{"raw":64.0,"perc":0.5537290188613947},"5-MeO-AMT":{"raw":62.0,"perc":0.68606838552617022},"2C-E":{"raw":187.0,"perc":1.6155507559395248},"Pharms - Paroxetine":{"raw":51.0,"perc":0.50994900509949015},"Pharms - Zolpidem":{"raw":77.0,"perc":0.66985645933014359},"Pharms - Tramadol":{"raw":80.0,"perc":0.70064809949203011},"2C-I":{"raw":317.0,"perc":2.7374784110535408},"Pharms - Bupropion":{"raw":54.0,"perc":0.48465266558966075},"Anadenanthera spp.":{"raw":49.0,"perc":0.4219045978990873},"Methylone":{"raw":77.0,"perc":0.67231293110975288},"Kratom":{"raw":149.0,"perc":1.283265868572905},"Modafinil":{"raw":58.0,"perc":0.51137365543995761},"Pharms - Venlafaxine":{"raw":57.0,"perc":0.51402290558210839},"AB-FUBINACA":{"raw":57.0,"perc":0.4907447266465777},"Products - Spice and Synthetic Cannabinoids":{"raw":55.0,"perc":0.47718202325177861},"Cannabinoid Receptor Agonists":{"raw":53.0,"perc":0.45943134535367541},"4-AcO-DMT":{"raw":57.0,"perc":0.49231300742788048},"NBOMe Series":{"raw":146.0,"perc":1.2579700155092193},"Methoxetamine":{"raw":1.0,"perc":1.0},"25I-NBOMe":{"raw":75.0,"perc":0.6468863205106089}},"Strong":{"2C-T-7":{"raw":69.0,"perc":1.0396263372005423},"Morning Glory":{"raw":103.0,"perc":1.5389212610189751},"Mushrooms":{"raw":664.0,"perc":9.8912557723819461},"DXM":{"raw":162.0,"perc":2.6657890406450551},"Dimenhydrinate":{"raw":85.0,"perc":1.4642549526270456},"Cocaine":{"raw":87.0,"perc":1.361928616155291},"LSD":{"raw":439.0,"perc":6.5249702734839472},"Alcohol":{"raw":121.0,"perc":1.7965850037119524},"GHB":{"raw":40.0,"perc":0.60069079441357565},"Cannabis":{"raw":592.0,"perc":8.7977411205231082},"Nutmeg":{"raw":38.0,"perc":0.647028775753448},"MDMA":{"raw":335.0,"perc":5.0406259404152873},"Nitrous Oxide":{"raw":79.0,"perc":1.1885060929742741},"DPT":{"raw":72.0,"perc":1.0955569080949483},"Salvia divinorum":{"raw":709.0,"perc":10.747309383052903},"Amanitas":{"raw":54.0,"perc":0.83500850471625165},"5-MeO-DiPT":{"raw":62.0,"perc":0.98694683221903845},"Ketamine":{"raw":120.0,"perc":1.879993733354222},"Harmala Alkaloids":{"raw":158.0,"perc":2.3473480909225972},"Diphenhydramine":{"raw":79.0,"perc":1.2810118371979893},"Datura":{"raw":88.0,"perc":1.3957176843774783},"Syrian Rue":{"raw":126.0,"perc":2.014388489208633},"DMT":{"raw":178.0,"perc":2.6484154143728613},"H.B. Woodrose":{"raw":87.0,"perc":1.3362002764552297},"Caffeine":{"raw":53.0,"perc":1.0087552341073467},"Opiates":{"raw":113.0,"perc":1.7395320197044335},"Heroin":{"raw":41.0,"perc":0.65831727681438656},"Methamphetamine":{"raw":73.0,"perc":1.2551581843191197},"5-MeO-DMT":{"raw":136.0,"perc":2.0229064405771235},"2C-B":{"raw":63.0,"perc":0.9536784741144414},"Amphetamines":{"raw":110.0,"perc":1.7059553349875931},"5-MeO-AMT":{"raw":34.0,"perc":0.55884286653517423},"AMT":{"raw":67.0,"perc":0.99524658348187756},"Ayahuasca":{"raw":104.0,"perc":1.5494636471990464},"Mimosa spp.":{"raw":68.0,"perc":1.0911424903722722},"Pharmaceuticals":{"raw":101.0,"perc":1.5058893693156403},"Pharms - Bupropion":{"raw":25.0,"perc":0.45175280086736536},"Inhalants":{"raw":56.0,"perc":0.893712097031599},"Kava":{"raw":20.0,"perc":0.35341933203746245},"Cacti":{"raw":61.0,"perc":0.93831718197200431},"Tobacco":{"raw":25.0,"perc":0.4129501156260324},"2C-T-2":{"raw":42.0,"perc":0.65065840433772271},"2C-E":{"raw":88.0,"perc":1.3277006638503319},"Codeine":{"raw":29.0,"perc":0.46178343949044587},"SSRIs":{"raw":51.0,"perc":0.76795663303719319},"Pharms - Paroxetine":{"raw":25.0,"perc":0.5701254275940707},"Cannabinoid Receptor Agonists":{"raw":43.0,"perc":0.64564564564564564},"Opioids":{"raw":92.0,"perc":1.4485907731065975},"Benzodiazepines":{"raw":47.0,"perc":0.69774346793349162},"Pharms - Alprazolam":{"raw":26.0,"perc":0.3874236328416033},"Pharms - Oxycodone":{"raw":33.0,"perc":0.51952141057934509},"Hydrocodone":{"raw":28.0,"perc":0.46488460899883777},"Pharms - Methylphenidate":{"raw":23.0,"perc":0.38825118163403105},"2C-I":{"raw":104.0,"perc":1.5707597039722097},"Pharms - Zolpidem":{"raw":40.0,"perc":0.62025120173670334},"Pharms - Tramadol":{"raw":18.0,"perc":0.28855402372555305},"Pharms - Venlafaxine":{"raw":22.0,"perc":0.35708488881675055},"Anadenanthera spp.":{"raw":22.0,"perc":0.35166240409207161},"Methylone":{"raw":28.0,"perc":0.41941282204913122},"Modafinil":{"raw":7.0,"perc":0.11027095148078135},"Kratom":{"raw":20.0,"perc":0.30921459492888065},"4-AcO-DMT":{"raw":36.0,"perc":0.53491827637444278},"AB-FUBINACA":{"raw":47.0,"perc":0.7062359128474831},"Products - Spice and Synthetic Cannabinoids":{"raw":47.0,"perc":0.70612980769230771},"NBOMe Series":{"raw":74.0,"perc":1.099064310114362},"25I-NBOMe":{"raw":47.0,"perc":0.697950697950698}},"No Effect":{"Morning Glory":{"raw":8.0,"perc":7.8431372549019605},"H.B. Woodrose":{"raw":4.0,"perc":6.7796610169491522},"Dimenhydrinate":{"raw":1.0,"perc":1.0},"Cacti":{"raw":3.0,"perc":3.2608695652173911},"DXM":{"raw":3.0,"perc":2.9702970297029703},"Nutmeg":{"raw":4.0,"perc":6.4516129032258061},"Salvia divinorum":{"raw":6.0,"perc":5.7692307692307692},"MDMA":{"raw":3.0,"perc":10.0},"Mushrooms":{"raw":11.0,"perc":9.7345132743362832},"Ayahuasca":{"raw":4.0,"perc":3.4188034188034191},"Amanitas":{"raw":3.0,"perc":4.7619047619047619},"Cannabis":{"raw":7.0,"perc":7.8651685393258424},"Ketamine":{"raw":1.0,"perc":1.0},"Kava":{"raw":4.0,"perc":3.3898305084745761},"Alcohol":{"raw":3.0,"perc":4.225352112676056},"SSRIs":{"raw":3.0,"perc":2.7027027027027026},"Pharms - Paroxetine":{"raw":2.0,"perc":1.7857142857142856},"Benzodiazepines":{"raw":1.0,"perc":1.0},"Opiates":{"raw":4.0,