{"Medium":{"Rave / Dance Event":{"raw":167.0,"perc":1.5360559234731419},"Small Group (2-9)":{"raw":3671.0,"perc":33.35150358862542},"Unknown Context":{"raw":816.0,"perc":7.4256074256074251},"Alone":{"raw":3062.0,"perc":27.821188442667637},"Large Group (10+)":{"raw":219.0,"perc":1.9947171873576828},"Various":{"raw":1652.0,"perc":15.02911208151383},"Not Applicable":{"raw":919.0,"perc":8.3583447021373356},"Club / Bar":{"raw":124.0,"perc":1.1286065349959042},"Festival / Lg. Crowd":{"raw":160.0,"perc":1.4538845979100408},"Group Ceremony":{"raw":34.0,"perc":0.32538998947267683},"Hospital":{"raw":61.0,"perc":0.58189449585042452},"School":{"raw":105.0,"perc":0.97222222222222221},"Military":{"raw":7.0,"perc":0.071051563134388956},"Workplace":{"raw":10.0,"perc":0.093457943925233655}},"Strong":{"Small Group (2-9)":{"raw":2530.0,"perc":43.034529681918691},"Festival / Lg. Crowd":{"raw":103.0,"perc":1.7585794775482329},"Alone":{"raw":1712.0,"perc":29.110695459955789},"Various":{"raw":684.0,"perc":11.68631471040492},"Large Group (10+)":{"raw":132.0,"perc":2.2575679835813234},"Club / Bar":{"raw":55.0,"perc":0.9553586937641132},"Rave / Dance Event":{"raw":84.0,"perc":1.4467791939373063},"Unknown Context":{"raw":209.0,"perc":3.5653360627772095},"Group Ceremony":{"raw":36.0,"perc":0.61475409836065575},"School":{"raw":49.0,"perc":0.90156393744250229},"Hospital":{"raw":77.0,"perc":1.3184931506849316},"Not Applicable":{"raw":201.0,"perc":3.4236075625958104},"Military":{"raw":3.0,"perc":0.10067114093959732},"Workplace":{"raw":6.0,"perc":0.11198208286674133}},"No Effect":{"Unknown Context":{"raw":38.0,"perc":19.895287958115183},"Alone":{"raw":72.0,"perc":37.5},"Various":{"raw":9.0,"perc":5.9602649006622519},"Club / Bar":{"raw":2.0,"perc":1.3888888888888888},"Group Ceremony":{"raw":1.0,"perc":1.0},"Small Group (2-9)":{"raw":24.0,"perc":12.631578947368421},"Not Applicable":{"raw":39.0,"perc":21.195652173913043},"Hospital":{"raw":3.0,"perc":2.3809523809523809},"Large Group (10+)":{"raw":1.0,"perc":1.0},"Festival / Lg. Crowd":{"raw":2.0,"perc":1.5625},"School":{"raw":1.0,"perc":1.0}},"Extreme":{"Alone":{"raw":323.0,"perc":24.903623747108714},"Small Group (2-9)":{"raw":542.0,"perc":41.820987654320987},"Various":{"raw":167.0,"perc":12.975912975912976},"Club / Bar":{"raw":14.0,"perc":1.1637572734829593},"Unknown Context":{"raw":28.0,"perc":2.2417934347477981},"Rave / Dance Event":{"raw":12.0,"perc":0.96308186195826639},"Large Group (10+)":{"raw":29.0,"perc":2.4267782426778242},"Hospital":{"raw":107.0,"perc":8.2434514637904464},"Festival / Lg. Crowd":{"raw":16.0,"perc":1.2470771628994544},"School":{"raw":16.0,"perc":1.2976480129764802},"Not Applicable":{"raw":38.0,"perc":2.9548989113530326},"Workplace":{"raw":1.0,"perc":1.0},"Group Ceremony":{"raw":5.0,"perc":0.39556962025316456}}}