{"Medium":{"Male":{"raw":10255.0,"perc":79.886266261587608},"Not-Specified":{"raw":939.0,"perc":7.3439699671515717},"Female":{"raw":1643.0,"perc":12.808918687144304}},"Strong":{"Male":{"raw":5395.0,"perc":81.164435083496315},"Not-Specified":{"raw":346.0,"perc":5.212413377523351},"Female":{"raw":906.0,"perc":13.646633529145955}},"No Effect":{"Not-Specified":{"raw":35.0,"perc":10.9375},"Male":{"raw":270.0,"perc":79.178885630498527},"Female":{"raw":37.0,"perc":10.818713450292398}},"Extreme":{"Not-Specified":{"raw":51.0,"perc":3.6690647482014387},"Male":{"raw":1105.0,"perc":79.610951008645543},"Female":{"raw":234.0,"perc":16.846652267818573}}}