{"Medium":{"raw":12900.0,"perc":60.512243174781879},"Strong":{"raw":6648.0,"perc":31.192230094308638},"No Effect":{"raw":343.0,"perc":1.6101018635872881},"Extreme":{"raw":1427.0,"perc":6.6948158573774341}}