{"Medium":{"Not-Specified":{"raw":1002.0,"perc":7.4826375924128152,"total":13391.0},"Male":{"raw":10643.0,"perc":79.478754387275032,"total":13391.0},"Female":{"raw":1746.0,"perc":13.03860802031215,"total":13391.0}},"Strong":{"Male":{"raw":5525.0,"perc":81.238053227466551,"total":6801.0},"Not-Specified":{"raw":351.0,"perc":5.161005734450816,"total":6801.0},"Female":{"raw":925.0,"perc":13.600941038082635,"total":6801.0}},"Light":{"Not-Specified":{"raw":253.0,"perc":8.3223684210526319,"total":3040.0},"Male":{"raw":2449.0,"perc":80.5592105263158,"total":3040.0},"Female":{"raw":338.0,"perc":11.118421052631579,"total":3040.0}},"No Effect":{"Not-Specified":{"raw":35.0,"perc":10.174418604651162,"total":344.0},"Male":{"raw":272.0,"perc":79.069767441860463,"total":344.0},"Female":{"raw":37.0,"perc":10.755813953488373,"total":344.0}},"Extreme":{"Female":{"raw":266.0,"perc":17.239144523655217,"total":1543.0},"Not-Specified":{"raw":59.0,"perc":3.8237200259235258,"total":1543.0},"Male":{"raw":1129.0,"perc":73.169151004536616,"total":1543.0}}}