{"Medium":{"Male":{"raw":8887.0,"perc":80.754202635165825},"Not-Specified":{"raw":779.0,"perc":7.0856830998726581},"Female":{"raw":1339.0,"perc":12.18047848630947}},"Strong":{"Male":{"raw":4827.0,"perc":82.063923835430131},"Not-Specified":{"raw":289.0,"perc":4.9948150708606986},"Female":{"raw":766.0,"perc":13.029426773260758}},"No Effect":{"Not-Specified":{"raw":22.0,"perc":12.021857923497267},"Male":{"raw":156.0,"perc":81.675392670157066},"Female":{"raw":13.0,"perc":6.8421052631578956}},"Extreme":{"Not-Specified":{"raw":45.0,"perc":3.5488958990536279},"Male":{"raw":1023.0,"perc":79.921875},"Female":{"raw":212.0,"perc":16.640502354788069}}}