{"Medium":{"raw":13391.0,"perc":52.701798575307954,"total":25409.0},"Strong":{"raw":6801.0,"perc":26.766106497697667,"total":25409.0},"No Effect":{"raw":344.0,"perc":1.3538509976779882,"total":25409.0},"Extreme":{"raw":1543.0,"perc":6.0726514227242321,"total":25409.0}}