{"Medium":{"General":{"raw":4996.0,"perc":21.764321498584184},"Music Discussion":{"raw":553.0,"perc":2.4107415318889229},"Nature / Outdoors":{"raw":467.0,"perc":2.0409055152521631},"First Times":{"raw":3590.0,"perc":15.641338445451378},"Glowing Experiences":{"raw":2056.0,"perc":8.9617295789381917},"Retrospective / Summary":{"raw":2192.0,"perc":9.5487018644363122},"Addiction & Habituation":{"raw":890.0,"perc":3.8815473854071261},"Health Problems":{"raw":873.0,"perc":3.8034243889687627},"Train Wrecks & Trip Disasters":{"raw":203.0,"perc":0.88422336440456484},"Multi-Day Experience":{"raw":262.0,"perc":1.1429568555599181},"Sex Discussion":{"raw":397.0,"perc":1.7340787979383245},"Post Trip Problems":{"raw":369.0,"perc":1.6075629519909385},"Difficult Experiences":{"raw":1172.0,"perc":5.1069763388382938},"Overdose":{"raw":170.0,"perc":0.74375464846655293},"Mystical Experiences":{"raw":485.0,"perc":2.1166099327921795},"Depression":{"raw":342.0,"perc":1.4903909007713427},"Preparation / Recipes":{"raw":310.0,"perc":1.8333431900171508},"Entities / Beings":{"raw":432.0,"perc":1.8817789780894716},"Bad Trips":{"raw":288.0,"perc":1.2698972617840292},"What Was in That?":{"raw":100.0,"perc":0.43834655678779649},"Second Hand Report":{"raw":93.0,"perc":0.41026998411858123},"Cultivation / Synthesis":{"raw":25.0,"perc":0.11597161014983533},"Guides / Sitters":{"raw":153.0,"perc":0.6816055597629973},"Hangover / Days After":{"raw":678.0,"perc":2.958244251494393},"Health Benefits":{"raw":382.0,"perc":1.6744104497238537},"Poetry":{"raw":58.0,"perc":0.27250516820146586},"Loss of Magic":{"raw":69.0,"perc":0.31423626924127884},"HPPD / Lasting Visuals":{"raw":81.0,"perc":0.35502958579881655},"Relationships":{"raw":358.0,"perc":1.565780265920224},"Families":{"raw":99.0,"perc":0.4352987732489117},"Pregnancy / Baby":{"raw":4.0,"perc":0.020371785077667431},"Personal Preparation":{"raw":108.0,"perc":0.47531027198310005},"Medical Use":{"raw":358.0,"perc":1.5598448869330312},"Therapeutic Intent or Outcome":{"raw":269.0,"perc":1.1723176152706354},"Performance Enhancement":{"raw":75.0,"perc":0.32702537716926833},"Video":{"raw":1.0,"perc":1.0}},"Strong":{"General":{"raw":2230.0,"perc":15.978790484379479},"First Times":{"raw":1718.0,"perc":12.319827895302977},"Difficult Experiences":{"raw":1818.0,"perc":13.0313239194323},"Nature / Outdoors":{"raw":230.0,"perc":1.6485091743119265},"Glowing Experiences":{"raw":1053.0,"perc":7.5456825510569692},"Mystical Experiences":{"raw":739.0,"perc":5.3484837518998338},"Train Wrecks & Trip Disasters":{"raw":247.0,"perc":1.774170377819279},"Health Problems":{"raw":592.0,"perc":4.2461626739348732},"Post Trip Problems":{"raw":250.0,"perc":1.7945588974230136},"Retrospective / Summary":{"raw":555.0,"perc":3.9810630514310308},"Bad Trips":{"raw":612.0,"perc":4.3933955491744436},"Overdose":{"raw":309.0,"perc":2.2207848210435532},"Addiction & Habituation":{"raw":315.0,"perc":2.2591981639532381},"Music Discussion":{"raw":309.0,"perc":2.2304027717626678},"Preparation / Recipes":{"raw":133.0,"perc":0.96432714617169379},"What Was in That?":{"raw":97.0,"perc":0.69854529742186378},"Entities / Beings":{"raw":713.0,"perc":5.1096459796474125},"Depression":{"raw":136.0,"perc":0.97505018640665331},"Sex Discussion":{"raw":133.0,"perc":0.95807520530182977},"Multi-Day Experience":{"raw":203.0,"perc":1.4613778705636742},"Guides / Sitters":{"raw":210.0,"perc":1.5089458935115327},"HPPD / Lasting Visuals":{"raw":58.0,"perc":0.4155323112193724},"Families":{"raw":78.0,"perc":0.5803571428571429},"Health Benefits":{"raw":84.0,"perc":0.60414269275028765},"Second Hand Report":{"raw":57.0,"perc":0.41590660342940533},"Hangover / Days After":{"raw":526.0,"perc":3.768718205918177},"Personal Preparation":{"raw":71.0,"perc":0.51020408163265307},"Relationships":{"raw":190.0,"perc":1.399219382870609},"Loss of Magic":{"raw":12.0,"perc":0.091268634012777614},"Cultivation / Synthesis":{"raw":3.0,"perc":0.024570024570024569},"Poetry":{"raw":18.0,"perc":0.12922679302175319},"Medical Use":{"raw":103.0,"perc":0.73967684021543989},"Performance Enhancement":{"raw":12.0,"perc":0.099026241954117855},"Pregnancy / Baby":{"raw":3.0,"perc":0.027149321266968326},"Therapeutic Intent or Outcome":{"raw":140.0,"perc":1.0035842293906809},"Video":{"raw":1.0,"perc":1.0}},"No Effect":{"General":{"raw":202.0,"perc":47.417840375586856},"Preparation / Recipes":{"raw":31.0,"perc":7.73067331670823},"Retrospective / Summary":{"raw":37.0,"perc":8.7677725118483423},"What Was in That?":{"raw":7.0,"perc":1.6826923076923077},"First Times":{"raw":62.0,"perc":14.761904761904763},"Post Trip Problems":{"raw":5.0,"perc":2.3364485981308412},"Health Problems":{"raw":12.0,"perc":2.9411764705882351},"Difficult Experiences":{"raw":4.0,"perc":1.36986301369863},"Second Hand Report":{"raw":10.0,"perc":3.0120481927710845},"Train Wrecks & Trip Disasters":{"raw":7.0,"perc":1.7114914425427872},"Cultivation / Synthesis":{"raw":4.0,"perc":1.6129032258064515},"Medical Use":{"raw":14.0,"perc":3.2941176470588238},"Overdose":{"raw":1.0,"perc":1.0},"Hangover / Days After":{"raw":1.0,"perc":1.0},"Depression":{"raw":1.0,"perc":1.0},"Personal Preparation":{"raw":3.0,"perc":0.85470085470085477},"Addiction & Habituation":{"raw":6.0,"perc":1.6901408450704223},"Relationships":{"raw":1.0,"perc":1.0},"Families":{"raw":3.0,"perc":1.1111111111111112},"Guides / Sitters":{"raw":1.0,"perc":1.0},"Health Benefits":{"raw":3.0,"perc":0.76923076923076927},"Glowing Experiences":{"raw":1.0,"perc":1.0},"Nature / Outdoors":{"raw":2.0,"perc":0.6116207951070336},"Multi-Day Experience":{"raw":5.0,"perc":1.2077294685990339},"Therapeutic Intent or Outcome":{"raw":2.0,"perc":0.47732696897374705},"Performance Enhancement":{"raw":1.0,"perc":1.0}},"Extreme":{"General":{"raw":199.0,"perc":5.5247084952803993},"Preparation / Recipes":{"raw":20.0,"perc":0.56818181818181823},"Difficult Experiences":{"raw":452.0,"perc":12.427825130602145},"Health Problems":{"raw":360.0,"perc":9.9228224917309813},"Overdose":{"raw":341.0,"perc":9.37328202308961},"Retrospective / Summary":{"raw":80.0,"perc":2.2203719122953096},"Bad Trips":{"raw":318.0,"perc":8.7386644682605112},"Guides / Sitters":{"raw":70.0,"perc":1.9412090959511925},"First Times":{"raw":216.0,"perc":5.9454995871180838},"Train Wrecks & Trip Disasters":{"raw":318.0,"perc":8.7748344370860938},"Mystical Experiences":{"raw":150.0,"perc":4.1922861934041364},"Post Trip Problems":{"raw":192.0,"perc":5.2732765723702277},"Entities / Beings":{"raw":179.0,"perc":4.9175824175824179},"Glowing Experiences":{"raw":73.0,"perc":2.0408163265306123},"Multi-Day Experience":{"raw":80.0,"perc":2.2081148219707423},"Second Hand Report":{"raw":69.0,"perc":1.9431146156012391},"Depression":{"raw":38.0,"perc":1.0479867622724766},"Music Discussion":{"raw":35.0,"perc":0.96365638766519823},"What Was in That?":{"raw":16.0,"perc":0.461361014994233},"Families":{"raw":33.0,"perc":0.914380714879468},"Nature / Outdoors":{"raw":19.0,"perc":0.547392682224143},"Sex Discussion":{"raw":17.0,"perc":0.50943961642193591},"Personal Preparation":{"raw":10.0,"perc":0.30021014710297211},"Relationships":{"raw":49.0,"perc":1.3806706114398422},"HPPD / Lasting Visuals":{"raw":30.0,"perc":0.84985835694051},"Addiction & Habituation":{"raw":80.0,"perc":2.219140083217753},"Hangover / Days After":{"raw":131.0,"perc":3.6028602860286032},"Poetry":{"raw":4.0,"perc":0.19011406844106463},"Health Benefits":{"raw":7.0,"perc":0.24831500532103584},"Therapeutic Intent or Outcome":{"raw":24.0,"perc":0.69025021570319245},"Loss of Magic":{"raw":2.0,"perc":0.0851063829787234},"Medical Use":{"raw":21.0,"perc":0.57867181041609261},"Pregnancy / Baby":{"raw":4.0,"perc":0.13797861331493619},"Performance Enhancement":{"raw":3.0,"perc":0.096993210475266739},"Cultivation / Synthesis":{"raw":1.0,"perc":1.0}}}