{"Medium":{"General":{"raw":4308.0,"perc":21.042348458945927},"Music Discussion":{"raw":565.0,"perc":2.7652701644479247},"Nature / Outdoors":{"raw":438.0,"perc":2.153286465758812},"First Times":{"raw":3210.0,"perc":15.679953106682298},"Health Problems":{"raw":746.0,"perc":3.6448917770068889},"Train Wrecks & Trip Disasters":{"raw":177.0,"perc":0.86620338651267492},"Multi-Day Experience":{"raw":240.0,"perc":1.1725047633006009},"Retrospective / Summary":{"raw":1877.0,"perc":9.1744464538833768},"Addiction & Habituation":{"raw":724.0,"perc":3.542941032542207},"Difficult Experiences":{"raw":1025.0,"perc":5.0083064594937943},"Overdose":{"raw":145.0,"perc":0.72510876631494725},"Glowing Experiences":{"raw":1861.0,"perc":9.0895770245189027},"Mystical Experiences":{"raw":462.0,"perc":2.2698241131964232},"Depression":{"raw":298.0,"perc":1.4578543124113303},"Sex Discussion":{"raw":369.0,"perc":1.8069634200088145},"Post Trip Problems":{"raw":302.0,"perc":1.5078136701782416},"Entities / Beings":{"raw":395.0,"perc":1.93362052085373},"Bad Trips":{"raw":248.0,"perc":1.2169390058393446},"What Was in That?":{"raw":75.0,"perc":0.37114014251781469},"Preparation / Recipes":{"raw":497.0,"perc":2.4325779452792329},"Second Hand Report":{"raw":78.0,"perc":0.38611949903470122},"Cultivation / Synthesis":{"raw":24.0,"perc":0.12134695115785216},"Guides / Sitters":{"raw":140.0,"perc":0.68580386009601257},"Hangover / Days After":{"raw":654.0,"perc":3.1974185978292753},"Health Benefits":{"raw":367.0,"perc":1.7987550850365142},"Poetry":{"raw":44.0,"perc":0.22520217013000304},"Loss of Magic":{"raw":56.0,"perc":0.2874595759971254},"HPPD / Lasting Visuals":{"raw":65.0,"perc":0.32182997474872505},"Families":{"raw":85.0,"perc":0.4224442125142886},"Relationships":{"raw":338.0,"perc":1.6634676903390915},"Pregnancy / Baby":{"raw":3.0,"perc":0.021848372296263928},"Personal Preparation":{"raw":96.0,"perc":0.47461314085133732},"Medical Use":{"raw":308.0,"perc":1.5068493150684932},"Therapeutic Intent or Outcome":{"raw":200.0,"perc":0.97809076682316121},"Performance Enhancement":{"raw":53.0,"perc":0.25932087288384381},"Video":{"raw":1.0,"perc":1.0}},"Strong":{"General":{"raw":1991.0,"perc":15.5207358902401},"First Times":{"raw":1568.0,"perc":12.22707423580786},"Difficult Experiences":{"raw":1619.0,"perc":12.629690303455806},"Nature / Outdoors":{"raw":222.0,"perc":1.7308591922657102},"Post Trip Problems":{"raw":257.0,"perc":2.0100109494759892},"Glowing Experiences":{"raw":982.0,"perc":7.6593089462600421},"Mystical Experiences":{"raw":710.0,"perc":5.5503439649781114},"Health Problems":{"raw":523.0,"perc":4.0821105213862},"Retrospective / Summary":{"raw":518.0,"perc":4.0421381193913382},"Bad Trips":{"raw":568.0,"perc":4.4447922372642621},"Overdose":{"raw":272.0,"perc":2.1291585127201569},"Train Wrecks & Trip Disasters":{"raw":207.0,"perc":1.6142868283552991},"Addiction & Habituation":{"raw":276.0,"perc":2.1549031855090566},"Music Discussion":{"raw":291.0,"perc":2.2766390236269753},"What Was in That?":{"raw":69.0,"perc":0.54571338184118945},"Entities / Beings":{"raw":665.0,"perc":5.19653043682113},"Depression":{"raw":156.0,"perc":1.2237213680577346},"Sex Discussion":{"raw":125.0,"perc":0.9748869131180784},"Multi-Day Experience":{"raw":203.0,"perc":1.5905351406409152},"Preparation / Recipes":{"raw":122.0,"perc":0.95798979191205336},"Guides / Sitters":{"raw":202.0,"perc":1.5817085584527446},"HPPD / Lasting Visuals":{"raw":55.0,"perc":0.43971858010873038},"Families":{"raw":74.0,"perc":0.582723049058981},"Health Benefits":{"raw":76.0,"perc":0.61563385986229247},"Second Hand Report":{"raw":48.0,"perc":0.37721021611001965},"Hangover / Days After":{"raw":483.0,"perc":3.7687265917603},"Personal Preparation":{"raw":68.0,"perc":0.536743231509985},"Relationships":{"raw":225.0,"perc":1.7593244194229414},"Loss of Magic":{"raw":12.0,"perc":0.096292729898892634},"Cultivation / Synthesis":{"raw":3.0,"perc":0.025764342150463755},"Poetry":{"raw":15.0,"perc":0.146756677428823},"Medical Use":{"raw":92.0,"perc":0.72213500784929363},"Performance Enhancement":{"raw":10.0,"perc":0.086467790747946388},"Pregnancy / Baby":{"raw":2.0,"perc":0.018946570670708603},"Therapeutic Intent or Outcome":{"raw":118.0,"perc":0.92614394474531037},"Video":{"raw":1.0,"perc":1.0}},"No Effect":{"General":{"raw":102.0,"perc":43.037974683544306},"Preparation / Recipes":{"raw":22.0,"perc":9.5652173913043477},"Retrospective / Summary":{"raw":28.0,"perc":12.017167381974248},"What Was in That?":{"raw":3.0,"perc":2.8301886792452833},"First Times":{"raw":35.0,"perc":14.893617021276595},"Health Problems":{"raw":4.0,"perc":2.2099447513812152},"Difficult Experiences":{"raw":2.0,"perc":1.2269938650306749},"Second Hand Report":{"raw":4.0,"perc":2.6490066225165565},"Cultivation / Synthesis":{"raw":2.0,"perc":4.1666666666666661},"Train Wrecks & Trip Disasters":{"raw":6.0,"perc":2.5641025641025639},"Medical Use":{"raw":8.0,"perc":3.4632034632034632},"Depression":{"raw":1.0,"perc":1.0},"Addiction & Habituation":{"raw":6.0,"perc":2.9850746268656714},"Relationships":{"raw":1.0,"perc":1.0},"Post Trip Problems":{"raw":1.0,"perc":1.0},"Families":{"raw":2.0,"perc":1.3333333333333335},"Health Benefits":{"raw":2.0,"perc":0.88888888888888884},"Glowing Experiences":{"raw":1.0,"perc":1.0},"Nature / Outdoors":{"raw":2.0,"perc":1.0471204188481675},"Personal Preparation":{"raw":1.0,"perc":1.0},"Multi-Day Experience":{"raw":4.0,"perc":1.680672268907563},"Performance Enhancement":{"raw":1.0,"perc":1.0}},"Extreme":{"General":{"raw":203.0,"perc":5.9131954558695021},"Preparation / Recipes":{"raw":18.0,"perc":0.54070291378792434},"Difficult Experiences":{"raw":435.0,"perc":12.667443214909726},"Health Problems":{"raw":320.0,"perc":9.31315483119907},"Overdose":{"raw":295.0,"perc":8.5805700988947056},"Retrospective / Summary":{"raw":72.0,"perc":2.1120563215019068},"Bad Trips":{"raw":300.0,"perc":8.73362445414847},"Train Wrecks & Trip Disasters":{"raw":323.0,"perc":9.3977305789933077},"Guides / Sitters":{"raw":68.0,"perc":2.0041261420571765},"First Times":{"raw":209.0,"perc":6.1380323054331862},"Mystical Experiences":{"raw":149.0,"perc":4.3427572136403381},"Post Trip Problems":{"raw":185.0,"perc":5.5092316855271},"Entities / Beings":{"raw":167.0,"perc":4.8816135632855886},"Glowing Experiences":{"raw":72.0,"perc":2.0991253644314871},"Multi-Day Experience":{"raw":77.0,"perc":2.2435897435897436},"Second Hand Report":{"raw":59.0,"perc":1.7691154422788606},"Depression":{"raw":39.0,"perc":1.2728459530026108},"Music Discussion":{"raw":34.0,"perc":1.0071090047393365},"What Was in That?":{"raw":13.0,"perc":0.3888722704157942},"Nature / Outdoors":{"raw":19.0,"perc":0.56784219964136284},"Families":{"raw":31.0,"perc":0.99582396402184381},"Sex Discussion":{"raw":17.0,"perc":0.52501544163063618},"Personal Preparation":{"raw":9.0,"perc":0.27829313543599254},"Relationships":{"raw":50.0,"perc":1.6744809109176158},"HPPD / Lasting Visuals":{"raw":28.0,"perc":0.82498526812021211},"Addiction & Habituation":{"raw":70.0,"perc":2.0564042303172738},"Hangover / Days After":{"raw":115.0,"perc":3.3873343151693667},"Health Benefits":{"raw":7.0,"perc":0.25207057976233344},"Therapeutic Intent or Outcome":{"raw":23.0,"perc":0.68615751789976132},"Loss of Magic":{"raw":2.0,"perc":0.086393088552915762},"Medical Use":{"raw":18.0,"perc":0.527086383601757},"Poetry":{"raw":3.0,"perc":0.14464802314368372},"Pregnancy / Baby":{"raw":4.0,"perc":0.14035087719298245},"Performance Enhancement":{"raw":3.0,"perc":0.099042588312974578},"Cultivation / Synthesis":{"raw":1.0,"perc":1.0}}}