{"Medium":{"Rave / Dance Event":{"raw":200.0,"perc":1.5714622456195488},"Small Group (2-9)":{"raw":4130.0,"perc":32.336360789226433},"Alone":{"raw":3536.0,"perc":27.683394660612233},"Large Group (10+)":{"raw":245.0,"perc":1.9486200588562794},"Various":{"raw":1943.0,"perc":15.2260794608573},"Not Applicable":{"raw":1012.0,"perc":7.9254444357428149},"Club / Bar":{"raw":155.0,"perc":1.2207608096400724},"Festival / Lg. Crowd":{"raw":188.0,"perc":1.4885193982581157},"Group Ceremony":{"raw":38.0,"perc":0.29914193497598995},"Unknown Context":{"raw":1105.0,"perc":8.65716076465058},"Hospital":{"raw":76.0,"perc":0.59523809523809523},"School":{"raw":123.0,"perc":0.96987856804920358},"Military":{"raw":8.0,"perc":0.064184852374839535},"Workplace":{"raw":13.0,"perc":0.10830625676914105},"Large Party":{"raw":1.0,"perc":1.0}},"Strong":{"Small Group (2-9)":{"raw":2819.0,"perc":42.429259482239615},"Festival / Lg. Crowd":{"raw":119.0,"perc":1.8016654049962149},"Alone":{"raw":1922.0,"perc":28.941424484264417},"Various":{"raw":758.0,"perc":11.424265259984928},"Large Group (10+)":{"raw":144.0,"perc":2.174898051653829},"Club / Bar":{"raw":71.0,"perc":1.0736428247391503},"Rave / Dance Event":{"raw":104.0,"perc":1.5743263699666969},"Unknown Context":{"raw":294.0,"perc":4.4257112750263436},"Group Ceremony":{"raw":41.0,"perc":0.61756288597680364},"School":{"raw":57.0,"perc":0.884818379385284},"Hospital":{"raw":83.0,"perc":1.2759415833973866},"Not Applicable":{"raw":219.0,"perc":3.302669280651485},"Large Party":{"raw":4.0,"perc":0.069324090121317156},"Military":{"raw":3.0,"perc":0.091575091575091569},"Workplace":{"raw":6.0,"perc":0.10348395998620215}},"No Effect":{"Unknown Context":{"raw":86.0,"perc":25.146198830409354},"Alone":{"raw":108.0,"perc":31.3953488372093},"Small Group (2-9)":{"raw":44.0,"perc":12.827988338192419},"Various":{"raw":13.0,"perc":5.0387596899224807},"Club / Bar":{"raw":2.0,"perc":0.80321285140562237},"Large Group (10+)":{"raw":3.0,"perc":1.9867549668874174},"Group Ceremony":{"raw":1.0,"perc":1.0},"Not Applicable":{"raw":75.0,"perc":22.058823529411764},"Hospital":{"raw":6.0,"perc":2.7149321266968327},"Rave / Dance Event":{"raw":1.0,"perc":1.0},"School":{"raw":3.0,"perc":1.2552301255230125},"Festival / Lg. Crowd":{"raw":2.0,"perc":0.89686098654708524}},"Extreme":{"Rave / Dance Event":{"raw":17.0,"perc":1.2318840579710146},"Alone":{"raw":353.0,"perc":24.964639321074962},"Small Group (2-9)":{"raw":567.0,"perc":40.155807365439095},"Various":{"raw":180.0,"perc":12.756909992912826},"Club / Bar":{"raw":14.0,"perc":1.1058451816745656},"Unknown Context":{"raw":45.0,"perc":3.2051282051282048},"Festival / Lg. Crowd":{"raw":16.0,"perc":1.1721611721611722},"Large Group (10+)":{"raw":28.0,"perc":2.2257551669316373},"Hospital":{"raw":128.0,"perc":9.15593705293276},"School":{"raw":17.0,"perc":1.3076923076923077},"Not Applicable":{"raw":42.0,"perc":3.0634573304157549},"Group Ceremony":{"raw":6.0,"perc":0.44809559372666169},"Workplace":{"raw":1.0,"perc":1.0}}}