{"Drug Testing":{"General":{"raw":112.0,"perc":67.06586826347305},"Retrospective / Summary":{"raw":11.0,"perc":7.0512820512820511},"Post Trip Problems":{"raw":7.0,"perc":4.2168674698795181},"Addiction & Habituation":{"raw":1.0,"perc":1.0},"Personal Preparation":{"raw":1.0,"perc":1.0},"Depression":{"raw":1.0,"perc":1.0},"Health Problems":{"raw":3.0,"perc":3.3707865168539324},"Train Wrecks & Trip Disasters":{"raw":13.0,"perc":7.9268292682926829},"Second Hand Report":{"raw":3.0,"perc":2.4793388429752068},"Preparation / Recipes":{"raw":1.0,"perc":1.0},"Bad Trips":{"raw":3.0,"perc":2.2058823529411766},"Overdose":{"raw":1.0,"perc":1.0},"Medical Use":{"raw":5.0,"perc":3.7878787878787881},"Difficult Experiences":{"raw":2.0,"perc":2.5974025974025974},"Multi-Day Experience":{"raw":3.0,"perc":1.948051948051948}},"Sleep Deprivation":{"General":{"raw":27.0,"perc":21.428571428571427},"Difficult Experiences":{"raw":14.0,"perc":10.9375},"Health Problems":{"raw":9.0,"perc":7.5},"Multi-Day Experience":{"raw":20.0,"perc":15.503875968992247},"Retrospective / Summary":{"raw":6.0,"perc":5.3571428571428568},"Health Benefits":{"raw":2.0,"perc":2.4691358024691357},"Music Discussion":{"raw":4.0,"perc":4.5454545454545459},"Entities / Beings":{"raw":3.0,"perc":3.0927835051546393},"Mystical Experiences":{"raw":4.0,"perc":3.9603960396039604},"Depression":{"raw":1.0,"perc":1.0},"First Times":{"raw":6.0,"perc":10.16949152542373},"Bad Trips":{"raw":4.0,"perc":3.8834951456310676},"Loss of Magic":{"raw":2.0,"perc":2.8985507246376812},"Hangover / Days After":{"raw":9.0,"perc":6.9230769230769234},"Medical Use":{"raw":1.0,"perc":1.0},"HPPD / Lasting Visuals":{"raw":2.0,"perc":3.4482758620689653},"Glowing Experiences":{"raw":2.0,"perc":2.5316455696202533},"Sex Discussion":{"raw":2.0,"perc":2.8571428571428572},"What Was in That?":{"raw":1.0,"perc":1.0},"Addiction & Habituation":{"raw":2.0,"perc":1.7543859649122806},"Guides / Sitters":{"raw":2.0,"perc":2.2988505747126435},"Relationships":{"raw":1.0,"perc":1.0},"Overdose":{"raw":2.0,"perc":1.6528925619834711},"Performance Enhancement":{"raw":3.0,"perc":2.2900763358778624},"Post Trip Problems":{"raw":1.0,"perc":1.0},"Preparation / Recipes":{"raw":1.0,"perc":1.0}},"OBE":{"General":{"raw":20.0,"perc":20.2020202020202},"Train Wrecks & Trip Disasters":{"raw":4.0,"perc":4.25531914893617},"Nature / Outdoors":{"raw":1.0,"perc":1.0},"Mystical Experiences":{"raw":12.0,"perc":13.793103448275861},"Difficult Experiences":{"raw":11.0,"perc":11.956521739130435},"Entities / Beings":{"raw":13.0,"perc":12.380952380952381},"Guides / Sitters":{"raw":3.0,"perc":11.111111111111111},"First Times":{"raw":8.0,"perc":8.791208791208792},"Depression":{"raw":2.0,"perc":3.225806451612903},"Post Trip Problems":{"raw":3.0,"perc":3.125},"Medical Use":{"raw":1.0,"perc":1.0},"Retrospective / Summary":{"raw":3.0,"perc":4.0},"Glowing Experiences":{"raw":10.0,"perc":9.70873786407767},"Sex Discussion":{"raw":2.0,"perc":2.7027027027027026},"Hangover / Days After":{"raw":3.0,"perc":2.8846153846153846},"Second Hand Report":{"raw":1.0,"perc":1.0},"Overdose":{"raw":2.0,"perc":2.1052631578947367},"Bad Trips":{"raw":1.0,"perc":1.0},"Music Discussion":{"raw":1.0,"perc":1.0},"Health Problems":{"raw":1.0,"perc":1.0},"What Was in That?":{"raw":1.0,"perc":1.0},"Personal Preparation":{"raw":1.0,"perc":1.0},"Multi-Day Experience":{"raw":1.0,"perc":1.0},"Relationships":{"raw":1.0,"perc":1.0}},"Dreams":{"General":{"raw":105.0,"perc":31.343283582089555},"Difficult Experiences":{"raw":12.0,"perc":3.6144578313253009},"First Times":{"raw":36.0,"perc":10.94224924012158},"Preparation / Recipes":{"raw":3.0,"perc":1.1494252873563218},"Retrospective / Summary":{"raw":52.0,"perc":16.049382716049383},"Health Problems":{"raw":4.0,"perc":2.6845637583892619},"Post Trip Problems":{"raw":6.0,"perc":1.9801980198019802},"Mystical Experiences":{"raw":8.0,"perc":3.10077519379845},"Glowing Experiences":{"raw":28.0,"perc":9.30232558139535},"Entities / Beings":{"raw":20.0,"perc":5.9523809523809517},"Sex Discussion":{"raw":6.0,"perc":2.5},"Hangover / Days After":{"raw":7.0,"perc":2.2727272727272729},"Medical Use":{"raw":11.0,"perc":3.303303303303303},"Health Benefits":{"raw":7.0,"perc":3.0303030303030303},"Depression":{"raw":6.0,"perc":3.0},"Overdose":{"raw":2.0,"perc":1.8518518518518516},"Relationships":{"raw":1.0,"perc":1.0},"Guides / Sitters":{"raw":1.0,"perc":1.0},"Multi-Day Experience":{"raw":5.0,"perc":1.76678445229682},"Addiction & Habituation":{"raw":4.0,"perc":1.2269938650306749},"Nature / Outdoors":{"raw":2.0,"perc":0.75757575757575757},"Second Hand Report":{"raw":2.0,"perc":0.82644628099173556},"Train Wrecks & Trip Disasters":{"raw":1.0,"perc":1.0},"Music Discussion":{"raw":1.0,"perc":1.0},"Therapeutic Intent or Outcome":{"raw":6.0,"perc":1.7964071856287425}},"Endogenous":{"Bad Trips":{"raw":4.0,"perc":7.1428571428571423},"Health Problems":{"raw":8.0,"perc":13.114754098360656},"General":{"raw":9.0,"perc":14.516129032258066},"First Times":{"raw":5.0,"perc":9.25925925925926},"Multi-Day Experience":{"raw":2.0,"perc":3.7735849056603774},"Retrospective / Summary":{"raw":4.0,"perc":6.666666666666667},"Train Wrecks & Trip Disasters":{"raw":1.0,"perc":1.0},"HPPD / Lasting Visuals":{"raw":2.0,"perc":9.0909090909090917},"Overdose":{"raw":1.0,"perc":1.0},"Depression":{"raw":3.0,"perc":7.3170731707317067},"Post Trip Problems":{"raw":3.0,"perc":5.7692307692307692},"Glowing Experiences":{"raw":2.0,"perc":11.76470588235294},"Difficult Experiences":{"raw":5.0,"perc":9.0909090909090917},"Mystical Experiences":{"raw":3.0,"perc":7.1428571428571423},"Entities / Beings":{"raw":2.0,"perc":4.6511627906976747},"Therapeutic Intent or Outcome":{"raw":1.0,"perc":1.0},"Hangover / Days After":{"raw":2.0,"perc":4.0},"Guides / Sitters":{"raw":1.0,"perc":1.0},"Medical Use":{"raw":3.0,"perc":5.2631578947368416},"Second Hand Report":{"raw":1.0,"perc":1.0}},"Police / Customs":{"General":{"raw":36.0,"perc":13.333333333333334},"First Times":{"raw":13.0,"perc":5.0980392156862742},"Retrospective / Summary":{"raw":13.0,"perc":4.6931407942238268},"Glowing Experiences":{"raw":6.0,"perc":2.3622047244094486},"Train Wrecks & Trip Disasters":{"raw":84.0,"perc":30.434782608695656},"Bad Trips":{"raw":15.0,"perc":5.5147058823529411},"Preparation / Recipes":{"raw":2.0,"perc":0.71942446043165476},"Addiction & Habituation":{"raw":8.0,"perc":3.4188034188034191},"Post Trip Problems":{"raw":15.0,"perc":6.4655172413793105},"Health Problems":{"raw":4.0,"perc":1.6877637130801686},"Entities / Beings":{"raw":8.0,"perc":4.3010752688172049},"Difficult Experiences":{"raw":25.0,"perc":9.0909090909090917},"Second Hand Report":{"raw":8.0,"perc":2.9197080291970803},"Overdose":{"raw":6.0,"perc":2.4193548387096775},"Health Benefits":{"raw":1.0,"perc":1.0},"Depression":{"raw":3.0,"perc":1.25},"Multi-Day Experience":{"raw":3.0,"perc":1.3333333333333335},"Nature / Outdoors":{"raw":3.0,"perc":1.1194029850746268},"HPPD / Lasting Visuals":{"raw":1.0,"perc":1.0},"Hangover / Days After":{"raw":8.0,"perc":2.9739776951672861},"Music Discussion":{"raw":6.0,"perc":2.2727272727272729},"Mystical Experiences":{"raw":2.0,"perc":0.98039215686274506},"Relationships":{"raw":3.0,"perc":1.1904761904761905},"Personal Preparation":{"raw":1.0,"perc":1.0},"Guides / Sitters":{"raw":2.0,"perc":0.76045627376425851},"Families":{"raw":1.0,"perc":1.0},"Therapeutic Intent or Outcome":{"raw":1.0,"perc":1.0},"Performance Enhancement":{"raw":1.0,"perc":1.0}},"Meditation":{"General":{"raw":34.0,"perc":17.08542713567839},"Retrospective / Summary":{"raw":28.0,"perc":15.384615384615385},"Bad Trips":{"raw":1.0,"perc":1.0},"Mystical Experiences":{"raw":18.0,"perc":10.0},"Glowing Experiences":{"raw":31.0,"perc":15.422885572139302},"Health Benefits":{"raw":6.0,"perc":3.8461538461538463},"Personal Preparation":{"raw":5.0,"perc":2.5380710659898478},"Depression":{"raw":1.0,"perc":1.0},"Preparation / Recipes":{"raw":2.0,"perc":3.7735849056603774},"Health Problems":{"raw":2.0,"perc":1.7543859649122806},