{"Drug Testing":{"Festival / Lg. Crowd":{"raw":2.0,"perc":1.9047619047619049},"Unknown Context":{"raw":15.0,"perc":11.029411764705882},"Alone":{"raw":12.0,"perc":8.695652173913043},"Not Applicable":{"raw":83.0,"perc":59.712230215827333},"Hospital":{"raw":12.0,"perc":9.0225563909774422},"Small Group (2-9)":{"raw":5.0,"perc":3.8461538461538463},"School":{"raw":4.0,"perc":3.8461538461538463},"Various":{"raw":5.0,"perc":3.8759689922480618},"Military":{"raw":1.0,"perc":1.0}},"Sleep Deprivation":{"Various":{"raw":23.0,"perc":37.096774193548384},"Alone":{"raw":21.0,"perc":30.434782608695656},"Small Group (2-9)":{"raw":16.0,"perc":23.880597014925371},"Large Group (10+)":{"raw":2.0,"perc":4.3478260869565215},"Hospital":{"raw":1.0,"perc":1.0},"Festival / Lg. Crowd":{"raw":1.0,"perc":1.0},"Not Applicable":{"raw":3.0,"perc":5.1724137931034484},"Unknown Context":{"raw":2.0,"perc":3.1746031746031744}},"OBE":{"Alone":{"raw":22.0,"perc":38.596491228070171},"Small Group (2-9)":{"raw":29.0,"perc":50.0},"Large Group (10+)":{"raw":2.0,"perc":9.5238095238095237},"Various":{"raw":2.0,"perc":6.4516129032258061},"School":{"raw":1.0,"perc":1.0},"Rave / Dance Event":{"raw":1.0,"perc":1.0},"Not Applicable":{"raw":1.0,"perc":1.0}},"Dreams":{"Alone":{"raw":197.0,"perc":82.083333333333329},"Unknown Context":{"raw":5.0,"perc":6.25},"Small Group (2-9)":{"raw":17.0,"perc":7.2649572649572658},"Hospital":{"raw":2.0,"perc":4.5454545454545459},"Not Applicable":{"raw":11.0,"perc":5.2884615384615383},"Various":{"raw":7.0,"perc":6.3063063063063058},"Rave / Dance Event":{"raw":1.0,"perc":1.0}},"Endogenous":{"Alone":{"raw":9.0,"perc":37.5},"Small Group (2-9)":{"raw":4.0,"perc":25.0},"Various":{"raw":2.0,"perc":15.384615384615385},"Hospital":{"raw":1.0,"perc":1.0},"Not Applicable":{"raw":5.0,"perc":21.739130434782609},"Unknown Context":{"raw":3.0,"perc":15.0}},"Police / Customs":{"Various":{"raw":26.0,"perc":19.117647058823529},"Large Group (10+)":{"raw":3.0,"perc":8.8235294117647065},"Alone":{"raw":15.0,"perc":11.904761904761903},"Small Group (2-9)":{"raw":61.0,"perc":45.185185185185183},"Rave / Dance Event":{"raw":4.0,"perc":3.9603960396039604},"School":{"raw":4.0,"perc":3.3057851239669422},"Unknown Context":{"raw":2.0,"perc":2.0618556701030926},"Not Applicable":{"raw":8.0,"perc":6.7226890756302522},"Hospital":{"raw":9.0,"perc":6.9767441860465116},"Festival / Lg. Crowd":{"raw":3.0,"perc":2.6086956521739131},"Club / Bar":{"raw":1.0,"perc":1.0}},"Meditation":{"Alone":{"raw":50.0,"perc":52.083333333333336},"Various":{"raw":14.0,"perc":15.217391304347828},"Small Group (2-9)":{"raw":19.0,"perc":19.387755102040817},"Not Applicable":{"raw":2.0,"perc":2.3529411764705883},"Unknown Context":{"raw":3.0,"perc":3.4090909090909087},"Hospital":{"raw":1.0,"perc":1.0},"Large Group (10+)":{"raw":3.0,"perc":6.3829787234042552},"Group Ceremony":{"raw":4.0,"perc":4.1237113402061851},"Rave / Dance Event":{"raw":2.0,"perc":2.2222222222222223}},"Ritual":{"Small Group (2-9)":{"raw":7.0,"perc":21.875},"Festival / Lg. Crowd":{"raw":2.0,"perc":15.384615384615385},"Rave / Dance Event":{"raw":1.0,"perc":1.0},"Alone":{"raw":5.0,"perc":20.833333333333336},"Various":{"raw":4.0,"perc":21.052631578947366},"Large Group (10+)":{"raw":1.0,"perc":1.0},"Group Ceremony":{"raw":12.0,"perc":38.70967741935484}},"Breathing":{"Small Group (2-9)":{"raw":8.0,"perc":38.095238095238095},"Group Ceremony":{"raw":1.0,"perc":1.0},"Alone":{"raw":13.0,"perc":48.148148148148145},"Large Group (10+)":{"raw":2.0,"perc":8.695652173913043},"Not Applicable":{"raw":2.0,"perc":8.3333333333333321},"Hospital":{"raw":1.0,"perc":1.0}},"Hyperventilation":{"Small Group (2-9)":{"raw":4.0,"perc":40.0},"Group Ceremony":{"raw":1.0,"perc":1.0},"Alone":{"raw":5.0,"perc":45.454545454545453},"Not Applicable":{"raw":1.0,"perc":1.0}},"Migraines":{"Unknown Context":{"raw":8.0,"perc":34.782608695652172},"Various":{"raw":1.0,"perc":1.0},"Not Applicable":{"raw":7.0,"perc":31.818181818181817},"Small Group (2-9)":{"raw":4.0,"perc":23.52941176470588},"Alone":{"raw":3.0,"perc":16.666666666666664}},"Floatation Tank":{"Alone":{"raw":7.0,"perc":100.0}},"Fasting":{"Unknown Context":{"raw":1.0,"perc":1.0},"Various":{"raw":7.0,"perc":58.333333333333336},"Alone":{"raw":11.0,"perc":47.826086956521742},"Hospital":{"raw":1.0,"perc":1.0},"Not Applicable":{"raw":2.0,"perc":11.111111111111111},"Small Group (2-9)":{"raw":1.0,"perc":1.0}},"Guiding":{"Small Group (2-9)":{"raw":3.0,"perc":75.0},"Rave / Dance Event":{"raw":1.0,"perc":1.0}},"Nitrogen Narcosis":{"Small Group (2-9)":{"raw":2.0,"perc":66.666666666666657},"Alone":{"raw":2.0,"perc":50.0},"Various":{"raw":1.0,"perc":1.0}},"Yoga / Bodywork":{"Alone":{"raw":16.0,"perc":51.612903225806448},"Various":{"raw":3.0,"perc":10.344827586206897},"Small Group (2-9)":{"raw":16.0,"perc":41.025641025641022},"Group Ceremony":{"raw":1.0,"perc":1.0},"Not Applicable":{"raw":3.0,"perc":7.3170731707317067},"Unknown Context":{"raw":1.0,"perc":1.0},"Festival / Lg. Crowd":{"raw":1.0,"perc":1.0}},"Devices":{"Alone":{"raw":18.0,"perc":66.666666666666657},"Unknown Context":{"raw":2.0,"perc":25.0},"Various":{"raw":1.0,"perc":1.0},"Small Group (2-9)":{"raw":5.0,"perc":25.0},"Not Applicable":{"raw":1.0,"perc":1.0}},"Devices - Mind Machine":{"Alone":{"raw":12.0,"perc":66.666666666666657},"Various":{"raw":1.0,"perc":1.0},"Unknown Context":{"raw":1.0,"perc":1.0},"Small Group (2-9)":{"raw":3.0,"perc":21.428571428571427},"Not Applicable":{"raw":1.0,"perc":1.0}},"Mindfulness":{"Various":{"raw":3.0,"perc":33.333333333333329},"Not Applicable":{"raw":1.0,"perc":1.0},"Small Group (2-9)":{"raw":2.0,"perc":50.0},"Alone":{"raw":3.0,"perc":42.857142857142854}},"Devices - Magnetic":{"Unknown Context":{"raw":1.0,"perc":1.0}},"Sweating":{"Group Ceremony":{"raw":3.0,"perc":60.0},"Alone":{"raw":3.0,"perc":42.857142857142854},"Small Group (2-9)":{"raw":2.0,"perc":25.0}},"Conferences":{"Various":{"raw":1.0,"perc":1.0},"Alone":{"raw":3.0,"perc":27.27272727272727},"Festival / Lg. Crowd":{"raw":12.0,"perc":75.0},"Small Group (2-9)":{"raw":1.0,"perc":1.0}},"Chanting":{"Alone":{"raw":2.0,"perc":100.0}},"Humor":{"Small Group (2-9)":{"raw":1.0,"perc":1.0},"Various":{"raw":2.0,"perc":66.666666666666657},"Alone":{"raw":1.0,"perc":1.0}},"Music":{"Various":{"raw":1.0,"perc":1.0},"Alone":{"raw":2.0,"perc":50.0},"Small Group (2-9)":{"raw":1.0,"perc":1.0}},"Sound (non-music)":{"Alone":{"raw":1.0,"perc":1.0}}}