{"Drug Testing":{"raw":147.0,"perc":14.411764705882351},"Sleep Deprivation":{"raw":70.0,"perc":6.74373795761079},"OBE":{"raw":59.0,"perc":5.7504873294346979},"Dreams":{"raw":247.0,"perc":23.6816874400767},"Endogenous":{"raw":23.0,"perc":2.2286821705426356},"Police / Customs":{"raw":139.0,"perc":13.429951690821257},"Meditation":{"raw":102.0,"perc":9.7982708933717575},"Ritual":{"raw":31.0,"perc":3.3013844515441959},"Breathing":{"raw":28.0,"perc":2.7027027027027026},"Hyperventilation":{"raw":11.0,"perc":1.0607521697203472},"Migraines":{"raw":23.0,"perc":2.3046092184368736},"Floatation Tank":{"raw":6.0,"perc":0.72115384615384615},"Fasting":{"raw":23.0,"perc":2.2265246853823815},"Guiding":{"raw":3.0,"perc":0.50761421319796951},"Nitrogen Narcosis":{"raw":4.0,"perc":0.61728395061728392},"Yoga / Bodywork":{"raw":40.0,"perc":3.9100684261974585},"Devices":{"raw":29.0,"perc":2.9263370332996974},"Devices - Mind Machine":{"raw":17.0,"perc":2.0190023752969122},"Mindfulness":{"raw":8.0,"perc":0.78508341511285573},"Devices - Magnetic":{"raw":1.0,"perc":1.0},"Sweating":{"raw":7.0,"perc":0.75431034482758619},"Conferences":{"raw":16.0,"perc":1.6326530612244898},"Chanting":{"raw":1.0,"perc":1.0},"Humor":{"raw":4.0,"perc":0.47169811320754718},"Music":{"raw":4.0,"perc":0.44052863436123352},"Sound (non-music)":{}}