{"Drug Testing":{"Not-Specified":{"raw":12.0,"perc":11.111111111111111},"Male":{"raw":107.0,"perc":78.1021897810219},"Female":{"raw":18.0,"perc":13.333333333333334}},"Sleep Deprivation":{"Not-Specified":{"raw":5.0,"perc":7.3529411764705888},"Male":{"raw":58.0,"perc":84.05797101449275},"Female":{"raw":6.0,"perc":9.5238095238095237}},"OBE":{"Not-Specified":{"raw":3.0,"perc":6.0},"Male":{"raw":51.0,"perc":87.931034482758619},"Female":{"raw":4.0,"perc":7.6923076923076925}},"Dreams":{"Male":{"raw":202.0,"perc":83.471074380165291},"Not-Specified":{"raw":16.0,"perc":6.6945606694560666},"Female":{"raw":24.0,"perc":10.0}},"Endogenous":{"Not-Specified":{"raw":2.0,"perc":28.571428571428569},"Male":{"raw":20.0,"perc":83.333333333333343},"Female":{"raw":2.0,"perc":11.111111111111111}},"Police / Customs":{"Male":{"raw":117.0,"perc":86.666666666666671},"Female":{"raw":17.0,"perc":12.686567164179104},"Not-Specified":{"raw":1.0,"perc":1.0}},"Meditation":{"Male":{"raw":81.0,"perc":83.505154639175259},"Female":{"raw":10.0,"perc":10.204081632653061},"Not-Specified":{"raw":7.0,"perc":7.7777777777777777}},"Ritual":{"Male":{"raw":25.0,"perc":78.125},"Not-Specified":{"raw":1.0,"perc":1.0},"Female":{"raw":6.0,"perc":24.0}},"Breathing":{"Male":{"raw":24.0,"perc":88.888888888888886},"Not-Specified":{"raw":1.0,"perc":1.0},"Female":{"raw":2.0,"perc":14.285714285714285}},"Hyperventilation":{"Male":{"raw":10.0,"perc":90.9090909090909},"Not-Specified":{"raw":1.0,"perc":1.0}},"Migraines":{"Female":{"raw":5.0,"perc":23.809523809523807},"Male":{"raw":15.0,"perc":68.181818181818173},"Not-Specified":{"raw":3.0,"perc":13.043478260869565}},"Floatation Tank":{"Male":{"raw":5.0,"perc":71.428571428571431},"Not-Specified":{"raw":1.0,"perc":1.0},"Female":{"raw":1.0,"perc":1.0}},"Fasting":{"Male":{"raw":18.0,"perc":78.260869565217391},"Female":{"raw":3.0,"perc":17.647058823529413},"Not-Specified":{"raw":2.0,"perc":15.384615384615385}},"Guiding":{"Male":{"raw":3.0,"perc":75.0},"Female":{"raw":1.0,"perc":1.0}},"Nitrogen Narcosis":{"Male":{"raw":5.0,"perc":100.0}},"Yoga / Bodywork":{"Male":{"raw":30.0,"perc":73.170731707317074},"Female":{"raw":9.0,"perc":22.5},"Not-Specified":{"raw":2.0,"perc":5.1282051282051277}},"Devices":{"Male":{"raw":22.0,"perc":78.571428571428569},"Female":{"raw":5.0,"perc":18.518518518518519},"Not-Specified":{"raw":1.0,"perc":1.0}},"Devices - Mind Machine":{"Male":{"raw":15.0,"perc":83.333333333333343},"Female":{"raw":3.0,"perc":17.647058823529413}},"Mindfulness":{"Male":{"raw":7.0,"perc":100.0},"Female":{"raw":2.0,"perc":22.222222222222221}},"Devices - Magnetic":{"Male":{"raw":2.0,"perc":100.0}},"Sweating":{"Male":{"raw":7.0,"perc":87.5},"Female":{"raw":1.0,"perc":1.0}},"Conferences":{"Male":{"raw":5.0,"perc":29.411764705882355},"Female":{"raw":2.0,"perc":12.5},"Not-Specified":{"raw":10.0,"perc":66.666666666666657}},"Chanting":{"Male":{"raw":2.0,"perc":100.0}},"Humor":{"Male":{"raw":4.0,"perc":100.0}},"Music":{"Male":{"raw":4.0,"perc":100.0}},"Sound (non-music)":{"Male":{"raw":1.0,"perc":1.0}}}