{"Drug Testing":{"Strong":{"raw":7.0,"perc":8.75},"Medium":{"raw":71.0,"perc":61.739130434782609},"No Effect":{"raw":34.0,"perc":29.310344827586203},"Extreme":{"raw":4.0,"perc":4.2105263157894735}},"Sleep Deprivation":{"Strong":{"raw":27.0,"perc":46.551724137931032},"Medium":{"raw":27.0,"perc":45.0},"Extreme":{"raw":6.0,"perc":10.714285714285714}},"Dreams":{"Strong":{"raw":31.0,"perc":23.846153846153847},"Medium":{"raw":90.0,"perc":69.767441860465112},"Extreme":{"raw":3.0,"perc":2.4},"No Effect":{"raw":6.0,"perc":5.9405940594059405}},"Endogenous":{"Medium":{"raw":13.0,"perc":59.090909090909093},"Extreme":{"raw":3.0,"perc":15.789473684210526},"Strong":{"raw":6.0,"perc":37.5}},"Police / Customs":{"Strong":{"raw":28.0,"perc":23.140495867768596},"Medium":{"raw":56.0,"perc":47.058823529411761},"Extreme":{"raw":30.0,"perc":26.086956521739129},"No Effect":{"raw":7.0,"perc":5.982905982905983}},"Meditation":{"Medium":{"raw":50.0,"perc":64.1025641025641},"Strong":{"raw":25.0,"perc":34.246575342465754},"Extreme":{"raw":3.0,"perc":6.1224489795918364}},"OBE":{"Medium":{"raw":18.0,"perc":33.333333333333329},"Extreme":{"raw":11.0,"perc":21.568627450980394},"Strong":{"raw":25.0,"perc":47.169811320754718}},"Ritual":{"Medium":{"raw":16.0,"perc":59.259259259259252},"Strong":{"raw":12.0,"perc":42.857142857142854}},"Breathing":{"Medium":{"raw":12.0,"perc":52.173913043478258},"Strong":{"raw":10.0,"perc":55.555555555555557},"Extreme":{"raw":1.0,"perc":1.0}},"Hyperventilation":{"Medium":{"raw":6.0,"perc":66.666666666666657},"Strong":{"raw":3.0,"perc":37.5}},"Migraines":{"Medium":{"raw":13.0,"perc":68.421052631578945},"Strong":{"raw":6.0,"perc":37.5}},"Fasting":{"Medium":{"raw":11.0,"perc":64.705882352941174},"Strong":{"raw":5.0,"perc":31.25},"Extreme":{"raw":1.0,"perc":1.0}},"Guiding":{"Medium":{"raw":3.0,"perc":100.0}},"Nitrogen Narcosis":{"Medium":{"raw":2.0,"perc":100.0},"Strong":{"raw":1.0,"perc":1.0}},"Yoga / Bodywork":{"Strong":{"raw":13.0,"perc":40.625},"Medium":{"raw":20.0,"perc":58.82352941176471},"No Effect":{"raw":1.0,"perc":1.0}},"Floatation Tank":{"Medium":{"raw":4.0,"perc":80.0},"Strong":{"raw":1.0,"perc":1.0}},"Devices":{"Extreme":{"raw":1.0,"perc":1.0},"Strong":{"raw":7.0,"perc":30.434782608695656},"Medium":{"raw":15.0,"perc":62.5},"No Effect":{"raw":1.0,"perc":1.0}},"Devices - Mind Machine":{"Strong":{"raw":5.0,"perc":45.454545454545453},"Medium":{"raw":11.0,"perc":68.75}},"Mindfulness":{"Medium":{"raw":5.0,"perc":62.5},"Extreme":{"raw":2.0,"perc":33.333333333333329},"Strong":{"raw":2.0,"perc":22.222222222222221}},"Devices - Magnetic":{"No Effect":{"raw":1.0,"perc":1.0}},"Sweating":{"Strong":{"raw":3.0,"perc":50.0},"Medium":{"raw":4.0,"perc":57.142857142857139}},"Conferences":{"Extreme":{"raw":1.0,"perc":1.0},"Medium":{"raw":9.0,"perc":81.818181818181827},"Strong":{"raw":4.0,"perc":25.0},"No Effect":{"raw":2.0,"perc":15.384615384615385}},"Chanting":{"Strong":{"raw":1.0,"perc":1.0},"Medium":{"raw":1.0,"perc":1.0}},"Humor":{"Strong":{"raw":1.0,"perc":1.0},"Extreme":{"raw":1.0,"perc":1.0},"Medium":{"raw":1.0,"perc":1.0}},"Music":{"Extreme":{"raw":1.0,"perc":1.0},"Medium":{"raw":2.0,"perc":50.0},"Strong":{"raw":1.0,"perc":1.0}},"Sound (non-music)":{"Extreme":{"raw":1.0,"perc":1.0}}}