{"Drug Testing":{"Strong":{"raw":7.0,"perc":5.5118110236220472,"total":127.0},"Medium":{"raw":82.0,"perc":64.566929133858267,"total":127.0},"No Effect":{"raw":34.0,"perc":26.771653543307089,"total":127.0},"Extreme":{"raw":4.0,"perc":3.1496062992125982,"total":127.0}},"Sleep Deprivation":{"Strong":{"raw":27.0,"perc":43.548387096774192,"total":62.0},"Medium":{"raw":28.0,"perc":45.161290322580641,"total":62.0},"Extreme":{"raw":7.0,"perc":11.29032258064516,"total":62.0}},"Dreams":{"Strong":{"raw":31.0,"perc":23.134328358208954,"total":134.0},"Medium":{"raw":94.0,"perc":70.1492537313433,"total":134.0},"Extreme":{"raw":3.0,"perc":2.2388059701492535,"total":134.0},"No Effect":{"raw":6.0,"perc":4.4776119402985071,"total":134.0}},"Endogenous":{"Medium":{"raw":13.0,"perc":59.090909090909093,"total":22.0},"Extreme":{"raw":3.0,"perc":13.636363636363635,"total":22.0},"Strong":{"raw":6.0,"perc":27.27272727272727,"total":22.0}},"Police / Customs":{"Strong":{"raw":30.0,"perc":23.809523809523807,"total":126.0},"Medium":{"raw":59.0,"perc":46.825396825396822,"total":126.0},"Extreme":{"raw":30.0,"perc":23.809523809523807,"total":126.0},"No Effect":{"raw":7.0,"perc":5.5555555555555554,"total":126.0}},"Meditation":{"Medium":{"raw":51.0,"perc":63.749999999999993,"total":80.0},"Strong":{"raw":26.0,"perc":32.5,"total":80.0},"Extreme":{"raw":3.0,"perc":3.75,"total":80.0}},"OBE":{"Medium":{"raw":19.0,"perc":34.545454545454547,"total":55.0},"Extreme":{"raw":11.0,"perc":20.0,"total":55.0},"Strong":{"raw":25.0,"perc":45.454545454545453,"total":55.0}},"Ritual":{"Medium":{"raw":16.0,"perc":57.142857142857139,"total":28.0},"Strong":{"raw":12.0,"perc":42.857142857142854,"total":28.0}},"Breathing":{"Medium":{"raw":14.0,"perc":56.000000000000007,"total":25.0},"Strong":{"raw":10.0,"perc":40.0,"total":25.0},"Extreme":{"raw":1.0,"perc":4.0,"total":25.0}},"Hyperventilation":{"Medium":{"raw":7.0,"perc":70.0,"total":10.0},"Strong":{"raw":3.0,"perc":30.0,"total":10.0}},"Migraines":{"Medium":{"raw":14.0,"perc":70.0,"total":20.0},"Strong":{"raw":6.0,"perc":30.0,"total":20.0}},"Fasting":{"Medium":{"raw":12.0,"perc":66.666666666666657,"total":18.0},"Strong":{"raw":5.0,"perc":27.777777777777779,"total":18.0},"Extreme":{"raw":1.0,"perc":5.5555555555555554,"total":18.0}},"Guiding":{"Medium":{"raw":3.0,"perc":100.0,"total":3.0}},"Nitrogen Narcosis":{"Medium":{"raw":2.0,"perc":66.666666666666657,"total":3.0},"Strong":{"raw":1.0,"perc":33.333333333333329,"total":3.0}},"Yoga / Bodywork":{"Strong":{"raw":13.0,"perc":38.235294117647058,"total":34.0},"Medium":{"raw":20.0,"perc":58.82352941176471,"total":34.0},"No Effect":{"raw":1.0,"perc":2.9411764705882351,"total":34.0}},"Floatation Tank":{"Medium":{"raw":4.0,"perc":80.0,"total":5.0},"Strong":{"raw":1.0,"perc":20.0,"total":5.0}},"Devices":{"Extreme":{"raw":1.0,"perc":4.0,"total":25.0},"Strong":{"raw":7.0,"perc":28.000000000000004,"total":25.0},"Medium":{"raw":16.0,"perc":64.0,"total":25.0},"No Effect":{"raw":1.0,"perc":4.0,"total":25.0}},"Devices - Mind Machine":{"Strong":{"raw":5.0,"perc":31.25,"total":16.0},"Medium":{"raw":11.0,"perc":68.75,"total":16.0}},"Mindfulness":{"Medium":{"raw":5.0,"perc":55.555555555555557,"total":9.0},"Extreme":{"raw":2.0,"perc":22.222222222222221,"total":9.0},"Strong":{"raw":2.0,"perc":22.222222222222221,"total":9.0}},"Devices - Magnetic":{"No Effect":{"raw":1.0,"perc":100.0,"total":1.0}},"Sweating":{"Strong":{"raw":3.0,"perc":42.857142857142854,"total":7.0},"Medium":{"raw":4.0,"perc":57.142857142857139,"total":7.0}},"Conferences":{"Extreme":{"raw":1.0,"perc":6.25,"total":16.0},"Medium":{"raw":9.0,"perc":56.25,"total":16.0},"Strong":{"raw":4.0,"perc":25.0,"total":16.0},"No Effect":{"raw":2.0,"perc":12.5,"total":16.0}},"Chanting":{"Strong":{"raw":1.0,"perc":50.0,"total":2.0},"Medium":{"raw":1.0,"perc":50.0,"total":2.0}},"Humor":{"Strong":{"raw":2.0,"perc":50.0,"total":4.0},"Extreme":{"raw":1.0,"perc":25.0,"total":4.0},"Medium":{"raw":1.0,"perc":25.0,"total":4.0}},"Music":{"Extreme":{"raw":1.0,"perc":20.0,"total":5.0},"Medium":{"raw":3.0,"perc":60.0,"total":5.0},"Strong":{"raw":1.0,"perc":20.0,"total":5.0}},"Sound (non-music)":{"Extreme":{"raw":1.0,"perc":100.0,"total":1.0}}}