{"Drug Testing":{"Strong":{"raw":7.0,"perc":4.72972972972973,"total":148.0},"Medium":{"raw":82.0,"perc":55.4054054054054,"total":148.0},"No Effect":{"raw":34.0,"perc":22.972972972972975,"total":148.0},"Extreme":{"raw":4.0,"perc":2.7027027027027026,"total":148.0}},"Sleep Deprivation":{"Strong":{"raw":27.0,"perc":38.028169014084504,"total":71.0},"Medium":{"raw":28.0,"perc":39.436619718309856,"total":71.0},"Extreme":{"raw":7.0,"perc":9.8591549295774641,"total":71.0}},"Dreams":{"Strong":{"raw":31.0,"perc":12.5,"total":248.0},"Medium":{"raw":94.0,"perc":37.903225806451616,"total":248.0},"Extreme":{"raw":3.0,"perc":1.2096774193548388,"total":248.0},"No Effect":{"raw":6.0,"perc":2.4193548387096775,"total":248.0}},"Endogenous":{"Medium":{"raw":13.0,"perc":54.166666666666664,"total":24.0},"Extreme":{"raw":3.0,"perc":12.5,"total":24.0},"Strong":{"raw":6.0,"perc":25.0,"total":24.0}},"Police / Customs":{"Strong":{"raw":30.0,"perc":21.428571428571427,"total":140.0},"Medium":{"raw":59.0,"perc":42.142857142857146,"total":140.0},"Extreme":{"raw":30.0,"perc":21.428571428571427,"total":140.0},"No Effect":{"raw":7.0,"perc":5.0,"total":140.0}},"Meditation":{"Medium":{"raw":51.0,"perc":49.514563106796118,"total":103.0},"Strong":{"raw":26.0,"perc":25.242718446601941,"total":103.0},"Extreme":{"raw":3.0,"perc":2.912621359223301,"total":103.0}},"OBE":{"Medium":{"raw":19.0,"perc":31.666666666666664,"total":60.0},"Extreme":{"raw":11.0,"perc":18.333333333333332,"total":60.0},"Strong":{"raw":25.0,"perc":41.666666666666671,"total":60.0}},"Ritual":{"Medium":{"raw":16.0,"perc":50.0,"total":32.0},"Strong":{"raw":12.0,"perc":37.5,"total":32.0}},"Breathing":{"Medium":{"raw":14.0,"perc":48.275862068965516,"total":29.0},"Strong":{"raw":10.0,"perc":34.482758620689658,"total":29.0},"Extreme":{"raw":1.0,"perc":3.4482758620689653,"total":29.0}},"Hyperventilation":{"Medium":{"raw":7.0,"perc":58.333333333333336,"total":12.0},"Strong":{"raw":3.0,"perc":25.0,"total":12.0}},"Migraines":{"Medium":{"raw":14.0,"perc":58.333333333333336,"total":24.0},"Strong":{"raw":6.0,"perc":25.0,"total":24.0}},"Fasting":{"Medium":{"raw":12.0,"perc":50.0,"total":24.0},"Strong":{"raw":5.0,"perc":20.833333333333336,"total":24.0},"Extreme":{"raw":1.0,"perc":4.1666666666666661,"total":24.0}},"Guiding":{"Medium":{"raw":3.0,"perc":75.0,"total":4.0}},"Nitrogen Narcosis":{"Medium":{"raw":2.0,"perc":40.0,"total":5.0},"Strong":{"raw":1.0,"perc":20.0,"total":5.0}},"Yoga / Bodywork":{"Strong":{"raw":13.0,"perc":31.707317073170731,"total":41.0},"Medium":{"raw":20.0,"perc":48.780487804878049,"total":41.0},"No Effect":{"raw":1.0,"perc":2.4390243902439024,"total":41.0}},"Floatation Tank":{"Medium":{"raw":4.0,"perc":57.142857142857139,"total":7.0},"Strong":{"raw":1.0,"perc":14.285714285714285,"total":7.0}},"Devices":{"Extreme":{"raw":1.0,"perc":3.3333333333333335,"total":30.0},"Strong":{"raw":7.0,"perc":23.333333333333332,"total":30.0},"Medium":{"raw":16.0,"perc":53.333333333333336,"total":30.0},"No Effect":{"raw":1.0,"perc":3.3333333333333335,"total":30.0}},"Devices - Mind Machine":{"Strong":{"raw":5.0,"perc":27.777777777777779,"total":18.0},"Medium":{"raw":11.0,"perc":61.111111111111114,"total":18.0}},"Mindfulness":{"Medium":{"raw":5.0,"perc":55.555555555555557,"total":9.0},"Extreme":{"raw":2.0,"perc":22.222222222222221,"total":9.0},"Strong":{"raw":2.0,"perc":22.222222222222221,"total":9.0}},"Devices - Magnetic":{"No Effect":{"raw":1.0,"perc":50.0,"total":2.0}},"Sweating":{"Strong":{"raw":3.0,"perc":37.5,"total":8.0},"Medium":{"raw":4.0,"perc":50.0,"total":8.0}},"Conferences":{"Extreme":{"raw":1.0,"perc":5.88235294117647,"total":17.0},"Medium":{"raw":9.0,"perc":52.941176470588239,"total":17.0},"Strong":{"raw":4.0,"perc":23.52941176470588,"total":17.0},"No Effect":{"raw":2.0,"perc":11.76470588235294,"total":17.0}},"Chanting":{"Strong":{"raw":1.0,"perc":50.0,"total":2.0},"Medium":{"raw":1.0,"perc":50.0,"total":2.0}},"Humor":{"Strong":{"raw":2.0,"perc":40.0,"total":5.0},"Extreme":{"raw":1.0,"perc":20.0,"total":5.0},"Medium":{"raw":1.0,"perc":20.0,"total":5.0}},"Music":{"Extreme":{"raw":1.0,"perc":20.0,"total":5.0},"Medium":{"raw":3.0,"perc":60.0,"total":5.0},"Strong":{"raw":1.0,"perc":20.0,"total":5.0}},"Sound (non-music)":{"Extreme":{"raw":1.0,"perc":100.0,"total":1.0}}}