{"Drug Testing":{"Strong":{"Not-Specified":{"raw":1.0,"perc":14.285714285714285,"total":7.0},"Male":{"raw":5.0,"perc":71.428571428571431,"total":7.0},"Female":{"raw":1.0,"perc":14.285714285714285,"total":7.0}},"Medium":{"Not-Specified":{"raw":8.0,"perc":9.75609756097561,"total":82.0},"Male":{"raw":65.0,"perc":79.268292682926827,"total":82.0},"Female":{"raw":9.0,"perc":10.975609756097562,"total":82.0}},"No Effect":{"Male":{"raw":26.0,"perc":76.470588235294116,"total":34.0},"Female":{"raw":5.0,"perc":14.705882352941178,"total":34.0},"Not-Specified":{"raw":3.0,"perc":8.8235294117647065,"total":34.0}},"Extreme":{"Male":{"raw":2.0,"perc":50.0,"total":4.0},"Female":{"raw":2.0,"perc":50.0,"total":4.0}}},"Sleep Deprivation":{"Strong":{"Not-Specified":{"raw":2.0,"perc":7.4074074074074066,"total":27.0},"Male":{"raw":24.0,"perc":88.888888888888886,"total":27.0},"Female":{"raw":1.0,"perc":3.7037037037037033,"total":27.0}},"Medium":{"Male":{"raw":24.0,"perc":85.714285714285708,"total":28.0},"Female":{"raw":3.0,"perc":10.714285714285714,"total":28.0},"Not-Specified":{"raw":1.0,"perc":3.5714285714285712,"total":28.0}},"Extreme":{"Male":{"raw":4.0,"perc":57.142857142857139,"total":7.0},"Female":{"raw":2.0,"perc":28.571428571428569,"total":7.0},"Not-Specified":{"raw":1.0,"perc":14.285714285714285,"total":7.0}}},"Dreams":{"Strong":{"Male":{"raw":28.0,"perc":90.322580645161281,"total":31.0},"Female":{"raw":3.0,"perc":9.67741935483871,"total":31.0}},"Medium":{"Male":{"raw":79.0,"perc":84.042553191489361,"total":94.0},"Not-Specified":{"raw":5.0,"perc":5.3191489361702127,"total":94.0},"Female":{"raw":10.0,"perc":10.638297872340425,"total":94.0}},"Extreme":{"Female":{"raw":1.0,"perc":33.333333333333329,"total":3.0},"Male":{"raw":2.0,"perc":66.666666666666657,"total":3.0}},"No Effect":{"Male":{"raw":6.0,"perc":100.0,"total":6.0}}},"Endogenous":{"Medium":{"Not-Specified":{"raw":2.0,"perc":15.384615384615385,"total":13.0},"Male":{"raw":10.0,"perc":76.923076923076934,"total":13.0},"Female":{"raw":1.0,"perc":7.6923076923076925,"total":13.0}},"Extreme":{"Male":{"raw":3.0,"perc":100.0,"total":3.0}},"Strong":{"Male":{"raw":5.0,"perc":83.333333333333343,"total":6.0},"Female":{"raw":1.0,"perc":16.666666666666664,"total":6.0}}},"Police / Customs":{"Strong":{"Male":{"raw":23.0,"perc":76.666666666666671,"total":30.0},"Female":{"raw":6.0,"perc":20.0,"total":30.0},"Not-Specified":{"raw":1.0,"perc":3.3333333333333335,"total":30.0}},"Medium":{"Male":{"raw":49.0,"perc":83.050847457627114,"total":59.0},"Female":{"raw":9.0,"perc":15.254237288135593,"total":59.0},"Not-Specified":{"raw":1.0,"perc":1.6949152542372881,"total":59.0}},"Extreme":{"Male":{"raw":27.0,"perc":93.103448275862064,"total":29.0},"Female":{"raw":2.0,"perc":6.8965517241379306,"total":29.0}},"No Effect":{"Male":{"raw":7.0,"perc":100.0,"total":7.0}}},"Meditation":{"Medium":{"Male":{"raw":41.0,"perc":80.3921568627451,"total":51.0},"Not-Specified":{"raw":5.0,"perc":9.8039215686274517,"total":51.0},"Female":{"raw":5.0,"perc":9.8039215686274517,"total":51.0}},"Strong":{"Male":{"raw":24.0,"perc":92.3076923076923,"total":26.0},"Female":{"raw":2.0,"perc":7.6923076923076925,"total":26.0}},"Extreme":{"Male":{"raw":3.0,"perc":100.0,"total":3.0}}},"OBE":{"Medium":{"Male":{"raw":17.0,"perc":89.473684210526315,"total":19.0},"Not-Specified":{"raw":1.0,"perc":5.2631578947368416,"total":19.0},"Female":{"raw":1.0,"perc":5.2631578947368416,"total":19.0}},"Extreme":{"Male":{"raw":9.0,"perc":81.818181818181827,"total":11.0},"Female":{"raw":2.0,"perc":18.181818181818183,"total":11.0}},"Strong":{"Male":{"raw":22.0,"perc":88.0,"total":25.0},"Not-Specified":{"raw":2.0,"perc":8.0,"total":25.0},"Female":{"raw":1.0,"perc":4.0,"total":25.0}}},"Ritual":{"Medium":{"Male":{"raw":15.0,"perc":93.75,"total":16.0},"Female":{"raw":1.0,"perc":6.25,"total":16.0}},"Strong":{"Not-Specified":{"raw":1.0,"perc":8.3333333333333321,"total":12.0},"Male":{"raw":8.0,"perc":66.666666666666657,"total":12.0},"Female":{"raw":3.0,"perc":25.0,"total":12.0}}},"Breathing":{"Medium":{"Male":{"raw":13.0,"perc":92.857142857142861,"total":14.0},"Not-Specified":{"raw":1.0,"perc":7.1428571428571423,"total":14.0}},"Strong":{"Male":{"raw":9.0,"perc":90.0,"total":10.0},"Female":{"raw":1.0,"perc":10.0,"total":10.0}},"Extreme":{"Male":{"raw":1.0,"perc":100.0,"total":1.0}}},"Hyperventilation":{"Medium":{"Male":{"raw":6.0,"perc":85.714285714285708,"total":7.0},"Not-Specified":{"raw":1.0,"perc":14.285714285714285,"total":7.0}},"Strong":{"Male":{"raw":3.0,"perc":100.0,"total":3.0}}},"Migraines":{"Medium":{"Female":{"raw":2.0,"perc":14.285714285714285,"total":14.0},"Male":{"raw":9.0,"perc":64.285714285714292,"total":14.0},"Not-Specified":{"raw":3.0,"perc":21.428571428571427,"total":14.0}},"Strong":{"Female":{"raw":2.0,"perc":33.333333333333329,"total":6.0},"Male":{"raw":4.0,"perc":66.666666666666657,"total":6.0}}},"Fasting":{"Medium":{"Male":{"raw":10.0,"perc":83.333333333333343,"total":12.0},"Not-Specified":{"raw":1.0,"perc":8.3333333333333321,"total":12.0},"Female":{"raw":1.0,"perc":8.3333333333333321,"total":12.0}},"Strong":{"Male":{"raw":5.0,"perc":100.0,"total":5.0}},"Extreme":{"Male":{"raw":1.0,"perc":100.0,"total":1.0}}},"Guiding":{"Medium":{"Male":{"raw":2.0,"perc":66.666666666666657,"total":3.0},"Female":{"raw":1.0,"perc":33.333333333333329,"total":3.0}}},"Nitrogen Narcosis":{"Medium":{"Male":{"raw":2.0,"perc":100.0,"total":2.0}},"Strong":{"Male":{"raw":1.0,"perc":100.0,"total":1.0}}},"Yoga / Bodywork":{"Strong":{"Male":{"raw":10.0,"perc":76.923076923076934,"total":13.0},"Female":{"raw":3.0,"perc":23.076923076923077,"total":13.0}},"Medium":{"Male":{"raw":15.0,"perc":75.0,"total":20.0},"Not-Specified":{"raw":2.0,"perc":10.0,"total":20.0},"Female":{"raw":3.0,"perc":15.0,"total":20.0}},"No Effect":{"Female":{"raw":1.0,"perc":100.0,"total":1.0}}},"Floatation Tank":{"Medium":{"Male":{"raw":3.0,"perc":75.0,"total":4.0},"Not-Specified":{"raw":1.0,"perc":25.0,"total":4.0}},"Strong":{"Male":{"raw":1.0,"perc":100.0,"total":1.0}}},"Devices":{"Extreme":{"Male":{"raw":1.0,"perc":100.0,"total":1.0}},"Strong":{"Male":{"raw":6.0,"perc":85.714285714285708,"total":7.0},"Not-Specified":{"raw":1.0,"perc":14.285714285714285,"total":7.0}},"Medium":{"Male":{"raw":13.0,"perc":81.25,"total":16.0},"Female":{"raw":3.0,"perc":18.75,"total":16.0}},"No Effect":{"Male":{"raw":1.0,"perc":100.0,"total":1.0}}},"Devices - Mind Machine":{"Strong":{"Male":{"raw":5.0,"perc":100.0,"total":5.0}},"Medium":{"Male":{"raw":9.0,"perc":81.818181818181827,"total":11.0},"Female":{"raw":2.0,"perc":18.181818181818183,"total":11.0}}},"Mindfulness":{"Medium":{"Male":{"raw":4.0,"perc":80.0,"total":5.0},"Female":{"raw":1.0,"perc":20.0,"total":5.0}},"Extreme":{"Male":{"raw":2.0,"perc":100.0,"total":2.0}},"Strong":{"Male":{"raw":1.0,"perc":50.0,"total":2.0},"Female":{"raw":1.0,"perc":50.0,"total":2.0}}},"Devices - Magnetic":{"No Effect":{"Male":{"raw":1.0,"perc":100.0,"total":1.0}}},"Sweating":{"Strong":{"Male":{"raw":3.0,"perc":100.0,"total":3.0}},"Medium":{"Female":{"raw":1.0,"perc":25.0,"total":4.0},"Male":{"raw":3.0,"perc":75.0,"total":4.0}}},"Conferences":{"Extreme":{"Male":{"raw":1.0,"perc":100.0,"total":1.0}},"Medium":{"Male":{"raw":2.0,"perc":22.222222222222221,"total":9.0},"Not-Specified":{"raw":7.0,"perc":77.777777777777786,"total":9.0}},"Strong":{"Female":{"raw":2.0,"perc":50.0,"total":4.0},"Not-Specified":{"raw":1.0,"perc":25.0,"total":4.0},"Male":{"raw":1.0,"perc":25.0,"total":4.0}},"No Effect":{"Not-Specified":{"raw":2.0,"perc":100.0,"total":2.0}}},"Chanting":{"Strong":{"Male":{"raw":1.0,"perc":100.0,"total":1.0}},"Medium":{"Male":{"raw":1.0,"perc":100.0,"total":1.0}}},"Humor":{"Strong":{"Male":{"raw":2.0,"perc":100.0,"total":2.0}},"Extreme":{"Male":{"raw":1.0,"perc":100.0,"total":1.0}},"Medium":{"Male":{"raw":1.0,"perc":100.0,"total":1.0}}},"Music":{"Extreme":{"Male":{"raw":1.0,"perc":100.0,"total":1.0}},"Medium":{"Male":{"raw":3.0,"perc":100.0,"total":3.0}},"Strong":{"Male":{"raw":1.0,"perc":100.0,"total":1.0}}},